-- phpMyAdmin SQL Dump
-- version 5.1.1deb5ubuntu1
-- https://www.phpmyadmin.net/
--
-- Host: localhost:3306
-- Generation Time: Oct 23, 2024 at 05:40 AM
-- Server version: 8.0.39-0ubuntu0.22.04.1
-- PHP Version: 8.1.2-1ubuntu2.18

SET SQL_MODE = "NO_AUTO_VALUE_ON_ZERO";
START TRANSACTION;
SET time_zone = "+00:00";


/*!40101 SET @OLD_CHARACTER_SET_CLIENT=@@CHARACTER_SET_CLIENT */;
/*!40101 SET @OLD_CHARACTER_SET_RESULTS=@@CHARACTER_SET_RESULTS */;
/*!40101 SET @OLD_COLLATION_CONNECTION=@@COLLATION_CONNECTION */;
/*!40101 SET NAMES utf8mb4 */;

--
-- Database: `musicforum1`
--

-- --------------------------------------------------------

--
-- Table structure for table `account_blocked_user`
--

CREATE TABLE `account_blocked_user` (
  `id` int NOT NULL,
  `blocked_by_id` int NOT NULL,
  `blocked_user_id` int NOT NULL
) ENGINE=InnoDB DEFAULT CHARSET=utf8mb4 COLLATE=utf8mb4_0900_ai_ci;

--
-- Dumping data for table `account_blocked_user`
--

INSERT INTO `account_blocked_user` (`id`, `blocked_by_id`, `blocked_user_id`) VALUES
(6, 62, 65);

-- --------------------------------------------------------

--
-- Table structure for table `account_chat`
--

CREATE TABLE `account_chat` (
  `id` int NOT NULL,
  `date` datetime(6) NOT NULL,
  `message` longtext NOT NULL,
  `unread` tinyint(1) NOT NULL,
  `m_file` varchar(100) DEFAULT NULL,
  `conversation_id` int DEFAULT NULL,
  `sender_id` int NOT NULL
) ENGINE=InnoDB DEFAULT CHARSET=utf8mb4 COLLATE=utf8mb4_0900_ai_ci;

--
-- Dumping data for table `account_chat`
--

INSERT INTO `account_chat` (`id`, `date`, `message`, `unread`, `m_file`, `conversation_id`, `sender_id`) VALUES
(76, '2023-08-08 10:48:49.595710', 'Hi Hello', 1, '', 18, 62),
(77, '2023-08-08 12:33:37.669856', 'There are many variations of passages of Lorem Ipsum available, but the majority have suffered alteration in some form, by injected humour, or randomised words which don\'t look even slightly believable. If you are going to use a passage of Lorem Ipsum, you need to be sure there isn\'t anything embarrassing hidden in the middle of text. All the Lorem Ipsum generators on the Internet tend to repeat predefined chunks as necessary, making this the first true generator on the Internet. It uses a dictionary of over 200 Latin words, combined with a handful of model sentence structures, to generate Lorem Ipsum which looks reasonable. The generated Lorem Ipsum is therefore always free from repetition, injected humour, or non-characteristic words etc.', 1, '', 19, 62),
(79, '2023-08-08 13:49:34.250503', 'It is a long established fact that a reader will be distracted by the readable content of a page when looking at its layout. The point of using Lorem Ipsum is that it has a more-or-less normal distribution of letters, as opposed to using \'Content here, content here\', making it look like readable English. Many desktop publishing packages and web page editors now use Lorem Ipsum as their default model text, and a search for \'lorem ipsum\' will uncover many web sites still in their infancy. Various versions have evolved over the years, sometimes by accident, sometimes on purpose (injected humour and the like).', 0, '', 20, 62),
(80, '2023-08-08 14:58:51.054464', 'hii\r\n', 1, '', 18, 62),
(81, '2023-08-31 18:36:35.472967', 'hi \r\n', 0, '', 20, 62),
(82, '2023-08-31 18:37:00.339805', 'Hello \r\n', 0, '', 20, 62),
(83, '2023-09-13 12:02:43.010843', 'hi', 0, '', 21, 72),
(84, '2023-09-27 10:27:48.472979', 'Hi, how may I help you?!', 1, '', 21, 65),
(85, '2023-10-16 14:22:06.425797', 'hii\r\n', 0, '', 20, 62),
(86, '2023-11-18 09:12:31.755467', 'hii', 0, '', 20, 65),
(87, '2023-11-18 09:13:28.631130', '\r\n\r\n\r\n\r\n\r\n\r\n\r\n\r\n', 0, '', 20, 65),
(88, '2023-11-20 14:11:07.454016', 'hello', 0, '', 20, 65),
(89, '2023-11-21 17:02:50.347641', 'welcome', 0, '', 20, 65),
(90, '2023-11-21 17:47:08.621139', 'hii', 1, '', 21, 65),
(91, '2023-11-23 15:19:52.399872', 'bnbn', 1, '', 21, 65),
(93, '2023-12-02 12:01:21.221916', 'tttttt', 0, '', 20, 65),
(94, '2023-12-02 12:17:24.678769', 'hii', 0, '', 20, 65),
(95, '2023-12-02 12:17:32.150820', 'welcome', 0, '', 20, 65),
(97, '2023-12-02 12:22:15.087847', 'hii ', 1, '', 21, 65),
(98, '2023-12-02 12:23:21.440178', 'working ', 1, '', 21, 65),
(99, '2023-12-02 14:14:11.563612', 'tttttt', 0, '', 20, 65),
(100, '2023-12-02 17:28:19.615278', 'hii', 0, '', 20, 65),
(101, '2023-12-05 11:45:08.048213', 'hello', 0, '', 20, 65),
(102, '2023-12-07 10:40:02.506673', 'vjj', 0, '', 20, 65),
(103, '2023-12-07 14:24:48.076353', 'hii', 0, '', 20, 65),
(104, '2023-12-09 15:22:09.672537', 'welcome', 0, '', 20, 65),
(105, '2023-12-11 17:03:09.944106', 'welcome buddy', 1, '', 18, 62),
(106, '2023-12-12 09:55:45.106624', 'This is tested by uma sangavi', 0, '', 20, 62),
(107, '2023-12-12 09:58:29.187821', 'tested by madhan', 0, '', 20, 62),
(108, '2023-12-12 10:15:19.087182', 'yes', 0, '', 20, 65),
(109, '2023-12-12 10:15:48.267307', 'hii', 1, '', 21, 65),
(110, '2023-12-12 10:22:42.081532', 'hii', 1, '', 21, 65),
(111, '2023-12-12 10:22:48.541893', 'welcome', 1, '', 21, 65),
(112, '2023-12-12 10:23:00.806743', 'new message', 0, '', 20, 65),
(113, '2023-12-12 10:43:53.676215', 'hii', 1, '', 21, 65),
(115, '2023-12-12 10:51:53.574898', 'Helllllllooo', 1, '', 18, 62),
(116, '2023-12-12 10:56:56.726049', 'Helllllllooo', 0, '', 20, 62),
(117, '2023-12-12 11:00:44.262670', 'hii', 0, '', 20, 65),
(118, '2023-12-12 11:02:24.115218', 'done ', 0, '', 20, 65),
(119, '2023-12-12 18:09:21.514305', 'hii buddy', 0, '', 20, 62),
(120, '2023-12-12 18:09:28.340128', 'new user', 0, '', 20, 62),
(121, '2023-12-13 10:42:03.015024', 'hii', 1, '', 23, 65),
(122, '2023-12-13 10:43:31.832142', 'welcome', 1, '', 24, 65),
(123, '2023-12-14 10:15:39.119380', 'new', 1, '', 23, 65),
(124, '2023-12-14 10:25:21.370836', 'hii', 1, '', 18, 62),
(125, '2023-12-15 10:40:58.729381', 'new messages ', 0, '', 20, 65),
(126, '2023-12-15 14:41:26.967248', 'hii', 0, '', 20, 65),
(127, '2023-12-15 14:43:42.064676', 'hii', 0, '', 20, 65),
(128, '2023-12-15 15:30:59.958491', 'Helllllllooollll', 1, '', 25, 62),
(129, '2023-12-15 15:31:25.065644', 'Helllllllooollll', 1, '', 26, 65),
(130, '2023-12-15 15:31:38.395562', 'Helllllllooollll', 1, '', 26, 65),
(131, '2023-12-15 15:33:06.792935', 'Helllllllooollll', 1, '', 26, 65),
(132, '2023-12-18 13:54:27.392138', 'hiii indu!! how you?', 0, '', 27, 3365),
(133, '2023-12-18 13:54:42.893266', 'how you doing?', 0, '', 27, 3365),
(134, '2023-12-18 14:39:44.565963', 'Hi priya!!! This is uma', 0, '', 28, 3351),
(135, '2023-12-18 14:40:15.465718', 'hiii indu!! This is uma', 0, '', 29, 3351),
(136, '2023-12-18 14:41:04.120117', 'hii vignesh!!!..This is uma', 0, '', 30, 3351),
(137, '2023-12-18 14:42:54.711833', 'Hii uma!! how you?', 0, '', 29, 65),
(138, '2023-12-18 14:44:42.024743', 'Hii priya !!Im good\r\n', 0, '', 27, 65),
(139, '2023-12-18 14:47:11.224988', 'Hii uma!!!!', 0, '', 28, 3365),
(140, '2023-12-18 14:58:07.874145', 'hii uma\r\n', 0, '', 30, 62),
(141, '2023-12-18 15:07:57.426368', 'Im having doubts regarding events! could you clear me', 0, '', 20, 62),
(142, '2023-12-18 15:53:52.392696', 'Hii vignesh!! This is priya', 0, '', 31, 3365),
(143, '2023-12-18 15:54:34.168501', 'hii priya!!\r\n', 0, '', 31, 62),
(144, '2023-12-18 17:25:37.131444', 'Good indu', 0, '', 29, 3351),
(145, '2023-12-18 17:27:33.890050', 'hii indu', 1, '', 23, 65),
(146, '2023-12-18 17:28:05.624550', 'hii indu', 1, '', 21, 65),
(147, '2023-12-19 09:18:59.470881', 'Hello madhan', 1, '', 18, 62),
(148, '2023-12-19 11:30:23.511748', 'test', 1, '', 18, 62),
(149, '2023-12-19 11:30:25.265022', 'test', 1, '', 18, 62),
(150, '2023-12-19 11:30:25.805538', 'test', 1, '', 18, 62),
(151, '2023-12-19 11:30:26.231520', 'test', 1, '', 18, 62),
(152, '2023-12-19 11:30:26.636151', 'test', 1, '', 18, 62),
(153, '2023-12-19 11:30:26.989256', 'test', 1, '', 18, 62),
(154, '2023-12-19 11:30:27.214457', 'test', 1, '', 18, 62),
(155, '2023-12-19 11:30:27.418502', 'test', 1, '', 18, 62),
(156, '2023-12-19 11:30:39.400731', 'Hello madhan', 1, '', 18, 62),
(157, '2023-12-19 11:30:53.224619', 'test', 1, '', 18, 62),
(158, '2023-12-19 11:35:21.545668', 'testing ', 1, '', 18, 62),
(159, '2023-12-19 11:36:09.723078', 'hii', 1, '', 31, 62),
(160, '2023-12-19 11:36:44.785989', 'welcome', 1, '', 31, 62),
(161, '2023-12-19 11:36:56.025533', 'testing msg', 1, '', 31, 62),
(162, '2023-12-19 11:39:54.710006', 'working ', 1, '', 29, 65),
(163, '2023-12-19 11:40:36.866858', 'hii', 1, '', 28, 3365),
(164, '2023-12-19 14:29:10.600835', 'yes', 1, '', 18, 62),
(165, '2023-12-19 15:06:39.515991', 'hii', 1, '', 28, 3351),
(166, '2023-12-19 15:06:47.852778', 'hii', 0, '', 30, 3351),
(167, '2023-12-19 21:01:55.658447', 'hyyyy', 1, '', 18, 62),
(168, '2023-12-19 21:01:55.716374', 'hyyyy', 1, '', 18, 62),
(169, '2023-12-19 21:01:56.194262', 'hyyyy', 1, '', 18, 62),
(170, '2023-12-19 21:02:27.978551', 'Hello', 1, '', 19, 62),
(171, '2023-12-19 21:35:16.008753', 'ask Vignesh ', 0, '', 20, 65),
(172, '2023-12-20 09:50:52.547887', 'test', 1, '', 23, 65),
(173, '2023-12-20 10:14:46.752888', 'hii', 1, '', 30, 62),
(174, '2023-12-20 10:33:29.194694', 'hii', 1, '', 25, 62),
(175, '2023-12-20 10:56:38.534362', 'hii vignesh', 1, '', 30, 62),
(176, '2023-12-20 13:30:05.871617', 'hii uma', 1, '', 28, 3365),
(177, '2023-12-20 15:32:01.298473', 'hii', 0, '', 20, 65),
(178, '2023-12-29 10:39:08.223298', 'Hii', 1, '', 21, 65),
(179, '2023-12-30 11:01:03.316230', 'hii bro', 0, '', 20, 65),
(180, '2023-12-30 11:35:49.907357', 'test', 1, '', 23, 65),
(181, '2023-12-30 12:57:18.637486', 'test', 1, '', 19, 62),
(182, '2023-12-30 14:26:46.922449', 'test', 0, '', 31, 3365),
(183, '2023-12-31 19:00:28.780712', 'test', 1, '', 19, 62),
(184, '2024-01-02 17:09:57.440052', 'hiii', 1, '', 18, 62),
(185, '2024-01-03 16:14:45.922963', 'hii', 0, '', 20, 65),
(186, '2024-01-05 12:46:33.014532', 'hii\r\n', 0, '', 20, 62),
(187, '2024-01-05 14:52:20.695635', 'hello', 0, '', 20, 65),
(188, '2024-01-05 17:16:07.908723', 'Helo', 1, '', 18, 62),
(189, '2024-01-12 09:30:19.792221', 'test', 1, '', 31, 62),
(190, '2024-01-18 09:51:59.396454', 'hii', 0, '', 30, 3351),
(191, '2024-01-18 09:55:49.554647', 'hii', 0, '', 20, 65),
(192, '2024-01-22 09:46:18.388337', 'hii', 0, '', 29, 3351),
(193, '2024-01-22 11:32:56.633060', 'well', 0, '', 20, 65),
(194, '2024-08-06 09:49:09.031540', 'hii', 1, '', 30, 62),
(195, '2024-08-06 09:49:30.401329', 'hii', 1, '', 18, 62),
(196, '2024-08-07 12:21:44.499138', 'nice', 0, '', 20, 65),
(197, '2024-08-08 09:49:34.718191', 'Nice', 0, '', 30, 3351),
(198, '2024-08-08 09:49:45.837657', 'welcome', 0, '', 30, 3351),
(199, '2024-08-08 11:53:31.677869', 'hiii', 0, '', 20, 65),
(200, '2024-08-08 11:53:48.344813', 'leo', 0, '', 20, 65),
(201, '2024-08-08 11:54:03.150686', 'no data', 1, '', 21, 65),
(202, '2024-08-08 11:58:34.652969', 'working ', 0, '', 27, 3365),
(203, '2024-08-09 11:23:11.876818', 'hello', 1, '', 29, 65),
(204, '2024-08-10 11:51:48.058428', 'sample message', 0, '', 20, 62),
(205, '2024-08-10 15:08:49.913034', 'hello', 0, '', 27, 3365),
(206, '2024-08-10 17:17:14.412098', 'sample', 0, '', 20, 65),
(207, '2024-08-19 17:33:57.656895', 'hii', 0, '', 31, 3365),
(208, '2024-08-20 10:16:20.501969', 'nice', 0, '', 29, 3351),
(209, '2024-08-20 10:34:36.785777', 'hii', 0, '', 20, 62),
(210, '2024-08-20 10:36:47.631714', 'hii', 1, '', 31, 62),
(211, '2024-08-22 14:27:45.766428', 'hi', 1, '', 31, 62),
(212, '2024-08-22 14:28:05.838092', 'hi', 1, '', 18, 62),
(213, '2024-08-22 14:33:15.045869', 'zbdhdh', 1, '', 31, 62),
(214, '2024-08-23 11:08:15.505633', 'jkgjkr', 0, '', 20, 65),
(215, '2024-08-23 11:08:32.682739', 'rgr', 0, '', 20, 65),
(216, '2024-08-23 11:09:28.235450', 'hdbdndnd', 0, '', 20, 65),
(217, '2024-08-23 11:09:33.214435', 'bxbx', 0, '', 20, 65),
(218, '2024-08-23 11:09:37.934829', 'bzbxbx', 0, '', 20, 65),
(219, '2024-08-23 11:11:21.193638', 'vjj', 0, '', 20, 65),
(220, '2024-08-23 16:12:21.230706', 'vdbbd', 0, '', 30, 3351),
(221, '2024-08-23 16:15:38.719704', 'working', 0, '', 20, 65),
(222, '2024-08-23 16:49:33.386659', 'abcd', 0, '', 20, 65),
(223, '2024-08-31 15:48:13.331408', 'ffgg', 0, '', 27, 3365),
(224, '2024-08-31 15:48:52.309962', 'fffyyyyfffffffff', 0, '', 27, 3365),
(225, '2024-08-31 15:54:46.103615', 'hvsbsbs', 1, '', 28, 3365);

-- --------------------------------------------------------

--
-- Table structure for table `account_conversation`
--

CREATE TABLE `account_conversation` (
  `id` int NOT NULL,
  `date` datetime(6) NOT NULL,
  `receiver_id` int NOT NULL,
  `sender_id` int NOT NULL
) ENGINE=InnoDB DEFAULT CHARSET=utf8mb4 COLLATE=utf8mb4_0900_ai_ci;

--
-- Dumping data for table `account_conversation`
--

INSERT INTO `account_conversation` (`id`, `date`, `receiver_id`, `sender_id`) VALUES
(18, '2024-08-22 14:28:05.833138', 64, 62),
(19, '2023-12-31 19:00:28.771546', 63, 62),
(20, '2024-08-23 16:49:33.381625', 65, 62),
(21, '2024-08-08 11:54:03.145745', 65, 72),
(23, '2023-12-30 11:35:49.895357', 247, 65),
(24, '2023-12-13 10:43:31.828563', 248, 65),
(25, '2023-12-20 10:33:29.190578', 67, 62),
(26, '2023-12-15 15:33:06.787998', 67, 65),
(27, '2024-08-31 15:48:52.304531', 65, 3365),
(28, '2024-08-31 15:54:46.097556', 3365, 3351),
(29, '2024-08-20 10:16:20.497862', 65, 3351),
(30, '2024-08-23 16:12:21.218527', 62, 3351),
(31, '2024-08-22 14:33:15.042053', 62, 3365);

-- --------------------------------------------------------

--
-- Table structure for table `account_course`
--

CREATE TABLE `account_course` (
  `id` int NOT NULL,
  `topic` varchar(100) NOT NULL,
  `age_limit` int UNSIGNED NOT NULL,
  `overview` longtext NOT NULL,
  `prerequisite` longtext NOT NULL,
  `learning_outcome` longtext NOT NULL,
  `others` longtext NOT NULL,
  `gurukulam_id` int NOT NULL
) ENGINE=InnoDB DEFAULT CHARSET=utf8mb4 COLLATE=utf8mb4_0900_ai_ci;

-- --------------------------------------------------------

--
-- Table structure for table `account_event_organizer`
--

CREATE TABLE `account_event_organizer` (
  `id` int NOT NULL,
  `about_us` longtext NOT NULL,
  `user_id` int NOT NULL,
  `website` varchar(200) DEFAULT NULL
) ENGINE=InnoDB DEFAULT CHARSET=utf8mb4 COLLATE=utf8mb4_0900_ai_ci;

--
-- Dumping data for table `account_event_organizer`
--

INSERT INTO `account_event_organizer` (`id`, `about_us`, `user_id`, `website`) VALUES
(3, 'tetsing', 65, NULL),
(4, '', 71, NULL),
(5, 'Event organizer', 72, NULL),
(6, 'event organizer', 74, NULL),
(8, '', 3300, NULL),
(9, '', 3344, NULL),
(10, '', 3345, NULL),
(11, '', 3347, NULL),
(12, '', 3384, NULL),
(13, 'Testing', 3397, NULL),
(14, 'testing', 3398, NULL),
(15, '', 3400, NULL),
(16, 'test', 3401, NULL);

-- --------------------------------------------------------

--
-- Table structure for table `account_event_organizer_highlight`
--

CREATE TABLE `account_event_organizer_highlight` (
  `id` int NOT NULL,
  `title` varchar(100) NOT NULL,
  `video_link` varchar(200) NOT NULL,
  `event_organizer_id` int NOT NULL
) ENGINE=InnoDB DEFAULT CHARSET=utf8mb4 COLLATE=utf8mb4_0900_ai_ci;

-- --------------------------------------------------------

--
-- Table structure for table `account_event_organizer_highlight_highlight_category`
--

CREATE TABLE `account_event_organizer_highlight_highlight_category` (
  `id` int NOT NULL,
  `event_organizer_highlight_id` int NOT NULL,
  `highlight_category_id` int NOT NULL
) ENGINE=InnoDB DEFAULT CHARSET=utf8mb4 COLLATE=utf8mb4_0900_ai_ci;

-- --------------------------------------------------------

--
-- Table structure for table `account_event_performer`
--

CREATE TABLE `account_event_performer` (
  `id` int NOT NULL,
  `status` varchar(1) NOT NULL,
  `event_organizer_id` int NOT NULL,
  `musician_id` int DEFAULT NULL,
  `troupe_id` int DEFAULT NULL
) ENGINE=InnoDB DEFAULT CHARSET=utf8mb4 COLLATE=utf8mb4_0900_ai_ci;

--
-- Dumping data for table `account_event_performer`
--

INSERT INTO `account_event_performer` (`id`, `status`, `event_organizer_id`, `musician_id`, `troupe_id`) VALUES
(53, 'A', 3, 54, NULL),
(56, 'A', 3, 89, 24),
(69, 'A', 3, 96, NULL),
(70, 'A', 14, 92, NULL),
(71, 'A', 14, NULL, 28),
(72, 'A', 13, NULL, 29),
(73, 'A', 13, 91, NULL),
(74, 'A', 13, NULL, 28),
(76, 'A', 13, 95, 30),
(77, 'A', 13, 93, 29),
(78, 'A', 13, 92, NULL),
(87, 'A', 3, 121, NULL);

-- --------------------------------------------------------

--
-- Table structure for table `account_gurukulam`
--

CREATE TABLE `account_gurukulam` (
  `id` int NOT NULL,
  `phone_no` varchar(10) DEFAULT NULL,
  `about_us` longtext NOT NULL,
  `user_id` int NOT NULL,
  `website` varchar(200) DEFAULT NULL
) ENGINE=InnoDB DEFAULT CHARSET=utf8mb4 COLLATE=utf8mb4_0900_ai_ci;

--
-- Dumping data for table `account_gurukulam`
--

INSERT INTO `account_gurukulam` (`id`, `phone_no`, `about_us`, `user_id`, `website`) VALUES
(2, NULL, '', 77, NULL),
(3, '9597037618', 'A new band aspiring to awaken BSB in everybody.', 78, NULL),
(4, NULL, '', 82, NULL),
(115, NULL, '', 3190, 'https://mezzoschoolofmusic.in/'),
(116, NULL, '', 3191, 'https://gvsnadhalaya-music-academy.business.site/?utm_source=gmb&utm_medium=referral'),
(117, NULL, '', 3192, NULL),
(118, NULL, '', 3193, NULL),
(119, NULL, '', 3194, 'https://joel-music-school.business.site/#summary'),
(120, NULL, '', 3195, 'https://musiccastle.in/about-us-music-classes-madurai/'),
(121, NULL, '', 3196, NULL),
(122, NULL, '', 3197, 'https://star-academy-music-school.business.site/?utm_source=gmb&utm_medium=referral'),
(123, NULL, '', 3198, 'https://www.poorvanga.com/'),
(124, NULL, '', 3199, 'http://www.gibsonmusicacademy.in/'),
(125, NULL, '', 3200, NULL),
(126, NULL, '', 3201, 'https://isaiyugam.com/#'),
(127, NULL, '', 3202, NULL),
(128, NULL, '', 3203, 'https://www.justdial.com/Madurai/Riyalaya-Music-Academy-Surya-Nagar/0452PX452-X452-180507205510-S9N8_BZDET'),
(129, NULL, '', 3204, 'https://www.facebook.com/sirpiacademy'),
(130, NULL, '', 3205, 'https://saraswathi-sangeetha-vidyalaya.web.app/'),
(131, NULL, '', 3206, 'https://www.staronlinemusicacademy.com/'),
(132, NULL, '', 3207, 'https://acapellaschoolofmusic.business.site/'),
(133, NULL, '', 3208, 'https://www.absmusicschool.in/'),
(134, NULL, '', 3209, 'https://roysmusicacademy.com/'),
(135, NULL, '', 3210, 'https://www.facebook.com/linodacademy'),
(136, NULL, '', 3211, 'https://www.kmmc.in/'),
(137, NULL, '', 3212, 'https://sevennotes.in/'),
(138, NULL, '', 3213, 'http://www.nandanuschoolofmusic.in/'),
(139, NULL, '', 3214, 'http://www.stringsmusicacademy.in/contact.html'),
(140, NULL, '', 3215, 'https://www.britsmusicinstitute.com/'),
(141, NULL, '', 3216, 'https://www.tansenacademy.com/'),
(142, NULL, '', 3217, 'http://www.etudemusicschool.com/'),
(143, NULL, '', 3218, 'http://unwindcenter.org/school-music.htm'),
(144, NULL, '', 3219, 'https://divinemusicacademy.business.site/'),
(145, NULL, '', 3220, 'http://5octaves.in/'),
(146, NULL, '', 3221, 'http://idealacademy.in/'),
(147, NULL, '', 3222, 'https://chord-music-academy.business.site/?utm_source=gmb&utm_medium=referral#details'),
(148, NULL, '', 3223, 'http://www.alaapmusicacademy.com/'),
(149, NULL, '', 3224, 'https://www.shreemusicacademy.com/'),
(150, NULL, '', 3225, 'https://www.dadsonsmusicparadise.com/'),
(151, NULL, '', 3226, 'http://7tonesmusicinstitute.com/'),
(152, NULL, '', 3227, 'https://www.mathanschoolofmusic.com/'),
(153, NULL, '', 3228, 'http://crescendomusichouse.com/'),
(154, NULL, '', 3229, 'https://roymusicschool.com/'),
(155, NULL, '', 3230, 'https://artfibersindia.business.site/?utm_source=gmb&utm_medium=referral'),
(156, NULL, '', 3231, 'http://www.capeacademyofmusic.com/'),
(157, NULL, '', 3232, 'https://sites.google.com/view/david-school-of-music'),
(158, NULL, '', 3233, 'https://kdenz-music-academy.business.site/?utm_source=gmb&utm_medium=referral'),
(159, NULL, '', 3234, NULL),
(160, NULL, '', 3235, 'https://academy.cochinheros.com/courses.php'),
(161, NULL, '', 3236, 'https://www.seven-bells.com/about-us.html'),
(162, NULL, '', 3237, 'https://atharva-music-academy-ama.business.site/?utm_source=gmb&utm_medium=referral'),
(163, NULL, '', 3238, 'https://www.justdial.com/Coimbatore/Smrithi-Academy-Opposite-CMC-Dr-Jaganathan-Nagar-Peelamedu/'),
(164, NULL, '', 3239, 'https://padma-kalyani-music-school.business.site/'),
(165, NULL, '', 3240, 'https://rosiano-music-academy.business.site/'),
(166, NULL, '', 3241, 'https://www.indiamart.com/keerthanas-music-coimbatore/aboutus.html'),
(167, NULL, '', 3242, 'https://www.sangeetamusicacademy.com/'),
(168, NULL, '', 3243, 'http://www.crystavoxmusicspace.com/'),
(169, NULL, '', 3244, 'https://www.justdial.com/Tirunelveli/Richards-Guitar-Class-Near-Eagle-Book-Centre-Palayamkottai/'),
(170, NULL, '', 3245, 'https://www.thenibusiness.com/7-Notes-Music-Academy/Music-Classes-Theni/#Features'),
(171, NULL, '', 3246, 'https://www.trishanschool.com/'),
(172, NULL, '', 3247, 'https://sound-and-silence-music-academy.business.site/'),
(173, NULL, '', 3248, 'https://www.themusicschoolbangalore.com/'),
(174, NULL, '', 3249, 'https://www.arvischool.com/'),
(175, NULL, '', 3250, 'https://www.sangeetsadhana.org/'),
(176, NULL, '', 3251, 'https://business.google.com/v/360-degree-music-school/'),
(177, NULL, '', 3252, 'https://www.justdial.com/Coimbatore/Rajas-Music-Academy-Opp-to-Marudhamalai-Devasthana-High-School-Vadavalli'),
(178, NULL, '', 3253, 'http://www.gurubrahmamusicacademy.com/'),
(179, NULL, '', 3254, 'http://www.edypa.in/india/coimbatore/music-schools/prismone-music-academy'),
(180, NULL, '', 3255, 'http://www.coimbatoreculturalacademy.com/abouts/index.html'),
(181, NULL, '', 3256, 'http://zionmusicschool.com/about.html'),
(182, NULL, '', 3257, 'https://groovesmusic.business.site/#summary'),
(183, NULL, '', 3258, 'https://star-academy-music-school.business.site/?utm_source=gmb&utm_medium=referral'),
(184, NULL, '', 3259, 'https://isaiyugam.com/#'),
(185, NULL, '', 3260, 'https://joel-music-school.business.site/#summary'),
(186, NULL, '', 3261, 'http://www.sssvmadurai.com/'),
(187, NULL, '', 3262, 'https://angel-institute-of-music.business.site/?utm_source=gmb&utm_medium=referral'),
(188, NULL, '', 3263, 'https://gideon-rhythms-school-of-music.business.site/?utm_source=gmb&utm_medium=referral'),
(189, NULL, '', 3264, NULL),
(190, NULL, '', 3265, 'https://honeycomb-academy-school-of-music.business.site/?utm_source=gmb&utm_medium=referral'),
(191, NULL, '', 3266, 'https://www.justdial.com/Chennai/Galilee-Academy-Of-Music-Santhome-Mylapore/'),
(192, NULL, '', 3267, 'https://zaubee.com/biz/kalaimaamani-ms-martins-carnatic-keyboard-school-csj8w9ul'),
(193, NULL, '', 3268, 'https://www.justdial.com/Chennai/Rajasekaran-Academy-Of-Music-Near-Ambethkar-Memoriya-Hall-Raja-Annamalai-Puram/'),
(194, NULL, '', 3269, 'https://www.justdial.com/Chennai/SSI-School-Of-Music-Palaniappa-Nagar-Madhavaram/'),
(195, NULL, '', 3270, 'https://www.facebook.com/linodacademy'),
(196, NULL, '', 3271, 'https://www.kmmc.in/'),
(197, NULL, '', 3272, 'https://www.akiramusic.com/'),
(198, NULL, '', 3273, 'https://jvmusicschool.com/about/'),
(199, NULL, '', 3274, 'https://thesarigama.in/associates.php'),
(200, NULL, '', 3275, 'https://www.balalayam.com/about-us/'),
(201, NULL, '', 3276, 'https://www.srsom.org/about'),
(202, NULL, '', 3277, 'https://www.melomanemusicacademy.com/'),
(203, NULL, '', 3278, 'http://ragalaya.com/ragalaya-1'),
(204, NULL, '', 3279, 'https://www.facebook.com/elolammusicacdemy/'),
(205, NULL, '', 3280, 'https://www.tansenacademy.com/academy'),
(206, NULL, '', 3281, 'https://www.pavoindia.com/online-classes'),
(207, NULL, '', 3282, 'http://www.vibratoschoolofmusic.com/contact.html'),
(208, NULL, '', 3283, 'https://jaymusicacademy.com/'),
(209, NULL, '', 3284, 'https://kuzhal.co.in/#gsc.tab=0'),
(210, NULL, '', 3285, 'http://bilvamusic.com/contact-us.php'),
(211, NULL, '', 3286, 'https://www.msmpatasala.com/'),
(212, NULL, '', 3287, 'https://www.shreemusicacademy.com/kanchipuram#about-us'),
(213, NULL, '', 3288, 'https://rudhra-yazh-academy-of-music.business.site/?utm_source=gmb&utm_medium=referral'),
(214, NULL, '', 3289, 'https://www.victorymusicalacademy.com/contact/'),
(215, NULL, '', 3290, 'https://www.shapthaswarangal.com/'),
(216, NULL, '', 3291, 'https://yogesh-swara-academy.business.site/?utm_source=gmb&utm_medium=referral'),
(217, NULL, '', 3292, 'https://shine-school-of-music.business.site/'),
(218, NULL, '', 3293, 'https://nisaari-music-school-studios.business.site/'),
(219, NULL, '', 3294, 'https://music-class-in-pollachiudumalpet-home-tuition.business.site/'),
(220, NULL, '', 3295, 'http://www.ezhilanmusicgarden.in/'),
(221, NULL, '', 3296, 'https://master-piece-music-accademy.business.site/'),
(222, NULL, '', 3297, 'https://flourishsymphony.business.site/'),
(223, NULL, '', 3298, 'https://fermatamusicinstitute.com/contact-us/'),
(224, NULL, '', 3299, 'https://www.instagram.com/nellaisankarviolin/'),
(225, NULL, '', 3346, NULL),
(228, '9876543256', 'Best music school', 3351, NULL),
(229, NULL, 'dfhfjygjtg', 3369, NULL),
(230, NULL, '', 3373, NULL),
(231, NULL, 'ABCDEF', 3387, NULL),
(232, NULL, '', 3396, NULL);

-- --------------------------------------------------------

--
-- Table structure for table `account_gurukulam_award`
--

CREATE TABLE `account_gurukulam_award` (
  `id` int NOT NULL,
  `title` varchar(200) NOT NULL,
  `photo` varchar(100) NOT NULL,
  `gurukulam_id` int NOT NULL
) ENGINE=InnoDB DEFAULT CHARSET=utf8mb4 COLLATE=utf8mb4_0900_ai_ci;

--
-- Dumping data for table `account_gurukulam_award`
--

INSERT INTO `account_gurukulam_award` (`id`, `title`, `photo`, `gurukulam_id`) VALUES
(9, 'test sample', 'gurukulam/award/award_6jjGtd6.jpg', 228),
(10, 'testing', 'gurukulam/award/award_3TMlMsC.jpg', 228),
(13, 'best singer', 'gurukulam/award/award_ioeAFbU.jpg', 228),
(15, 'best trainer', 'gurukulam/award/award_1nigThY.jpg', 228);

-- --------------------------------------------------------

--
-- Table structure for table `account_gurukulam_skill`
--

CREATE TABLE `account_gurukulam_skill` (
  `id` int NOT NULL,
  `gurukulam_id` int NOT NULL,
  `skill_id` int NOT NULL
) ENGINE=InnoDB DEFAULT CHARSET=utf8mb4 COLLATE=utf8mb4_0900_ai_ci;

--
-- Dumping data for table `account_gurukulam_skill`
--

INSERT INTO `account_gurukulam_skill` (`id`, `gurukulam_id`, `skill_id`) VALUES
(17, 228, 10),
(18, 228, 12),
(25, 231, 5),
(26, 228, 11),
(28, 228, 11);

-- --------------------------------------------------------

--
-- Table structure for table `account_gurukulam_teacher`
--

CREATE TABLE `account_gurukulam_teacher` (
  `id` int NOT NULL,
  `status` varchar(1) DEFAULT NULL,
  `gurukulam_id` int NOT NULL,
  `musician_id` int NOT NULL,
  `sender_id` int DEFAULT NULL
) ENGINE=InnoDB DEFAULT CHARSET=utf8mb4 COLLATE=utf8mb4_0900_ai_ci;

--
-- Dumping data for table `account_gurukulam_teacher`
--

INSERT INTO `account_gurukulam_teacher` (`id`, `status`, `gurukulam_id`, `musician_id`, `sender_id`) VALUES
(23, 'A', 122, 54, 62),
(24, 'A', 116, 54, 62),
(26, 'A', 121, 54, 62),
(27, 'A', 122, 54, 62),
(28, 'A', 120, 113, 3383),
(32, 'A', 121, 54, 62),
(33, 'A', 124, 54, 62),
(34, 'A', 125, 54, 62),
(35, 'A', 126, 54, 62);

-- --------------------------------------------------------

--
-- Table structure for table `account_gurukulam_testimonial`
--

CREATE TABLE `account_gurukulam_testimonial` (
  `id` int NOT NULL,
  `testimonial` longtext NOT NULL,
  `gurukulam_id` int NOT NULL,
  `musician_id` int NOT NULL
) ENGINE=InnoDB DEFAULT CHARSET=utf8mb4 COLLATE=utf8mb4_0900_ai_ci;

-- --------------------------------------------------------

--
-- Table structure for table `account_highlight`
--

CREATE TABLE `account_highlight` (
  `id` int NOT NULL,
  `title` varchar(100) NOT NULL,
  `video_link` varchar(200) NOT NULL,
  `user_id` int NOT NULL,
  `description` longtext
) ENGINE=InnoDB DEFAULT CHARSET=utf8mb4 COLLATE=utf8mb4_0900_ai_ci;

--
-- Dumping data for table `account_highlight`
--

INSERT INTO `account_highlight` (`id`, `title`, `video_link`, `user_id`, `description`) VALUES
(23, 'Concerts', 'https://youtu.be/rcx0k453uUY?si=sxqZDxsxozCfuDDP', 62, 'Good performance'),
(28, 'Best Female Playback singer', 'https://www.youtube.com/watch?v=sazCsk8Xgq8', 62, 'The Filmfare Best Female Playback Singer Award is given by Indian film magazine Filmfare as a part of its annual Filmfare Awards for Hindi films, to recognise a Female playback singer who has delivered an outstanding performance in a film song.\\r\\n\\r\\nAlthough the Filmfare Awards started in 1954, awards for the best playback singer category started in 1959. From inception of the category through 1967, both the female and male singers used to compete for a single award, after which separate categories were created for female and male singers respectively.\"'),
(61, 'musical concerts', 'https://youtu.be/AA4W9kgaRcE?si=tjnpzR8K-tsIIyDm', 3365, 'concert'),
(68, 'concert samples', 'https://youtu.be/H29AdYaeLSo?si=rG_PiROQIRnl7N5k', 62, 'sample'),
(74, 'musics', 'https://youtu.be/H29AdYaeLSo?si=cgJrxM55xCrSREI7', 65, 'test'),
(77, 'test', 'https://insider.in/hiphop-tamizhas-return-of-the-dragon-machi-home-editon-live-in-coimbatore-sep8-2024/event', 3351, 'test'),
(78, 'The Virtuoso Guitarist', 'https://store.musicianlink.com/', 3383, 'a master of the six strings, has been captivating audiences worldwide with his mesmerizing guitar solos and innovative compositions. With a career spanning over two decades, John has released numerous critically acclaimed albums and collaborated with some of the biggest names in the music industry. Known for his unique blend of classical and modern styles, John\'s music transcends genres, offering something for every listener. Whether he\'s performing live on stage or recording in the studio, John\'s passion and talent shine through in every note.'),
(80, 'sample testing', 'https://youtube.com/shorts/9aeuJ3_6rNo?si=hXkZdXKGyi0F6aEP', 3351, 'sample'),
(95, 'BTS', 'https://youtube.com/shorts/GTtWCgwQ3lE?si=Iy-WbfADokfL_v3m', 3388, 'check this video'),
(96, 'New Event Joining', 'https://youtu.be/AA4W9kgaRcE?si=tjnpzR8K-tsIIyDm', 3365, 'Musci events');

-- --------------------------------------------------------

--
-- Table structure for table `account_highlight_category`
--

CREATE TABLE `account_highlight_category` (
  `id` int NOT NULL,
  `category_name` varchar(50) NOT NULL
) ENGINE=InnoDB DEFAULT CHARSET=utf8mb4 COLLATE=utf8mb4_0900_ai_ci;

-- --------------------------------------------------------

--
-- Table structure for table `account_key_performer`
--

CREATE TABLE `account_key_performer` (
  `id` int NOT NULL,
  `name` varchar(100) DEFAULT NULL,
  `profile_photo` varchar(100) NOT NULL,
  `status` varchar(1) DEFAULT NULL,
  `musician_id` int DEFAULT NULL,
  `troupe_id` int NOT NULL
) ENGINE=InnoDB DEFAULT CHARSET=utf8mb4 COLLATE=utf8mb4_0900_ai_ci;

--
-- Dumping data for table `account_key_performer`
--

INSERT INTO `account_key_performer` (`id`, `name`, `profile_photo`, `status`, `musician_id`, `troupe_id`) VALUES
(44, NULL, '', NULL, 89, 37),
(47, NULL, '', NULL, 60, 37);

-- --------------------------------------------------------

--
-- Table structure for table `account_lecture_video`
--

CREATE TABLE `account_lecture_video` (
  `id` int NOT NULL,
  `title` varchar(200) NOT NULL,
  `video` varchar(200) NOT NULL,
  `gurukulam_id` int NOT NULL
) ENGINE=InnoDB DEFAULT CHARSET=utf8mb4 COLLATE=utf8mb4_0900_ai_ci;

--
-- Dumping data for table `account_lecture_video`
--

INSERT INTO `account_lecture_video` (`id`, `title`, `video`, `gurukulam_id`) VALUES
(10, 'mysic concert', 'https://youtu.be/AA4W9kgaRcE?si=tjnpzR8K-tsIIyDm', 228),
(11, 'testing', 'https://youtu.be/H29AdYaeLSo?si=cgJrxM55xCrSRE', 228);

-- --------------------------------------------------------

--
-- Table structure for table `account_location`
--

CREATE TABLE `account_location` (
  `id` int NOT NULL,
  `name` varchar(254) NOT NULL
) ENGINE=InnoDB DEFAULT CHARSET=utf8mb4 COLLATE=utf8mb4_0900_ai_ci;

--
-- Dumping data for table `account_location`
--

INSERT INTO `account_location` (`id`, `name`) VALUES
(1, 'Coimbatore'),
(2, 'Erode'),
(3, 'Madurai'),
(4, 'Chennai'),
(6, 'Kanyakumari'),
(7, 'Thrissur'),
(8, 'Bangalore'),
(9, 'Dindigul'),
(10, 'Vellore'),
(11, 'Ooty'),
(12, 'Tirunelveli'),
(13, 'Theni'),
(14, 'Thiruvananthapuram'),
(16, 'Trichy'),
(17, 'Tiruppur'),
(20, 'Kanchipuram'),
(21, 'Pollachi'),
(22, 'Pondicherry');

-- --------------------------------------------------------

--
-- Table structure for table `account_musician`
--

CREATE TABLE `account_musician` (
  `id` int NOT NULL,
  `dob` date DEFAULT NULL,
  `gender` varchar(1) DEFAULT NULL,
  `profession` varchar(50) NOT NULL,
  `about_me` longtext NOT NULL,
  `user_id` int NOT NULL
) ENGINE=InnoDB DEFAULT CHARSET=utf8mb4 COLLATE=utf8mb4_0900_ai_ci;

--
-- Dumping data for table `account_musician`
--

INSERT INTO `account_musician` (`id`, `dob`, `gender`, `profession`, `about_me`, `user_id`) VALUES
(54, '2024-08-15', 'M', 'Musician', 'testing the app edit profile section', 62),
(55, NULL, 'M', 'Musician', 'Musician', 64),
(58, NULL, 'M', 'Musician', 'Musician', 73),
(59, NULL, 'M', 'Singer', 'There are many variations of passages of Lorem Ipsum available, but the majority have suffered alteration in some form, by injected humour, or randomised words which don\'t look even slightly believable. If you are going to use a passage of Lorem Ipsum, you need to be sure there isn\'t anything embarrassing hidden in the middle of text. All the Lorem Ipsum generators on the Internet tend to repeat predefined chunks as necessary, making this the first true generator on the Internet. It uses a dictionary of over 200 Latin words, combined with a handful of model sentence structures, to generate Lorem Ipsum which looks reasonable. The generated Lorem Ipsum is therefore always free from repetition, injected humour, or non-characteristic words etc.', 63),
(60, '2005-11-17', 'F', 'musician', 'hello', 79),
(86, NULL, 'M', 'MUSIC CLASSES, KEY BOARD CLASSES', 'MUSIC CLASSES, KEY BOARD CLASSES', 246),
(87, NULL, NULL, 'VOCAL, KEYBOARD, GUITAR.', '', 247),
(88, NULL, 'F', 'VOCAL CLASS', 'VOCAL CLASS', 248),
(89, NULL, NULL, 'VEENA', '', 249),
(90, NULL, NULL, 'VEENA ', '', 250),
(91, NULL, 'F', 'VEENAI', 'Musician', 251),
(92, NULL, NULL, 'VEENA', '', 252),
(93, NULL, NULL, 'VEENA', '', 253),
(94, NULL, 'F', 'VEENAI', 'heloo', 254),
(95, NULL, NULL, 'VEENAI', '', 255),
(96, NULL, NULL, 'VEENA', '', 256),
(97, NULL, NULL, 'VEENA', '', 257),
(98, NULL, NULL, 'INSTRUMENTS, KEYBOARD, GUITAR', '', 258),
(99, NULL, NULL, 'PIANO, KEYBOARD, GUITAR', '', 259),
(100, NULL, NULL, 'VOCAL, KEYBOARD, PIANO.', '', 260),
(101, NULL, NULL, 'GUITAR , KEYBOARD', '', 261),
(102, NULL, NULL, 'VIOLIN , GUITAR, KEYBOARD', '', 262),
(103, NULL, NULL, 'MUSIC CLASSES, KEY BOARD CLASSES', '', 263),
(104, NULL, NULL, 'MUSIC CLASS FOR VOCAL', '', 264),
(105, NULL, NULL, 'VIOLIN , GUITAR, KEYBOARD', '', 265),
(106, NULL, NULL, 'ALL MUSIC INSTRUMENTS', '', 266),
(107, NULL, NULL, 'FLUTE MUSIC CLASSS', '', 267),
(108, NULL, NULL, 'DIVOTIONAL, FILM, CARNATIC', '', 268),
(109, NULL, NULL, 'MUSIC INSTRUMENT, MUSIC VOCAL', '', 269),
(110, NULL, NULL, 'MUSIC CLASSES', '', 270),
(111, '1997-12-04', 'M', 'Developer', 'I am an front end developer who have ardent love towards guitar and flute.', 3340),
(112, NULL, 'M', 'Singer', 'Singer', 71),
(113, '2024-08-06', 'M', '', 'Am a musician', 3383),
(114, NULL, NULL, '', '', 3385),
(115, NULL, NULL, '', '', 3386),
(116, '2024-05-01', 'M', '', 'Musicians and singers play instruments or sing for live audiences and in recording studios. They perform a variety of genres, such as classical, jazz, and rock.', 3388),
(117, NULL, NULL, '', '', 3395),
(118, '2024-08-01', 'M', '', 'hiii. Welcome to my profile', 3402),
(119, NULL, NULL, '', '', 3403),
(120, '2024-08-28', 'F', '', 'good musician', 3405),
(121, NULL, NULL, '', '', 3406);

-- --------------------------------------------------------

--
-- Table structure for table `account_musician_award`
--

CREATE TABLE `account_musician_award` (
  `id` int NOT NULL,
  `title` varchar(100) NOT NULL,
  `image` varchar(100) DEFAULT NULL,
  `musician_id` int NOT NULL
) ENGINE=InnoDB DEFAULT CHARSET=utf8mb4 COLLATE=utf8mb4_0900_ai_ci;

--
-- Dumping data for table `account_musician_award`
--

INSERT INTO `account_musician_award` (`id`, `title`, `image`, `musician_id`) VALUES
(4, 'marakuma nenjam', 'musician_award/award_rHTuhJW.jpg', 54),
(7, 'Carnatic', 'musician_award/image_EbxgDXO.jpeg', 54),
(21, 'music', 'musician_award/award_ATnM29b.jpg', 54),
(25, 'testing', 'musician_award/award_kmWV9uH.jpg', 54),
(27, 'test', 'musician_award/award_MkH1DqU.jpg', 54),
(30, 'best schools', 'musician_award/award_jul3Cbf.jpg', 54),
(32, 'New Award of music', 'musician_award/award_czEKMkL.jpg', 113),
(37, 'best musician', 'musician_award/award_b4y0kqC.jpg', 116);

-- --------------------------------------------------------

--
-- Table structure for table `account_musician_gurukulam`
--

CREATE TABLE `account_musician_gurukulam` (
  `id` int NOT NULL,
  `status` varchar(1) DEFAULT NULL,
  `gurukulam_id` int NOT NULL,
  `musician_id` int NOT NULL,
  `sender_id` int DEFAULT NULL
) ENGINE=InnoDB DEFAULT CHARSET=utf8mb4 COLLATE=utf8mb4_0900_ai_ci;

--
-- Dumping data for table `account_musician_gurukulam`
--

INSERT INTO `account_musician_gurukulam` (`id`, `status`, `gurukulam_id`, `musician_id`, `sender_id`) VALUES
(26, 'S', 117, 54, NULL),
(27, 'S', 123, 54, NULL),
(30, 'S', 129, 113, NULL),
(33, 'S', 122, 116, NULL),
(35, 'S', 120, 54, NULL),
(36, 'S', 205, 116, NULL);

-- --------------------------------------------------------

--
-- Table structure for table `account_musician_highlight`
--

CREATE TABLE `account_musician_highlight` (
  `id` int NOT NULL,
  `title` varchar(100) NOT NULL,
  `video_link` varchar(200) NOT NULL,
  `musician_id` int NOT NULL
) ENGINE=InnoDB DEFAULT CHARSET=utf8mb4 COLLATE=utf8mb4_0900_ai_ci;

-- --------------------------------------------------------

--
-- Table structure for table `account_musician_highlight_highlight_category`
--

CREATE TABLE `account_musician_highlight_highlight_category` (
  `id` int NOT NULL,
  `musician_highlight_id` int NOT NULL,
  `highlight_category_id` int NOT NULL
) ENGINE=InnoDB DEFAULT CHARSET=utf8mb4 COLLATE=utf8mb4_0900_ai_ci;

-- --------------------------------------------------------

--
-- Table structure for table `account_musician_skill`
--

CREATE TABLE `account_musician_skill` (
  `id` int NOT NULL,
  `teach` tinyint(1) NOT NULL,
  `musician_id` int NOT NULL,
  `skill_id` int NOT NULL,
  `skill_level_id` int NOT NULL,
  `perform` tinyint(1) NOT NULL
) ENGINE=InnoDB DEFAULT CHARSET=utf8mb4 COLLATE=utf8mb4_0900_ai_ci;

--
-- Dumping data for table `account_musician_skill`
--

INSERT INTO `account_musician_skill` (`id`, `teach`, `musician_id`, `skill_id`, `skill_level_id`, `perform`) VALUES
(134, 1, 60, 5, 2, 1),
(135, 0, 89, 7, 2, 0),
(136, 0, 86, 6, 2, 0),
(137, 0, 91, 7, 2, 1),
(138, 0, 55, 9, 1, 0),
(139, 0, 55, 9, 1, 0),
(140, 0, 93, 12, 2, 0),
(151, 1, 54, 13, 2, 0),
(159, 0, 113, 11, 3, 1),
(163, 1, 116, 11, 1, 1),
(167, 1, 54, 10, 3, 0),
(168, 1, 54, 9, 1, 1),
(169, 1, 54, 13, 2, 0),
(171, 0, 116, 14, 3, 1);

-- --------------------------------------------------------

--
-- Table structure for table `account_music_lover`
--

CREATE TABLE `account_music_lover` (
  `id` int NOT NULL,
  `dob` date DEFAULT NULL,
  `gender` varchar(1) DEFAULT NULL,
  `user_id` int NOT NULL
) ENGINE=InnoDB DEFAULT CHARSET=utf8mb4 COLLATE=utf8mb4_0900_ai_ci;

--
-- Dumping data for table `account_music_lover`
--

INSERT INTO `account_music_lover` (`id`, `dob`, `gender`, `user_id`) VALUES
(1, '2002-02-03', 'M', 3378),
(2, NULL, NULL, 3379),
(3, '2003-01-20', 'M', 3380),
(4, NULL, NULL, 3382);

-- --------------------------------------------------------

--
-- Table structure for table `account_post`
--

CREATE TABLE `account_post` (
  `id` int NOT NULL,
  `content` longtext NOT NULL,
  `posted_on` datetime(6) NOT NULL,
  `likes` int UNSIGNED NOT NULL,
  `interest_id` int DEFAULT NULL,
  `invitation_id` int DEFAULT NULL,
  `location_id` int DEFAULT NULL,
  `user_id` int NOT NULL,
  `highlight_id` int DEFAULT NULL
) ENGINE=InnoDB DEFAULT CHARSET=utf8mb4 COLLATE=utf8mb4_0900_ai_ci;

--
-- Dumping data for table `account_post`
--

INSERT INTO `account_post` (`id`, `content`, `posted_on`, `likes`, `interest_id`, `invitation_id`, `location_id`, `user_id`, `highlight_id`) VALUES
(12, 'I am going to participate <a  href=\"/event_details/51/\">SAMPLE EVENT 1</a> <br> <img class=\"img-fluid\" src=\"http://padane.in/media/event_poster/event_1HxGeym.png\">', '2023-08-08 15:15:05.888983', 0, NULL, NULL, 1, 62, NULL),
(28, 'Good performance<br>Video Link: <a href=\"https://youtu.be/rcx0k453uUY?si=sxqZDxsxozCfuDDP\">Watch Video</a>', '2023-10-12 22:51:50.000329', 0, NULL, NULL, NULL, 62, 23),
(33, 'The Filmfare Best Female Playback Singer Award is given by Indian film magazine Filmfare as a part of its annual Filmfare Awards for Hindi films, to recognise a Female playback singer who has delivered an outstanding performance in a film song.\\r\\n\\r\\nAlthough the Filmfare Awards started in 1954, awards for the best playback singer category started in 1959. From inception of the category through 1967, both the female and male singers used to compete for a single award, after which separate categories were created for female and male singers respectively.\"<br>Video Link: <a href=\"https://www.youtube.com/watch?v=sazCsk8Xgq8\">Watch Video</a>', '2023-10-14 16:08:27.058815', 0, NULL, NULL, NULL, 62, 28),
(64, 'I am going to participate <a  href=\"/event_details/73/\">kaatrin mozhi</a> <br> <img class=\"img-fluid\" src=\"/media/event_poster/7788d5a6-f7b.png\">', '2023-12-11 09:49:10.153990', 0, NULL, NULL, 4, 62, NULL),
(69, 'concert<br>Video Link: <a href=\"https://youtu.be/AA4W9kgaRcE?si=tjnpzR8K-tsIIyDm\">Watch Video</a>', '2023-12-18 21:40:32.057406', 0, NULL, NULL, NULL, 3365, 61),
(70, 'I am going to participate <a  href=\"/event_details/59/\">MARAKKUMA NENJAM</a> <br> <img class=\"img-fluid\" src=\"/media/event_poster/event_8hJeZB9.jpg\">', '2023-12-19 12:21:58.260110', 0, NULL, NULL, 1, 62, NULL),
(77, 'sample<br>Video Link: <a href=\"https://youtu.be/H29AdYaeLSo?si=rG_PiROQIRnl7N5k\">Watch Video</a>', '2023-12-21 16:04:33.254198', 0, NULL, NULL, NULL, 62, 68),
(83, 'test<br>Video Link: <a href=\"https://youtu.be/H29AdYaeLSo?si=cgJrxM55xCrSREI7\">Watch Video</a>', '2023-12-30 16:37:22.295425', 0, NULL, NULL, NULL, 65, 74),
(86, 'I am going to participate <a  href=\"/event_details/168/\">test</a> <br> <img class=\"img-fluid\" src=\"/media/event_poster/event_aRsZxQJ.jpg\">', '2024-07-05 15:37:20.488537', 0, NULL, NULL, 10, 62, NULL),
(87, 'I am going to participate <a  href=\"/event_details/157/\">Flowers</a> <br> <img class=\"img-fluid\" src=\"/media/event_poster/event_NOhA9vV.jpg\">', '2024-07-05 15:38:50.181323', 0, NULL, NULL, 10, 62, NULL),
(88, 'test<br>Video Link: <a href=\"https://insider.in/hiphop-tamizhas-return-of-the-dragon-machi-home-editon-live-in-coimbatore-sep8-2024/event\">Watch Video</a>', '2024-08-07 12:31:13.779932', 0, NULL, NULL, NULL, 3351, 77),
(89, 'a master of the six strings, has been captivating audiences worldwide with his mesmerizing guitar solos and innovative compositions. With a career spanning over two decades, John has released numerous critically acclaimed albums and collaborated with some of the biggest names in the music industry. Known for his unique blend of classical and modern styles, John\'s music transcends genres, offering something for every listener. Whether he\'s performing live on stage or recording in the studio, John\'s passion and talent shine through in every note.<br>Video Link: <a href=\"https://store.musicianlink.com/\">Watch Video</a>', '2024-08-08 11:05:36.882772', 0, NULL, NULL, NULL, 3383, 78),
(91, 'sample<br>Video Link: <a href=\"https://youtube.com/shorts/9aeuJ3_6rNo?si=hXkZdXKGyi0F6aEP\">Watch Video</a>', '2024-08-08 12:12:22.100483', 0, NULL, NULL, NULL, 3351, 80),
(106, 'check this video<br>Video Link: <a href=\"https://youtube.com/shorts/GTtWCgwQ3lE?si=Iy-WbfADokfL_v3m\">Watch Video</a>', '2024-08-22 16:30:39.003988', 0, NULL, NULL, NULL, 3388, 95),
(107, 'Musci events<br>Video Link: <a href=\"https://youtu.be/AA4W9kgaRcE?si=tjnpzR8K-tsIIyDm\">Watch Video</a>', '2024-08-24 11:57:08.915020', 0, NULL, NULL, NULL, 3365, 96);

-- --------------------------------------------------------

--
-- Table structure for table `account_post_comment`
--

CREATE TABLE `account_post_comment` (
  `id` int NOT NULL,
  `comment` longtext NOT NULL,
  `commented_on` datetime(6) NOT NULL,
  `post_id` int NOT NULL,
  `user_id` int NOT NULL
) ENGINE=InnoDB DEFAULT CHARSET=utf8mb4 COLLATE=utf8mb4_0900_ai_ci;

--
-- Dumping data for table `account_post_comment`
--

INSERT INTO `account_post_comment` (`id`, `comment`, `commented_on`, `post_id`, `user_id`) VALUES
(17, 'Hello', '2023-10-19 13:51:11.184527', 33, 62),
(50, 'hey priya', '2023-12-19 20:50:18.852831', 69, 62),
(64, 'test', '2024-01-03 17:22:31.680172', 83, 65),
(71, 'hii', '2024-01-23 09:50:40.034317', 83, 62),
(73, 'hello', '2024-08-07 10:20:27.833056', 87, 65),
(75, 'hi', '2024-08-08 11:01:13.273883', 88, 65),
(76, 'hello', '2024-08-08 11:01:34.756957', 88, 65),
(80, 'Am musician', '2024-08-08 11:23:36.834678', 89, 3383),
(81, 'hii', '2024-08-08 11:57:41.104179', 69, 3351),
(86, 'hello', '2024-08-10 10:24:10.827127', 91, 65),
(88, 'nice', '2024-08-10 11:48:07.032970', 91, 62),
(109, '💥', '2024-08-22 16:34:35.227551', 106, 3401),
(110, '🎉', '2024-08-22 16:36:11.818167', 106, 65),
(112, '🎉', '2024-08-22 16:39:47.257949', 106, 3351),
(113, '🔥💯', '2024-08-22 16:41:02.868327', 106, 62),
(114, 'hii', '2024-08-23 12:56:29.399595', 12, 65),
(118, '❤️', '2024-08-31 09:17:53.348455', 70, 3351),
(119, '🤣🤣🤣', '2024-10-17 17:47:03.276561', 107, 62);

-- --------------------------------------------------------

--
-- Table structure for table `account_post_user_likes`
--

CREATE TABLE `account_post_user_likes` (
  `id` int NOT NULL,
  `post_id` int NOT NULL,
  `user_id` int NOT NULL
) ENGINE=InnoDB DEFAULT CHARSET=utf8mb4 COLLATE=utf8mb4_0900_ai_ci;

--
-- Dumping data for table `account_post_user_likes`
--

INSERT INTO `account_post_user_likes` (`id`, `post_id`, `user_id`) VALUES
(434, 12, 65),
(151, 28, 65),
(182, 33, 3351),
(177, 33, 3365),
(257, 64, 62),
(179, 64, 65),
(174, 64, 3365),
(240, 70, 65),
(440, 70, 3351),
(194, 70, 3365),
(247, 77, 62),
(239, 77, 65),
(323, 77, 3387),
(287, 83, 3365),
(324, 83, 3387),
(329, 86, 3387),
(264, 87, 3351),
(326, 87, 3387),
(327, 88, 3387),
(425, 89, 65),
(380, 89, 3365),
(269, 89, 3383),
(328, 89, 3387),
(443, 89, 3402),
(391, 91, 62),
(436, 91, 65),
(322, 91, 3387),
(420, 91, 3397),
(441, 91, 3402),
(432, 106, 62),
(453, 106, 65),
(431, 106, 3351),
(449, 106, 3365),
(429, 106, 3401),
(438, 106, 3405),
(447, 107, 3365),
(444, 107, 3402),
(437, 107, 3405);

-- --------------------------------------------------------

--
-- Table structure for table `account_reply`
--

CREATE TABLE `account_reply` (
  `id` int NOT NULL,
  `created` datetime(6) NOT NULL,
  `reply` longtext NOT NULL,
  `comment_id` int NOT NULL,
  `user_id` int DEFAULT NULL
) ENGINE=InnoDB DEFAULT CHARSET=utf8mb4 COLLATE=utf8mb4_0900_ai_ci;

-- --------------------------------------------------------

--
-- Table structure for table `account_report_people`
--

CREATE TABLE `account_report_people` (
  `id` int NOT NULL,
  `reported_on` date NOT NULL,
  `complaint` longtext NOT NULL,
  `report_file` varchar(100) NOT NULL,
  `is_active` tinyint(1) NOT NULL,
  `reported_by_id` int NOT NULL,
  `reported_user_id` int NOT NULL
) ENGINE=InnoDB DEFAULT CHARSET=utf8mb4 COLLATE=utf8mb4_0900_ai_ci;

--
-- Dumping data for table `account_report_people`
--

INSERT INTO `account_report_people` (`id`, `reported_on`, `complaint`, `report_file`, `is_active`, `reported_by_id`, `reported_user_id`) VALUES
(3, '2023-10-03', 'worst performer', '', 1, 62, 64),
(4, '2023-10-03', 'bad performer', '', 1, 62, 64),
(5, '2023-10-05', 'bad performer', '', 1, 62, 64),
(6, '2023-10-11', 'Poor', '', 1, 62, 66),
(7, '2023-10-11', 'Bad', '', 1, 62, 66),
(8, '2023-10-11', 'Good', '', 1, 62, 66),
(9, '2023-10-11', 'Poor performance', '', 1, 62, 66),
(10, '2023-10-11', 'Poor performance', '', 1, 62, 66),
(11, '2023-10-11', 'Not good', '', 1, 62, 66),
(12, '2023-10-11', 'bad', '', 1, 62, 66),
(14, '2023-10-11', 'Ddghjj', '', 1, 62, 66),
(15, '2023-10-11', 'Ddghjj', '', 1, 62, 66),
(16, '2023-10-12', 'bad performer', '', 1, 62, 64),
(17, '2023-10-12', 'Tygghh', '', 1, 62, 66),
(18, '2023-11-18', 'News', 'report file/CMF.rar', 1, 65, 64),
(19, '2023-11-18', 'issues', '', 1, 65, 62),
(20, '2023-11-22', 'test', 'report file/console-1699262022408.log', 1, 65, 72),
(21, '2023-11-22', 'test', 'report file/sample.pdf', 1, 65, 72),
(22, '2023-11-27', 'test', 'report file/sample_F99Bzt7.pdf', 1, 62, 72),
(23, '2023-11-27', 'test', 'report file/sample_3fo48wO.pdf', 1, 62, 72),
(24, '2023-12-12', 'hello', 'report file/Texture-Back-Orange-Flower-1080x2400.jpg', 1, 65, 63),
(25, '2023-12-12', 'hello', 'report file/Plant-Flower-Blossom-Branch-Spring-1080x2400.jpg', 1, 65, 63),
(26, '2023-12-12', 'reported', 'report file/Plant-Flower-Blossom-Branch-Spring-1080x2400_AH4r49x.jpg', 1, 65, 66),
(27, '2023-12-13', 'new reports', 'report file/Plant-Flower-Blossom-Branch-Spring-1080x2400_AIHFWcm.jpg', 1, 3365, 63),
(28, '2023-12-18', 'hiii', '', 1, 62, 63),
(29, '2023-12-18', 'hiii', '', 1, 62, 63),
(30, '2023-12-20', 'sent', '', 1, 62, 63),
(31, '2023-12-20', 'sent', 'report file/Plant-Flower-Blossom-Branch-Spring-1080x2400_bxbr7eO.jpg', 1, 62, 63),
(32, '2023-12-22', '', '', 1, 62, 63),
(33, '2023-12-22', 'dufufvigig', '', 1, 62, 63),
(34, '2023-12-22', 'dydydyd', '', 1, 3365, 65),
(35, '2023-12-22', 'test report', '', 1, 3365, 63),
(36, '2023-12-22', 'test report', '', 1, 3365, 65),
(37, '2023-12-22', 'dudufufufu', '', 1, 3365, 63),
(38, '2023-12-22', 'report', '', 1, 3351, 65),
(39, '2023-12-22', 'report', '', 1, 3351, 65),
(40, '2024-01-03', '', '', 1, 62, 78),
(41, '2024-01-03', 'teating', '', 1, 62, 71),
(42, '2024-01-03', '', '', 1, 62, 78),
(43, '2024-01-03', 'test', '', 1, 62, 78),
(44, '2024-01-03', 'test', '', 1, 62, 78),
(45, '2024-01-03', 'test', '', 1, 62, 78),
(46, '2024-01-06', '', '', 1, 62, 63),
(47, '2024-01-06', 'dgfhghg', '', 1, 62, 63),
(48, '2024-01-08', 'gwhsjsjsk', '', 1, 65, 72),
(49, '2024-01-12', '', '', 1, 65, 3365),
(50, '2024-01-12', 'test', 'report file/file-sample_500kB.doc', 1, 65, 3365),
(51, '2024-01-12', 'working', 'report file/file-sample_500kB_jSZZzEj.doc', 1, 65, 3365),
(52, '2024-01-12', 'invite', 'report file/file-sample_500kB_Wor08NK.doc', 1, 65, 63),
(53, '2024-01-22', 'tets', 'report file/download.jpeg', 1, 62, 63),
(54, '2024-01-24', 'test', 'report file/download_1UaYRqw.jpeg', 1, 65, 72),
(55, '2024-01-24', 'trtyujtyj', '', 1, 3351, 63),
(56, '2024-08-08', '', '', 1, 3383, 65),
(57, '2024-08-08', 'New reports', '', 1, 3383, 65),
(58, '2024-08-08', 'New reports', '', 1, 3383, 65),
(59, '2024-08-08', '', '', 1, 3351, 65),
(60, '2024-08-08', 'hi', '', 1, 3351, 65),
(61, '2024-08-08', 'new reports', 'report file/sample_HKMYfoB.pdf', 1, 65, 72),
(62, '2024-08-08', 'new report', 'report file/sample_r9vOYvD.pdf', 1, 65, 3351),
(63, '2024-08-08', '', '', 1, 65, 3351),
(64, '2024-08-08', 'new comments', 'report file/sample_LS3zJr2.pdf', 1, 65, 3351),
(65, '2024-08-08', 'sent report', 'report file/images.jpeg', 1, 65, 3351),
(66, '2024-08-09', 'follow me', '', 1, 65, 3383),
(67, '2024-08-09', '', 'report file/images_tprzfOR.jpeg', 1, 65, 3383),
(68, '2024-08-09', '', 'report file/images_27et4Vo.jpeg', 1, 65, 3351),
(69, '2024-08-09', 'test', 'report file/download_1.jpeg', 1, 65, 3351),
(70, '2024-08-19', 'test', 'report file/ac7cb189-e1dc-4a0d-8694-4d3dea9161e9.jpg', 1, 62, 3380),
(71, '2024-08-19', 'test', 'report file/92fbd2d5-381b-4451-8ebe-2745743ad3b1.jpg', 1, 62, 3380),
(72, '2024-08-19', '', '', 1, 62, 3380),
(73, '2024-08-19', 'Ok', '', 1, 62, 3380),
(74, '2024-08-19', 'Ok', '', 1, 62, 3380),
(75, '2024-08-19', 'test', 'report file/b119c39b-aabc-4147-b008-51bbec324c07.jpg', 1, 62, 3380),
(76, '2024-08-19', 'test', 'report file/08dad0bb-02c7-4e4c-8394-1b9ffc923a75.jpg', 1, 62, 3380),
(77, '2024-08-19', '', '', 1, 3388, 73),
(78, '2024-08-20', 'reports', 'report file/8db29c6a-508d-4e6c-82e0-6a2adad7fc1e.jpg', 1, 62, 3388),
(79, '2024-08-31', 'vfdtuh', 'report file/075ad506-2a12-4c5d-aa48-217fbd0e4dbd.jpg', 1, 3365, 3194),
(80, '2024-08-31', 'rdffxx', 'report file/b2459214-5835-4f48-8501-2f2a4e3be874.jpg', 1, 3365, 73),
(81, '2024-08-31', 'gsgesv', 'report file/09730013-a2e3-4081-8449-3c6f787513ca.jpg', 1, 3365, 3194);

-- --------------------------------------------------------

--
-- Table structure for table `account_skill`
--

CREATE TABLE `account_skill` (
  `id` int NOT NULL,
  `skill_name` varchar(50) NOT NULL,
  `skill_category_id` int NOT NULL
) ENGINE=InnoDB DEFAULT CHARSET=utf8mb4 COLLATE=utf8mb4_0900_ai_ci;

--
-- Dumping data for table `account_skill`
--

INSERT INTO `account_skill` (`id`, `skill_name`, `skill_category_id`) VALUES
(5, 'Guitar', 3),
(6, 'Ukulele', 3),
(7, 'Banjo', 3),
(8, 'Mridangam', 4),
(9, 'Veena', 4),
(10, 'Tanpura', 4),
(11, 'Ghatam', 4),
(12, 'Nadaswaram', 4),
(13, 'Flute', 5),
(14, 'Piano', 5),
(15, 'Accordion', 5);

-- --------------------------------------------------------

--
-- Table structure for table `account_skill_category`
--

CREATE TABLE `account_skill_category` (
  `id` int NOT NULL,
  `category_name` varchar(50) NOT NULL
) ENGINE=InnoDB DEFAULT CHARSET=utf8mb4 COLLATE=utf8mb4_0900_ai_ci;

--
-- Dumping data for table `account_skill_category`
--

INSERT INTO `account_skill_category` (`id`, `category_name`) VALUES
(3, 'Folks'),
(4, 'Carnatic'),
(5, 'Western');

-- --------------------------------------------------------

--
-- Table structure for table `account_skill_level`
--

CREATE TABLE `account_skill_level` (
  `id` int NOT NULL,
  `level` varchar(50) NOT NULL
) ENGINE=InnoDB DEFAULT CHARSET=utf8mb4 COLLATE=utf8mb4_0900_ai_ci;

--
-- Dumping data for table `account_skill_level`
--

INSERT INTO `account_skill_level` (`id`, `level`) VALUES
(1, 'Pro'),
(2, 'Performer'),
(3, 'Amateur');

-- --------------------------------------------------------

--
-- Table structure for table `account_troupe`
--

CREATE TABLE `account_troupe` (
  `id` int NOT NULL,
  `president` varchar(100) NOT NULL,
  `about_us` longtext NOT NULL,
  `user_id` int NOT NULL
) ENGINE=InnoDB DEFAULT CHARSET=utf8mb4 COLLATE=utf8mb4_0900_ai_ci;

--
-- Dumping data for table `account_troupe`
--

INSERT INTO `account_troupe` (`id`, `president`, `about_us`, `user_id`) VALUES
(3, '', '', 66),
(4, '', '', 67),
(6, '', '', 80),
(7, '', '', 81),
(20, '', '', 3326),
(21, '', '', 3327),
(22, '', '', 3328),
(23, '', '', 3329),
(24, '', '', 3330),
(25, '', '', 3331),
(26, '', '', 3332),
(27, '', '', 3333),
(28, '', '', 3334),
(29, '', '', 3335),
(30, '', '', 3336),
(31, '', '', 3337),
(33, '', '', 3339),
(34, '', '', 3341),
(35, '', '', 3342),
(36, '', '', 3350),
(37, 'ggg', 'hhhh', 3365),
(38, '', '', 3374),
(39, '', '', 3375),
(40, '', '', 3376),
(44, '', '', 3392),
(45, '', '', 3393),
(46, '', '', 3394),
(47, '', '', 3399),
(48, 'New valley', 'Good musicians', 3404),
(49, 'Shhshsbs', 'Bsbsbsbs', 3407);

-- --------------------------------------------------------

--
-- Table structure for table `account_troupe_highlight`
--

CREATE TABLE `account_troupe_highlight` (
  `id` int NOT NULL,
  `title` varchar(400) NOT NULL,
  `video_link` varchar(200) NOT NULL,
  `troupe_id` int NOT NULL
) ENGINE=InnoDB DEFAULT CHARSET=utf8mb4 COLLATE=utf8mb4_0900_ai_ci;

-- --------------------------------------------------------

--
-- Table structure for table `account_troupe_highlight_highlight_category`
--

CREATE TABLE `account_troupe_highlight_highlight_category` (
  `id` int NOT NULL,
  `troupe_highlight_id` int NOT NULL,
  `highlight_category_id` int NOT NULL
) ENGINE=InnoDB DEFAULT CHARSET=utf8mb4 COLLATE=utf8mb4_0900_ai_ci;

-- --------------------------------------------------------

--
-- Table structure for table `account_troupe_skill`
--

CREATE TABLE `account_troupe_skill` (
  `id` int NOT NULL,
  `skill_id` int NOT NULL,
  `troupe_id` int NOT NULL
) ENGINE=InnoDB DEFAULT CHARSET=utf8mb4 COLLATE=utf8mb4_0900_ai_ci;

--
-- Dumping data for table `account_troupe_skill`
--

INSERT INTO `account_troupe_skill` (`id`, `skill_id`, `troupe_id`) VALUES
(15, 12, 37),
(19, 13, 37);

-- --------------------------------------------------------

--
-- Table structure for table `account_user`
--

CREATE TABLE `account_user` (
  `id` int NOT NULL,
  `password` varchar(128) NOT NULL,
  `last_login` datetime(6) DEFAULT NULL,
  `is_superuser` tinyint(1) NOT NULL,
  `username` varchar(60) NOT NULL,
  `first_name` varchar(250) NOT NULL,
  `last_name` varchar(30) NOT NULL,
  `name` varchar(400) NOT NULL,
  `email` varchar(254) DEFAULT NULL,
  `verified_email` tinyint(1) NOT NULL,
  `address` longtext,
  `mobile_no` varchar(10) DEFAULT NULL,
  `profile_picture` varchar(100) DEFAULT NULL,
  `cover_picture` varchar(100) DEFAULT NULL,
  `registered_on` date NOT NULL,
  `is_active` tinyint(1) NOT NULL,
  `is_staff` tinyint(1) NOT NULL,
  `location_id` int DEFAULT NULL,
  `instagram` varchar(200) DEFAULT NULL,
  `twitter` varchar(200) DEFAULT NULL,
  `webtour` tinyint(1) NOT NULL,
  `email_subscription` tinyint(1) NOT NULL
) ENGINE=InnoDB DEFAULT CHARSET=utf8mb4 COLLATE=utf8mb4_0900_ai_ci;

--
-- Dumping data for table `account_user`
--

INSERT INTO `account_user` (`id`, `password`, `last_login`, `is_superuser`, `username`, `first_name`, `last_name`, `name`, `email`, `verified_email`, `address`, `mobile_no`, `profile_picture`, `cover_picture`, `registered_on`, `is_active`, `is_staff`, `location_id`, `instagram`, `twitter`, `webtour`, `email_subscription`) VALUES
(1, 'pbkdf2_sha256$600000$iqse5aRmXUwKUabNpwYhb3$UxhiKa5iGnsiPAX2heAkExcewZA2r4GYq9ZJS/v7Ia4=', '2024-08-19 16:59:11.219032', 1, 'admin', '', '', '', NULL, 0, NULL, NULL, '', '', '2023-02-10', 1, 1, NULL, NULL, NULL, 0, 0),
(62, 'pbkdf2_sha256$600000$R5JfYFilzZ1kFTQFGxAhjo$DSNIdxyfdaX6Encg42Jp5tG0wHuiRruDswt5sTBJkFs=', '2024-10-23 10:09:44.119766', 1, 'musician@gmail.com', 'vignesh', 'test', '', 'musician@gmail.com', 1, 'Rs puram, Coimbatore', '9876543319', 'musician_profile_9658Fno.jpg', '2020-02-081_jWXGvZg.jpg', '2023-07-17', 1, 1, 1, 'https://www.instagram.com/madhanumk', 'http://twitter.com/madhanumk', 1, 0),
(63, 'pbkdf2_sha256$150000$B5dGLdXY5B3J$GXkz/e0C98cnC5H7udLky3doJJY/vaJtT3lMjo2wb0g=', '2023-07-27 10:56:53.000000', 0, 'letters4ramesh@gmail.com', 'Ramesh', 'P N', '', 'letters4ramesh@gmail.com', 0, '', NULL, 'pictures-of-orange-flowers-4061768-hero-af9e809318964fbcae6e922aa3cc8182.jpg', '', '2023-07-27', 1, 0, NULL, NULL, NULL, 0, 1),
(64, 'pbkdf2_sha256$600000$O2Q58n0Zz5OxhrahrzjbDL$wTP63zDDIlJ5HlXjLzg0JgNoXHYL2dK8U53iICYzLyQ=', NULL, 0, 'madhanumk@gmail.com', 'MADHANKUMAR', 'UTHAMARAJ', '', 'madhanumk@gmail.com', 1, '', NULL, '', '', '2023-07-29', 0, 0, NULL, NULL, NULL, 0, 0),
(65, 'pbkdf2_sha256$600000$EPfxXzg3vv7INE0PXBQaz9$TtWjIAp7SxAy6dtnxjdAHdqrQPDzxBAG9rTz9dkWKjM=', '2024-10-23 11:03:25.848390', 0, 'indumathi@irepute.co.in', 'madhan', 'umk', 'Indumathi N', 'indumathi@irepute.co.in', 0, 'test', '9876543210', 'profile_picture_XcnRTyd.jpg', 'event.png', '2023-08-02', 1, 0, 1, NULL, NULL, 1, 1),
(66, 'pbkdf2_sha256$150000$poBz3B4qFdM5$rDQ9e9lH6Po41xZexINZoZGjFkkn0eqHQULjb+lYFII=', NULL, 0, 'musicschool@gmail.com', 'KEERTHIKA AG', '', 'KEERTHIKA AG', 'musicschool@gmail.com', 0, NULL, NULL, '', '', '2023-08-03', 0, 0, NULL, NULL, NULL, 0, 1),
(67, 'pbkdf2_sha256$150000$8qm1hUsPAPeU$dYHNOHg8dXdhHrt2BKSEoSibWo7om37qCzdSSwJROzg=', NULL, 0, 'keerthigoms2001@gmail.com', 'KEERTHIKA AG', '', 'KEERTHIKA AG', 'keerthigoms2001@gmail.com', 0, NULL, NULL, '', '', '2023-08-03', 0, 0, NULL, NULL, NULL, 0, 0),
(71, 'pbkdf2_sha256$150000$jyerpJTs1trz$NlEkpU3bzZzCFHWquvjwebfBsx42u1VXgF3Dw430gdk=', NULL, 0, 'harishsomasundaram1395@gmail.com', 'Harish', '', 'Harish', 'harishsomasundaram1395@gmail.com', 1, '', NULL, '4e3f61a18a7118974423498fd28eb799.jpg', '', '2023-08-07', 1, 0, NULL, NULL, NULL, 0, 0),
(72, 'pbkdf2_sha256$150000$kRucxhNVsKzk$VHCjLJ3ZlCs7Hh+JGO5YG/Lv5an4yzLzFvFVMQkXqUI=', '2023-09-11 17:37:27.197201', 0, 'tps@irepute.in', 'Thiru ', '', 'Thiru ', 'tps@irepute.in', 1, '38966 Rey Landing\r\nCoimbatore\r\nNorth Dakota\r\n641025\r\n1-248-507-4802\r\n(672) 873-0716 x45942', '6585458747', 'download_VLO2LU7.jpg', '', '2023-08-07', 1, 0, 1, NULL, NULL, 1, 0),
(73, 'pbkdf2_sha256$150000$eFW0WMC5S0ge$ddAUGfDfleMSwu3CHukkASfXGpOtJABHxv6gT7CmjdE=', NULL, 0, 'madhanjaji@gmail.com', 'madhan', 'Umk', '', 'madhanjaji@gmail.com', 1, '', NULL, '', '', '2023-08-07', 1, 0, NULL, NULL, NULL, 0, 1),
(74, 'pbkdf2_sha256$150000$CmjukQqWpYYe$P5+mq3I39HkYrLeihiFyTRJwGC0UDegaXS4HR4ue6xA=', '2023-08-10 11:25:19.583989', 0, 'ilakiya218@gmail.com', 'ilakiya m', '', 'ilakiya m', 'ilakiya218@gmail.com', 1, 'cbe', '756879890', 'dp.jpg', '', '2023-08-10', 1, 0, 1, NULL, NULL, 0, 0),
(75, 'pbkdf2_sha256$150000$T4fjpI405Uz0$lGmKxNsDNPVF3Ji34Zd5NdqazwsdG1+KrUTdLBGKsEc=', '2023-09-06 11:43:54.480994', 0, 'portaladmin@repute.in', 'Portal Admin', '', '', 'portaladmin@repute.in', 1, '', NULL, '', '', '2023-08-10', 1, 1, NULL, NULL, NULL, 0, 0),
(77, 'pbkdf2_sha256$150000$xMLurkZIRLfb$rqXYp61bSdlZfsOIj3VawxSmCMYeS1iMyEV1iWESTA8=', NULL, 0, 'sarveshdemo@gmail.com', 'sarvesh santhosh', '', 'sarvesh santhosh', 'sarveshdemo@gmail.com', 0, NULL, NULL, '', '', '2023-08-31', 0, 0, NULL, NULL, NULL, 0, 0),
(78, 'pbkdf2_sha256$150000$sHTqHfXZM1re$LGW6cibeDLvOCyJ5yAu2K/jDMa0uQx67Wz0AlL66UB8=', '2023-08-31 11:28:14.629673', 0, 'sarvesh.10.97@gmail.com', 'sarvesh santhosh', '', 'sarvesh santhosh', 'sarvesh.10.97@gmail.com', 1, 'Coimbatore', NULL, 'BSB.jfif', 'jb-seats-available_wide-014afc2d393f03c080208bbfca99c740f79ea743-s1100-c50.jpg', '2023-08-31', 1, 0, 1, NULL, NULL, 1, 0),
(79, 'pbkdf2_sha256$150000$jbiQIALY1CUe$PA14tOvVZ+u4zn4xenDXU/95j1fnn9LC/kQP85wOIN8=', '2023-09-11 17:36:49.546411', 0, 'keerthika.19is@kct.ac.in', 'maria', '', '', 'keerthika.19is@kct.ac.in', 1, '25A/73,Bhuvaneshwari Nagar 3rd Street, Dr Ambedkar Road, Venkitapuram', '8489135688', 'A_glorious_sunrise_1288_x_966.jpg', '', '2023-08-31', 1, 0, 2, NULL, NULL, 1, 0),
(80, 'pbkdf2_sha256$600000$OqQ6mQ6G2nVcnOY1qYPzyL$jT5O1MQulGIZQq+krbyylP30IC5rjGQiQsrj2kaS91g=', NULL, 0, 'band@gmail.com', 'band ', '', 'band ', 'band@gmail.com', 0, NULL, NULL, '', '', '2023-09-06', 0, 0, NULL, NULL, NULL, 0, 0),
(81, 'pbkdf2_sha256$150000$gPNIBleEkklc$Bo2Gt2BWlVvS37RMCTvdxPcUFZqlcL12ZeiZdGGCR48=', '2023-09-06 10:47:22.379393', 0, 'jisov34422@searpen.com', 'band ', '', 'band ', 'jisov34422@searpen.com', 1, NULL, NULL, '', '', '2023-09-06', 1, 0, NULL, NULL, NULL, 0, 0),
(82, 'pbkdf2_sha256$150000$1R78KZJubkJE$djpcW/vk5fA+k2v6rYY5vAFEh1ciJNnFEFidD20bCPc=', NULL, 0, 'fejame4434@chambile.com', 'music school ', '', 'music school ', 'fejame4434@chambile.com', 0, NULL, NULL, '', '', '2023-09-06', 0, 0, NULL, NULL, NULL, 0, 0),
(246, 'pbkdf2_sha256$150000$QMhVag3h3Dl7$e7kDWtpQBGjyYdbr2cjkOswVadbQhu7j8ZPqKQTOfR8=', NULL, 0, 'tempmail165@irepute.in', 'SRIRAMAN', '', '', 'tempmail165@irepute.in', 0, 'No.3, Amman Nagar, Thondamuthur\r\n Road, Vadavalli, Coimbatore', '7411825481', 'depositphotos_649066108-stock-photo-pink-flowers-park-spring-bloosom_9W6d1Ra.jpg', '', '2023-09-06', 1, 0, 1, NULL, NULL, 0, 0),
(247, 'pbkdf2_sha256$150000$OfDWKvcvPIdr$F/ktRly4HLymZ1+oW/LuJQ78BWCdrR78tBSqSdPA8gY=', NULL, 0, '\n \n9865912609', 'JAY', '', '', 'tempmail166@irepute.in', 0, '\nLC-535, Ganapathi Nagar, Coimbatore - 641006, Tamil Nadu\nNear Ganapathi Nagar Bus Stop', '9865912609', '', '', '2023-09-06', 1, 0, 1, NULL, NULL, 0, 0),
(248, 'pbkdf2_sha256$150000$BpdxvA4AOIMX$bOBR2478Acc++PjkjFzd1yajW5nL9bz6mUNZeFv5bz0=', NULL, 0, 'tempmail167@irepute.in', 'RAASHIKA RAJA', '', '', 'tempmail167@irepute.in', 0, '456, Vysial St, Prakasam, Ukkadam\r\n, Coimbatore,', '9943224680', 'pexels-anthony--132474_IOAWiHW.jpg', '', '2023-09-06', 1, 0, 1, NULL, NULL, 0, 0),
(249, 'pbkdf2_sha256$150000$EYJDglhbwrLw$NGV32hQCW4zZJarRuYwgQP6sA0F9M1p8sze29f0rKkA=', NULL, 0, '9042374382', 'VIBINDAS ', '', '', 'tempmail168@irepute.in', 0, 'Kannamal Nagar Rd, Ashok Nagar \nWest, S.P.Nagar, Koundampalayam, \nCoimbatore', '9042374382', '', '', '2023-09-06', 1, 0, 1, NULL, NULL, 0, 0),
(250, 'pbkdf2_sha256$150000$J3rhHr5itYoY$kopcmFOmvHupI9/cLN5+7Zxym6JsDo3Fr4jMfgYUUCQ=', NULL, 0, '9843605924', 'SUGUMAARI', '', '', 'tempmail169@irepute.in', 0, 'Chinnasamy Naidu Rd, C.K.Colony, \nB.K.R Nagar, New Siddhapudur\n, Coimbatore,', '9843605924', '', '', '2023-09-06', 1, 0, 1, NULL, NULL, 0, 0),
(251, 'pbkdf2_sha256$150000$PmY7bSakh7Rv$X94az55tojuJ/a9OA8ofScX4ti8EiV+Od3siDWmlWZ8=', NULL, 0, 'tempmail170@irepute.in', 'PADMAPATHY', '', '', 'tempmail170@irepute.in', 0, 'COIMBATORE', '8069875772', 'profile_ackANPq.jpg', '', '2023-09-06', 1, 0, 1, NULL, NULL, 0, 0),
(252, 'pbkdf2_sha256$150000$DFDefhwq49a2$4yn+fPPnImnDVrsqiYIyt+Jxe/epYTuE0Tvk34tqapI=', NULL, 0, '9443742695', 'ULAGANATHAN', '', '', 'tempmail171@irepute.in', 0, 'Krishnanjali Musical Training\n Center, Corporation Park, No.28, \nCaptain Palanisamy Layout Near, \nThadagam Main Rd, R.S. Puram, \nCoimbatore', '9443742695', '', '', '2023-09-06', 1, 0, 1, NULL, NULL, 0, 0),
(253, 'pbkdf2_sha256$150000$JuYX4ZU8M9eC$q9W8wcpSW1fR7xBsFXjzeMbMLe4yrryd9+aNHBtB3NM=', NULL, 0, '9443720744', 'RAVIKUMAR GNANASEKARAN', '', '', 'tempmail172@irepute.in', 0, 'No,419, 6th street Extn,Near Kalyan Sarees\n,Ganthipuram, Coimbatore', '9443720744', '', '', '2023-09-06', 1, 0, 1, NULL, NULL, 0, 0),
(254, 'pbkdf2_sha256$150000$LmHJfi3uP3YP$zHIqKIq2Jq3sOTAgYT6foZJS/his5mZZBnyWrZMvZb0=', NULL, 0, '9786110251', 'SHALINI RAJ', '', '', 'tempmail173@irepute.in', 0, 'VEENAI CLASS, Sidhapudur, Coimbatore,', '9786110251', '', '', '2023-09-06', 1, 0, 1, NULL, NULL, 0, 0),
(255, 'pbkdf2_sha256$150000$Q7hensnvrlNO$lzf3o6wZz+8KTzFjOUUvvlQXpX/3Lf9EB59Y+J/r3G8=', NULL, 0, '9944707074', 'SUBHASHINI MUTHUKUMAR', '', '', 'tempmail174@irepute.in', 0, ' 3rd St, Surya Garden, Bharathi Colony, Peelamedu\n, Coimbatore,', '9944707074', '', '', '2023-09-06', 1, 0, 1, NULL, NULL, 0, 0),
(256, 'pbkdf2_sha256$150000$CQlJ70kuKlEl$6q3ly7StxVcT/Mirs2DzdcUsaE5rKt2wjAKSRkxg1GU=', NULL, 0, '9442019631', 'ISAAC', '', '', 'tempmail175@irepute.in', 0, ' 125/1, NSR Road, Canara Bank Upstairs, \nSaibabacolony, Coimbatore,', '9442019631', '', '', '2023-09-06', 1, 0, 1, NULL, NULL, 0, 0),
(257, 'pbkdf2_sha256$150000$T1IlzenJdj1k$Vw6VGwPGgOBmYgZaOXVL3MWIsS3F7j9gdQUnJQXkEWY=', NULL, 0, '9487216261', 'RASIKAPRIYA RAJI', '', '', 'tempmail176@irepute.in', 0, 'R – Block, Kovai Pudur, Coimbatore', '9487216261', '', '', '2023-09-06', 1, 0, 1, NULL, NULL, 0, 0),
(258, 'pbkdf2_sha256$150000$rzYRA88IxsKQ$y9KHWYzUIM/maZgZVyPrk+/qWjkEaPZ5P8DPsejGwbM=', NULL, 0, '9894445564', 'ASHOK KUMAR ', '', '', 'tempmail177@irepute.in', 0, 'Sukrawar Pettai, Coimbatore', '9894445564', '', '', '2023-09-06', 1, 0, 1, NULL, NULL, 0, 0),
(259, 'pbkdf2_sha256$150000$PeKohWvizVQR$5N8C2lQBtQJYiyN4RTfe2DEqJozSuxN4rGahWRpc+4Q=', NULL, 0, '9894847818\n', 'NOEL JAYAKUMAR', '', '', 'tempmail178@irepute.in', 0, '\n404E, 6th Street Extension, Gandhipuram\n, Coimbatore', '9894847818', '', '', '2023-09-06', 1, 0, 1, NULL, NULL, 0, 0),
(260, 'pbkdf2_sha256$150000$sCqRbnkh14Q3$WK3OlYkSwkI827N+1HPRWKzH1x7aA3iJhAWQ4ib1XD8=', NULL, 0, '8122494702', 'MERFIN ALEXANDER', '', '', 'tempmail179@irepute.in', 0, 'Mettupalayam, Coimbatore', '8122494702', '', '', '2023-09-06', 1, 0, 1, NULL, NULL, 0, 0),
(261, 'pbkdf2_sha256$150000$OdlIzNtPh3Y3$5xQ1qh8SIpcnezC1Va3cBmuvJV1p5Pc2WKtgyYSv1kU=', NULL, 0, '\n9626163470', 'AMBIKA RAKESH', '', '', 'tempmail180@irepute.in', 0, '\n289-A, 5th Street Extension, Gandhipuram\n, Coimbatore', '9626163470', '', '', '2023-09-06', 1, 0, 1, NULL, NULL, 0, 0),
(262, 'pbkdf2_sha256$150000$AIOzagGtI3Q5$rKbSdQTNq0Gwjs595Ihh5yFtk1KxGi4qNGll12q2vZ4=', NULL, 0, '9790260206', 'SUBRAMANI', '', '', 'tempmail181@irepute.in', 0, '\n17-A, Jeeva Street, Indhira Nagar, Rathinapuri\n, Coimbatore', '9790260206', '', '', '2023-09-06', 1, 0, 1, NULL, NULL, 0, 0),
(263, 'pbkdf2_sha256$150000$fpwf8LZ8uCYM$UQaeiOm3MXqpHJx8MWIbJxDaT3A4CeAon09JmkMh62Q=', NULL, 0, '9894172936', 'SURESH ACHUTHAN', '', '', 'tempmail182@irepute.in', 0, 'No 27, Mettupalayam Road, Thudialur, Coimbatore', '9894172936', '', '', '2023-09-06', 1, 0, 1, NULL, NULL, 0, 0),
(264, 'pbkdf2_sha256$150000$AgCO2hAqtCZ2$DwmFi8eRoW1txxvXYD84x82ix/YvAM2JwBh2jcZdAnw=', NULL, 0, '6384487922', 'RAJ KUMAR', '', '', 'tempmail183@irepute.in', 0, 'Kidzy Learing Academy, Radhakrishnan Road\n, Sivananda Colony, Coimbatore', '6384487922', '', '', '2023-09-06', 1, 0, 1, NULL, NULL, 0, 0),
(265, 'pbkdf2_sha256$150000$DsHHhzDh4qrd$dBB6y7VymfYmFsn5MdZL0C+m7qbgh3qKFiF3CwDV13M=', NULL, 0, '8870626224', 'MEGLA PACKIYARAJ', '', '', 'tempmail184@irepute.in', 0, 'New No 15, Venkatramana Road, RS Puram \nCoimbatore, Coimbatore - 641002\n (Near VOC Ground)', '8870626224', '', '', '2023-09-06', 1, 0, 1, NULL, NULL, 0, 0),
(266, 'pbkdf2_sha256$150000$iB0oGVUId1mG$U36JSzifQSfu8ao52tCZxfYOQszy5lAdVxK8YhPfVlY=', NULL, 0, '9952520992', 'DINESH', '', '', 'tempmail185@irepute.in', 0, 'No. 1/23 Kamaraj Street , Ganapathy 641006 \n Coimbatore', '9952520992', '', '', '2023-09-06', 1, 0, 1, NULL, NULL, 0, 0),
(267, 'pbkdf2_sha256$150000$RoFs0IvjyrMe$c3z2eTDD74OzgXFkGNPygkYbchlcdkhdb/0hEsKn5to=', NULL, 0, '9843144101', 'SHIVARAMAKRISHNAN K', '', '', 'tempmail186@irepute.in', 0, 'No. 18-2 Vignesh Apartments Street No. 4 , k k Pudur\n 641038 - Coimbatore', '9843144101', '', '', '2023-09-06', 1, 0, 1, NULL, NULL, 0, 0),
(268, 'pbkdf2_sha256$150000$5Ahx2ROwQypx$81Slld5A+tcwOpKgUPRlA45ri3Jiuo4S1s+5eFN4Pw0=', NULL, 0, '9994314686', 'S.A SIVACHANDRAN', '', '', 'tempmail187@irepute.in', 0, 'Avinashi Road, Ammapalayam, Tirupur -', '9994314686', '', '', '2023-09-06', 1, 0, 1, NULL, NULL, 0, 0),
(269, 'pbkdf2_sha256$150000$gqKKpx7UlExw$HPBKZeafWGy6zMW8x0IpIz6+3CzBQuvlWG6n3hJmyRQ=', NULL, 0, '9489841000', 'SUBHA', '', '', 'tempmail188@irepute.in', 0, 'Rengaz Mahal, Sellapampalayam Pirivu,\n Kaniyur Palladam, Coimbatore', '9489841000', '', '', '2023-09-06', 1, 0, 1, NULL, NULL, 0, 0),
(270, 'pbkdf2_sha256$150000$J6qVsnzOG1Un$aFM8u4Y3Sy0Qv2DoeWojlUw9Th77PD/Urzgg67QQbpg=', NULL, 0, '9688089189', 'SAI NITHISH KANNA', '', '', 'tempmail189@irepute.in', 0, 'No 102, Pillaiyar Kovil Street, Nambiyur, \nGobichettipalayam -', '9688089189', '', '', '2023-09-06', 1, 0, 1, NULL, NULL, 0, 0),
(3190, 'pbkdf2_sha256$150000$LK0eBtMtYhXz$PdTiuWaIpcl76t1SgZ2M0OyaVchF/a4dVag49pEb8vM=', NULL, 0, '9843330665', 'MEZZO MUSIC', '', '', 'tempmail2@irepute.in', 0, 'No. 36 Sai Complex, Opp Avila Convent,\nThadagam Road, Velandipalayam,\nSaibaba Colony,\nCoimbatore', '9843330665', '', '', '2023-09-06', 1, 0, 1, NULL, NULL, 0, 0),
(3191, 'pbkdf2_sha256$150000$5p1Iihdc700a$INIpIM+SqGBy+Zn1F7PLd7GE9Odw8hXzwWikM5qPcnE=', NULL, 0, '9578138989', 'GVS NANDHALAYA MUSIC ACADEMY', '', '', 'tempmail3@irepute.in', 0, '91\n73-1, Vellaikannu Theatre Road\nnear BIG BAZAAR\nKalavasal\nMadurai, Tamil Nadu 625016\nIndia', '9578138989', '', '', '2023-09-06', 1, 0, 3, NULL, NULL, 0, 0),
(3192, 'pbkdf2_sha256$150000$Q9QmiphZihK0$fbiS8vO5i7qn079JOOu2918D+bwpOKeqT4bkBq3OTFM=', NULL, 0, '9965083990', 'MARIYA JOSEPH MUSIC ACADEMY', '', '', 'tempmail4@irepute.in', 0, 'No. 117, 2, E.M.S.Nagar 2nd St,near\n Dolphin School, Ponmeni, Madurai', '9965083990', '', '', '2023-09-06', 1, 0, 3, NULL, NULL, 0, 0),
(3193, 'pbkdf2_sha256$150000$aheuyMLoS8Zy$Je/MMb207+QpcArN7SF6Ypj9s7IEmEyrf6AyRMe8PD4=', NULL, 0, '9944786417', 'SIVARANJANI MUSIC TRAINING ', '', '', 'tempmail5@irepute.in', 0, 'BSNL, 35/7, Chandragandhi Nagar,\n behind Bypass Road, Ponmeni, Madurai', '9944786417', '', '', '2023-09-06', 1, 0, 3, NULL, NULL, 0, 0),
(3194, 'pbkdf2_sha256$150000$ZKdNHCU3OZi7$TRspZqMTG0rs2GL72jp2lPhZUu/bugwWuqKILBYx50s=', NULL, 0, '9840320567', 'JOEL MUSIC ACADEMY', '', '', 'tempmail6@irepute.in', 0, '20, Sandhya Street\n3rd st\nDurai Samy Nagar\nMadurai', '9840320567', '', '', '2023-09-06', 1, 0, 3, NULL, NULL, 0, 0),
(3195, 'pbkdf2_sha256$150000$VMzYPNCzQsZV$EnWiL5JMbZDc8OXzmz21wuslpqY+0M5Ezr6nItBa3oU=', NULL, 0, '8220533065', 'MUSIC CASTLE', '', '', 'tempmail7@irepute.in', 0, '2 Branch-Learning Tree, DSP Nagar, \nOpp to Annai Hospital, Bypass Road, Madurai.\n', '8220533065', '', '', '2023-09-06', 1, 0, 3, NULL, NULL, 0, 0),
(3196, 'pbkdf2_sha256$150000$Vk9KZawayiGE$fB/R/6OZcJZdW4821+wV/teTZmossVnfjv2kVwzPffc=', NULL, 0, '9943362090', 'VENKU\'S MUSIC SCHOOL', '', '', 'tempmail8@irepute.in', 0, '50, Parthasarathy St, S S Colony, Madurai', '9943362090', '', '', '2023-09-06', 1, 0, 3, NULL, NULL, 0, 0),
(3197, 'pbkdf2_sha256$150000$Mfq1Yzf8Qlwx$5GenIS6WNsI73FY4DBXmi94edSqaiVG0ROyz8Uq0yoM=', NULL, 0, '9952723452', 'STAR ACADEMY', '', '', 'tempmail9@irepute.in', 0, ' No. 3, Doak nagar\n4th Street\nKochadai\nMadurai, ', '9952723452', '', '', '2023-09-06', 1, 0, 3, NULL, NULL, 0, 0),
(3198, 'pbkdf2_sha256$150000$AFyDVOM0N8ea$IJHzkP4KKAkXL6fopVuVB7PecfDN1ia/JK8e33CAcx4=', NULL, 0, '8110899199', 'POORVANGA MUSIC ACADEMY', '', '', 'tempmail10@irepute.in', 0, '1E plot no 19, ramaraj gounder complex,\n EB Colony, extension, Madurai', '8110899199', '', '', '2023-09-06', 1, 0, 3, NULL, NULL, 0, 0),
(3199, 'pbkdf2_sha256$150000$OOVGESXMYHCG$YjBLpBc6nmcaHwtdiEaRia3iuzKgeyaAmFpHAR2vrEo=', NULL, 0, '9842281247', 'GIBSON MUSIC ACADEMY & MUSICALS', '', '', 'tempmail11@irepute.in', 0, 'New No.52/3, Old No .43/3, 11th Avenue\n, Next to 3 building of KFC Mc Donald\n, Ashok Nagar, Chennai - 600083', '9842281247', '', '', '2023-09-06', 1, 0, 4, NULL, NULL, 0, 0),
(3200, 'pbkdf2_sha256$150000$zzOVx1Tcyvnc$4VEBGZtf7IYsixm1AxZ13g060ilSqUy72ogijshrbeA=', NULL, 0, '9443474094', 'WIN MUSIC MINDS ACADEMY', '', '', 'tempmail12@irepute.in', 0, '255, LIG Colony Rd, near velankanni church,\n Anna Nagar, Sathamangalam, Madurai', '9443474094', '', '', '2023-09-06', 1, 0, 3, NULL, NULL, 0, 0),
(3201, 'pbkdf2_sha256$150000$Wg4ybjlEgaS4$jImkw0l1n9GAm57U46p3UeV2N8MSJrUANseBaMTurtw=', NULL, 0, '9159811011', 'ISAI YUGAM ACADEMY OF PERFORMING \nARTS', '', '', 'tempmail13@irepute.in', 0, 'Isai Yugam Academy Of Performing Arts,\nNo.35, George Joseph Street,\nKamarajapuram, Madurai', '9159811011', '', '', '2023-09-06', 1, 0, 3, NULL, NULL, 0, 0),
(3202, 'pbkdf2_sha256$150000$FvjuYaaw0X8W$X4kwnPazWzEvMwI0W9CZGoNohP627ozsOxAuWZhM76Q=', NULL, 0, '9843682050', 'ALPHA MUSIC ACADEMY', '', '', 'tempmail14@irepute.in', 0, ' Plot No 27,Pentecoste Colony Behind\n Alampatti ,Karadipatti Nagamalai', '9843682050', '', '', '2023-09-06', 1, 0, 3, NULL, NULL, 0, 0),
(3203, 'pbkdf2_sha256$150000$hVtHJJhGxNSI$jFSfIGGhspeCaDUqQMH/OPkahQtd5Qiw74SGNHpTy8Y=', NULL, 0, '8946066577', 'RIYALAYA MUSIC ACADEMY', '', '', 'tempmail15@irepute.in', 0, ' 25, Sixth Street, Al Amin Nagar,Meenakshi \nAmman Nagar, Surya Nagar, Madurai', '8946066577', '', '', '2023-09-06', 1, 0, 3, NULL, NULL, 0, 0),
(3204, 'pbkdf2_sha256$150000$RgkYmhGmpTTF$FVlR6eydnrZtQjYQtmyn6HwDRwZj9E7qUP4HFwkYycA=', NULL, 0, '8144960710', 'SIRPI ACADEMY', '', '', 'tempmail16@irepute.in', 0, '223-A SR COMPLEX, B B, Nethaji Main Rd,\nB B Kulam,madurai.', '8144960710', '', '', '2023-09-06', 1, 0, 3, NULL, NULL, 0, 0),
(3205, 'pbkdf2_sha256$150000$v7ZSXWpto7WI$A4e+rAg6oQJGS+jOOnMs+8wkXqCoM2IzaMFKTt6KIYE=', NULL, 0, '9080044363', 'SARASWATHI SANGEETHA VIDYALAY', '', '', 'tempmail17@irepute.in', 0, '4/478,gnana nandha giri nagar, Vedapatti', '9080044363', '', '', '2023-09-06', 1, 0, 1, NULL, NULL, 0, 0),
(3206, 'pbkdf2_sha256$150000$sHfFJCTWQreW$w+BKeWQarPN2nz/HphHOw4AM9m9vxq9TVCeIsXrTBpk=', NULL, 0, '9962628892', 'STAR ONLINEMUSIC ACADEMY', '', '', 'tempmail18@irepute.in', 0, '102,broadway,george town,chennai', '9962628892', '', '', '2023-09-06', 1, 0, 4, NULL, NULL, 0, 0),
(3207, 'pbkdf2_sha256$150000$ZdMi4ixRoI00$FKeVmre1Ny5Ca2EB8dDjyPt6IMFDULj7ns/7sabpiig=', NULL, 0, '8122907003', 'A\'CAPELLA SCHOOL OF MUSIC', '', '', 'tempmail19@irepute.in', 0, '19 Flat no: 2, 3rd floor Govinda Street\nopp. to Maharishi school\nAyyavoo Colony, Aminjikarai\nChennai.', '8122907003', '', '', '2023-09-06', 1, 0, 4, NULL, NULL, 0, 0),
(3208, 'pbkdf2_sha256$150000$6qPLcLLVOslQ$m9Tm76oYiQEIhrI6jXCWBbjLCNlyp7rRN2hpD+EMjjQ=', NULL, 0, '9514747748', 'ABS SCHOOL OF MUSIC', '', '', 'tempmail20@irepute.in', 0, 'ChromepetNo 22, Bharatiyar Street\n, Cholavaram Nagar, Chromepet,\n Chennai', '9514747748', '', '', '2023-09-06', 1, 0, 4, NULL, NULL, 0, 0),
(3209, 'pbkdf2_sha256$150000$FXRCJIe4XhY0$yGoh6bebwraVgxERbsfDTHj1ZvAfcYjoeKU22dTRMXY=', NULL, 0, '8754441800', 'ROYAL MUSIC ACADEMY', '', '', 'tempmail21@irepute.in', 0, '#152 A/72, Gandhi Road,\nVelachery, Chennai', '8754441800', '', '', '2023-09-06', 1, 0, 4, NULL, NULL, 0, 0),
(3210, 'pbkdf2_sha256$150000$sCK3DRaL2daa$AbAW+doMDpTf6ntDtjAC3Ps0wkpOjnc5oT1Q3IQ75qk=', NULL, 0, '9094099969', 'LINOD ACADEMY OF MUSIC', '', '', 'tempmail22@irepute.in', 0, 'Nolambur, Chennai,Tamil Nadu', '9094099969', '', '', '2023-09-06', 1, 0, 4, NULL, NULL, 0, 0),
(3211, 'pbkdf2_sha256$150000$0X8zd42M71rd$PpYPMZwjZwSay050xoOvr+wQVJC06LZz8aFahUWeNDA=', NULL, 0, '9003032786', 'KM MUSIC CONSERVATARY', '', '', 'tempmail23@irepute.in', 0, '19 Vinayagapuram 2nd Street,\nMMDA Colony, Arumbakkam,\nChennai 600106,\nTamil Nadu,', '9003032786', '', '', '2023-09-06', 1, 0, 4, NULL, NULL, 0, 0),
(3212, 'pbkdf2_sha256$150000$2OGanRzULQEq$EadYHOjLb+G5pDyQ8/6K1BU3JiKpw3iIbMX9DLzOyn0=', NULL, 0, '9445507749', 'SEVEN NOTES MUSIC SCHOOL', '', '', 'tempmail24@irepute.in', 0, '10th street\nRamnagar North ext, Madipakkam\nChennai - 600091\n(Located NEAR Velachery Railway Station)', '9445507749', '', '', '2023-09-06', 1, 0, 4, NULL, NULL, 0, 0),
(3213, 'pbkdf2_sha256$150000$kEgA5atu30x8$W27pZlHbUHC3A55q1TZNykR0w0zjV9vMWeJEMaPAAtA=', NULL, 0, '9003133308', 'NANDANU SCHOOL OF MUSIC AND ARTS', '', '', 'tempmail25@irepute.in', 0, 'No 3/25,1st Floor,Near Sathya Showroom / \nBehind SBM TVS Showroom,Ram Nagar,\n 1st Main Road, Peravallur-Jawahar Nagar\n Chennai', '9003133308', '', '', '2023-09-06', 1, 0, 4, NULL, NULL, 0, 0),
(3214, 'pbkdf2_sha256$150000$cMKCgk9zRMAa$67LpX7OGZ2Pnj/ZVqvOdcxANCnL/MBgD+9YdpFL1mas=', NULL, 0, '9884422714', 'STRING ONLINE MUSIC ACADEMY', '', '', 'tempmail26@irepute.in', 0, 'Denmark and nearby areas,chennai', '9884422714', '', '', '2023-09-06', 1, 0, 4, NULL, NULL, 0, 0),
(3215, 'pbkdf2_sha256$150000$o7dLzbZHR17p$cWt24gFQCQUpJL4O7nCy/3F6Do+in8ZJ3Jtt87tHtqg=', NULL, 0, '9840291329', 'BRIT,S MUSIC INSTITUTE', '', '', 'tempmail27@irepute.in', 0, '5115, H-Block,1st Street, 12th Main Rd,\nAnna Nagar West, opp. Hotchips, Chennai,', '9840291329', '', '', '2023-09-06', 1, 0, 4, NULL, NULL, 0, 0),
(3216, 'pbkdf2_sha256$150000$89wSlt024OEV$iGQEsEJqqjKLhDsZ+BzDIs/kGBTZYGauSy6pD2Os3v8=', NULL, 0, '9884395357', 'TANSEN ACADEMY OF MUSIC', '', '', 'tempmail28@irepute.in', 0, '(C/o Smt. Vidhya Srinivasan & Dr. Krishna Ballesh)\nVelachery Main Road,\nChennai', '9884395357', '', '', '2023-09-06', 1, 0, 4, NULL, NULL, 0, 0),
(3217, 'pbkdf2_sha256$150000$Yy9h74kQPI0d$eTVXL/bV1Dh6g6rdbiYaMHLbkUu9GybOg1SM+1F5WPg=', NULL, 0, '9941920500', 'ETUDE SCHOOL OF MUSIC', '', '', 'tempmail29@irepute.in', 0, ' #46, 2nd St, AA Block, Anna Nagar, Chennai, ', '9941920500', '', '', '2023-09-06', 1, 0, 4, NULL, NULL, 0, 0),
(3218, 'pbkdf2_sha256$150000$ToHjWAgq8Wgv$h9G84zq9Vd8Tl8b+4jWNk2Vb0+n8IVzeQkfPQ12Fje8=', NULL, 0, '9941209254', 'UNWIND CENTER SCOOL OF MUSIC', '', '', 'tempmail30@irepute.in', 0, 'No 3B, 3rd Floor, Dev Apartment,\n1st Main Road, Kasthurbai Nagar,\nAdyar, Chennai', '9941209254', '', '', '2023-09-06', 1, 0, 4, NULL, NULL, 0, 0),
(3219, 'pbkdf2_sha256$150000$uAL0QHnhgvGl$F2E2xWY0t6a9Ww2y66K861oPLOBgUhxSaSBNXyr8+us=', NULL, 0, '9841538495', 'DIVINE MUSIC ACADEMY', '', '', 'tempmail31@irepute.in', 0, '171, Arcot Road\nVadapalani\nChennai, ', '9841538495', '', '', '2023-09-06', 1, 0, 4, NULL, NULL, 0, 0),
(3220, 'pbkdf2_sha256$150000$q3dEH7dxRL4x$Fw3i8GGpzjHqzB768EdhzWO6aTWJzHLnvK5F8nurS6k=', NULL, 0, '9790715561', '5 OCTAVES MUSIC ACADEMY', '', '', 'tempmail32@irepute.in', 0, 'No 5/5,1st Street, Karambakkam,porur,chennai', '9790715561', '', '', '2023-09-06', 1, 0, 4, NULL, NULL, 0, 0),
(3221, 'pbkdf2_sha256$150000$JkyM2qaroGEJ$QQjLhf3awFYF4JHH66VT390Bq99vJxya7Sq0SVNJHgU=', NULL, 0, '9940276442', 'IDEAL ACADEMY', '', '', 'tempmail33@irepute.in', 0, 'Plot No 28, Old No 4, New, No 13, 2nd Cross St,\n Lakshmi Nagar, Porur, Chennai,', '9940276442', '', '', '2023-09-06', 1, 0, 4, NULL, NULL, 0, 0),
(3222, 'pbkdf2_sha256$150000$0ryiXU1h2rpz$u6NWqEBN3nAlIDhk7LTxNTDvEcCIf+K/cQDyXj7DS6o=', NULL, 0, '9940313635', 'CHORD MUSIC ACADEMY', '', '', 'tempmail34@irepute.in', 0, '28, Vijayalakshmi Street, Mahalingapuram\n, Nungambakkam', '9940313635', '', '', '2023-09-06', 1, 0, 4, NULL, NULL, 0, 0),
(3223, 'pbkdf2_sha256$150000$WCUxwXBNzPyv$ahzLbCxkx8lSIUtIUotHT5RTzNVwt+EfpSGRyAnUwW8=', NULL, 0, '9840428195', 'ALAAP MUSIC ACADEMY', '', '', 'tempmail35@irepute.in', 0, 'No5, 35th Street, 3rd Avenue Ashok Nagar,\nChennai', '9840428195', '', '', '2023-09-06', 1, 0, 4, NULL, NULL, 0, 0),
(3224, 'pbkdf2_sha256$150000$fby88yMUBm7c$ovAu5rY7kHu7EFjGple4sveRMK6soOYe/IOb8sW0Fms=', NULL, 0, '7094888898', 'SHREE MUSIC ACADEMY', '', '', 'tempmail36@irepute.in', 0, 'No.63/44, North Park Street, Venkatapuram, \nOpposite to Krishna Mahal\nAmbattur, Chennai,', '7094888898', '', '', '2023-09-06', 1, 0, 1, NULL, NULL, 0, 0),
(3225, 'pbkdf2_sha256$150000$l8Vw2chISla2$yUypFpLTLB4OmV6mW2hWr258fsCVdYz6f6WHcc6bmiw=', NULL, 0, '8012647090', 'DADSONS MUSIC PARADISE', '', '', 'tempmail37@irepute.in', 0, '​​Dadsons Music Paradise, Tatabad 7th street\n,Coimbatore, Tamil Nadu', '8012647090', '', '', '2023-09-06', 1, 0, 1, NULL, NULL, 0, 0),
(3226, 'pbkdf2_sha256$150000$r8lAd5eiok8T$MaLF2foA+Rb7fYpGrwmi3l124a9TrTBWcIexhsFK4AA=', NULL, 0, '9952317776', '7 TONES MUSIC INSTITUTE', '', '', 'tempmail38@irepute.in', 0, '75, Second Floor, Subramaniam Rd, Near MedPlus,\nR.S. Puram, Coimbatore, ', '9952317776', '', '', '2023-09-06', 1, 0, 1, NULL, NULL, 0, 0),
(3227, 'pbkdf2_sha256$150000$9975oMmo1cgk$cCqxnka1LpiW6wmwzV3Ob2Tsid6N+cRS1G0oENVRJ2k=', NULL, 0, '9842231283', 'MATHAN SCHOOL OF MUSIC', '', '', 'tempmail40@irepute.in', 0, '# 1759 MJT Buildings\nOlumbus Ramanathapuram\nCoimbatore', '9842231283', '', '', '2023-09-06', 1, 0, 1, NULL, NULL, 0, 0),
(3228, 'pbkdf2_sha256$150000$JNo1WlZLKk3U$EywbvTnAmO4BjvzwyeP7Fl2f3pIHvgb+ehVy1prqZQk=', NULL, 0, '9787711211', 'CRESCENDO MUSIC HOUSE', '', '', 'tempmail42@irepute.in', 0, 'B/73,Ramalinga Nagar,1st Main Road\n, Woraiyur, Trichy ', '9787711211', '', '', '2023-09-06', 1, 0, 16, NULL, NULL, 0, 0),
(3229, 'pbkdf2_sha256$150000$42shdAVsWXgM$Ai+JBGg2C4sPeFBeKUACiiKBQA1tWOj7F+CGouoXhmo=', NULL, 0, '9940035540', 'ROY MUSIC SCHOOL', '', '', 'tempmail43@irepute.in', 0, 'II Floor, Shafik Tower, Singara Nagar\n, Kattur, Trichy, ', '9940035540', '', '', '2023-09-06', 1, 0, 16, NULL, NULL, 0, 0),
(3230, 'pbkdf2_sha256$150000$F5NRUmSXDwKW$pfSG2E8Zn+T1jsJ5ckXjeSlZNWSfSVmIP8tomz6xaig=', NULL, 0, '9994893543', 'ART FIBER SCHOOL OF LEARNING', '', '', 'tempmail44@irepute.in', 0, 'No-21, Williams Road\nCantonment\nTiruchirappalli', '9994893543', '', '', '2023-09-06', 1, 0, 16, NULL, NULL, 0, 0),
(3231, 'pbkdf2_sha256$150000$zShAnHjlA9i1$jUxlYal+VLpYHlKU9xtKx8YRI1i1ZWVfKgxPQuoLd04=', NULL, 0, '9443158465', 'CAPE ACADEMY OF MUSIC', '', '', 'tempmail45@irepute.in', 0, 'Cape Academy of Music\nO-A1-1, North Sargunaveethi Road,\nDerik Junction, Nagercoil-1,\nKanyakumari District', '9443158465', '', '', '2023-09-06', 1, 0, 6, NULL, NULL, 0, 0),
(3232, 'pbkdf2_sha256$150000$RyKSUtWLmh19$SksLRO2cE//WY+E3F5KTzJJX7NvnRzgKNP0BViAeANc=', NULL, 0, '8893734332', 'DAVID SCHOOL OF MUSIC', '', '', 'tempmail46@irepute.in', 0, 'David School of Music, Opp. Capital Village\n Apartments, Sree Ramakrishna Ashramam\n Lane, Punkunnam, Thrissur- 680002\n', '8893734332', '', '', '2023-09-06', 1, 0, 7, NULL, NULL, 0, 0),
(3233, 'pbkdf2_sha256$150000$BpsgnEZQEvT7$0fg8WCtRnNArjekMtUFrpdVYDBEls1OQdUV7b0tLNT0=', NULL, 0, '9656452059', 'KEDWNZ MUSIC ACADEMY', '', '', 'tempmail47@irepute.in', 0, 'Flamon complex\nKuriachira\nThrissur, Kerala', '9656452059', '', '', '2023-09-06', 1, 0, 7, NULL, NULL, 0, 0),
(3234, 'pbkdf2_sha256$150000$Nv64TEDk8Ual$6wZktQUvBdkkLOF+IuW7sUdHqHLHOJT9m2dn60k69SI=', NULL, 0, '9495851690', 'HARMONY SHOOL OF MUSIC', '', '', 'tempmail48@irepute.in', 0, 'Adam Bazar, Thrissur, Kerala', '9495851690', '', '', '2023-09-06', 1, 0, 7, NULL, NULL, 0, 0),
(3235, 'pbkdf2_sha256$150000$fmRe3KHKArYM$5cVHBvjUV/hTzs6VohobmeAgVB9mpnK+Fs9PxbdAZKM=', NULL, 0, '9349960035', 'COCHIN HERO MUSIC AND DANCE ACADEMY', '', '', 'tempmail49@irepute.in', 0, 'Thrissur Trade Center, 3rd Floor, Kuruppam\n Road,Thrissur', '9349960035', '', '', '2023-09-06', 1, 0, 7, NULL, NULL, 0, 0),
(3236, 'pbkdf2_sha256$150000$sHjOaYBE8BML$HEm4yExNbqDn5k9QAoUkTPtrI0f2TumrJpKw8uRhCwY=', NULL, 0, '9048777766', 'SEVEN BELLS THE SCHOOL OF ARTS', '', '', 'tempmail50@irepute.in', 0, 'Pattath Complex,\nNear St.Joseph College,\nIrinjalakuda', '9048777766', '', '', '2023-09-06', 1, 0, 7, NULL, NULL, 0, 0),
(3237, 'pbkdf2_sha256$150000$4Uz4P4n4ScOL$CfySYU01hlH2oiyrZjNmpMLJAJWv+mI5De9ZHCigfUg=', NULL, 0, '9480795719', 'ATHARVA MUSIC ACADEMY', '', '', 'tempmail52@irepute.in', 0, 'No. 611\nSriniketan, 17th Main Road\nnear NU Hospital and Satvik Kitchen\nPadmanabhanagar\nBengaluru, Karnataka', '9480795719', '', '', '2023-09-06', 1, 0, 8, NULL, NULL, 0, 0),
(3238, 'pbkdf2_sha256$150000$vM2g9MZm8L6t$0hhbMP4nk9p+9ucopIJMx2x09J5gttFdcm4kCPS9uuo=', NULL, 0, '9944167775', 'SMURUTHI CARNATIC MUSIC ACADEMY', '', '', 'tempmail53@irepute.in', 0, '53/1,West Street, R.K.Naidu Layout,\n Venkitapuram, ', '9944167775', '', '', '2023-09-06', 1, 0, 1, NULL, NULL, 0, 0),
(3239, 'pbkdf2_sha256$150000$GkSj3hv7yuHM$FfW/LqVODwEeyElL9GKHDFElu+ggsAR4+YeT55RxI8Y=', NULL, 0, '9841979646', 'PADMA KALYANI MUSIC INSTITUTE', '', '', 'tempmail54@irepute.in', 0, 'NO,4\n39, Nowroji Street\nKrishnamoorthy Nagar, Kodungaiyur\nChennai,', '9841979646', '', '', '2023-09-06', 1, 0, 4, NULL, NULL, 0, 0),
(3240, 'pbkdf2_sha256$150000$miAm2hdk9pis$kv7aATmtQk0/BpTZDGr0R+BFcgEz3qEkZFWDpr8KKT8=', NULL, 0, '9629734767', 'ROSIANO MUSIC ACADEMY', '', '', 'tempmail55@irepute.in', 0, 'NGO Colony, Masilamanipuram\nDindigul', '9629734767', '', '', '2023-09-06', 1, 0, 9, NULL, NULL, 0, 0),
(3241, 'pbkdf2_sha256$150000$Qholv98ud1iU$Cidl0JI6+KwmG6J02zElkABb2V3vksAlaiPzaQOitkM=', NULL, 0, '9443384170', 'KEERTHANAS MUSIC', '', '', 'tempmail57@irepute.in', 0, '133A, Marutha Kutty Street Saibaba Colony, \nK.K Pudur, Coimbatore', '9443384170', '', '', '2023-09-06', 1, 0, 1, NULL, NULL, 0, 0),
(3242, 'pbkdf2_sha256$150000$iUN0SuMoomzZ$kGWItcwfEltrWa+lM8ySsZQa4h0/VFBtppEJpVbVeuE=', NULL, 0, '9626908979', 'SANGEETHA MUSIC ACADEMY', '', '', 'tempmail58@irepute.in', 0, ' Abad plaza complex,Thalassery Restaurant \nupstairs, Commercial Rd, Ooty.', '9626908979', '', '', '2023-09-06', 1, 0, 11, NULL, NULL, 0, 0),
(3243, 'pbkdf2_sha256$150000$9ct9Kj3m2jpQ$FqXQYUVg5ue91CrMBYj7ywlt2/1IizDBVF8admv8KFk=', NULL, 0, '9489780771', 'CRYSTOVOX MUSIC SPACE', '', '', 'tempmail59@irepute.in', 0, '209, C7/A3, Missionary Hill, Stone House Po\nOoty.', '9489780771', '', '', '2023-09-06', 1, 0, 11, NULL, NULL, 0, 0),
(3244, 'pbkdf2_sha256$150000$oyZNBFS7g4kD$GkqQpfPuTOR218i/NmNB85ABCkk4MHhwWHrNhkndEOg=', NULL, 0, '9486463106', 'RICHARD,S GUITAR CLASS', '', '', 'tempmail60@irepute.in', 0, 'Building, 56 Upstairs - Adv. Ramnath\n, Pudupettai N St, near Eagle Book Centre, Palayamkottai, Tirunelveli.', '9486463106', '', '', '2023-09-06', 1, 0, 12, NULL, NULL, 0, 0),
(3245, 'pbkdf2_sha256$150000$pfNIzswTvLmc$DPOJ+T/0arUb5wdpLRbfFWabYGYgGR/qJV0lxhOy4ho=', NULL, 0, '9751648220', 'THENI 7 NOTES MUSIC ACADEMY', '', '', 'tempmail61@irepute.in', 0, 'Near Western Gatz Hotel,Opp. \nSky Walk Play School,Theni ', '9751648220', '', '', '2023-09-06', 1, 0, 13, NULL, NULL, 0, 0),
(3246, 'pbkdf2_sha256$150000$j8poM4WlQImA$9zFlH3Wfe6BX9BD5cTse9jkgUAmTHYX0AzUQA+Rahr0=', NULL, 0, '7406909996', 'TRISHAN SCHOOL OF MUSIC ART &DANCE', '', '', 'tempmail62@irepute.in', 0, 'No.2579, 13 Cross, 27th Main Rd, 1st Sector\n, HSR Layout, Bengaluru,', '7406909996', '', '', '2023-09-06', 1, 0, 8, NULL, NULL, 0, 0),
(3247, 'pbkdf2_sha256$150000$AfigPxEZKm5f$Clr4skaOGJJlydBrJSONXnrreLRkcXa8SjhhVM02OQM=', NULL, 0, '9535164075', 'SOUND AND SILENCE MUSIC ACADEMY', '', '', 'tempmail63@irepute.in', 0, 'No.48, 2nd Floor, 12th cross\nEjipura Main Road\nnear Bus Stop\nEjipura\nBengaluru, ', '9535164075', '', '', '2023-09-06', 1, 0, 8, NULL, NULL, 0, 0),
(3248, 'pbkdf2_sha256$150000$uFFCBq6nfser$+rqUxn/aeLKDcyAmYtgn6nVK+u7zYSZGejGhujniBrw=', NULL, 0, '7848828829', 'THE MUSIC SCHOOL BANNGLORE', '', '', 'tempmail64@irepute.in', 0, '202 Premier Presidency\n#35/17, Langford Road,\nShantinagar, Bangalore', '7848828829', '', '', '2023-09-06', 1, 0, 8, NULL, NULL, 0, 0),
(3249, 'pbkdf2_sha256$150000$PxHSYEzeN3Op$9jMLPnFzmJ/Y1wvvqTpfzySAUgjqj/AdGre9o4yQLOo=', NULL, 0, '7760523376', 'ARVI SCHOOL OF MUSIC AND FINE ARTS', '', '', 'tempmail65@irepute.in', 0, '49/3 Simhadri, Pipeline Road, Mathikere,\n Bengaluru, Karnataka,', '7760523376', '', '', '2023-09-06', 1, 0, 8, NULL, NULL, 0, 0),
(3250, 'pbkdf2_sha256$150000$BMDI5TEaagGx$zV0sDt2th1yylEf+vQK5bd/x5nh+DwIqrzvU72FnMDQ=', NULL, 0, '9686950505', 'SANGEET SADHANA ', '', '', 'tempmail66@irepute.in', 0, '720, 9th main, 4th Block, Kormangala, Bangalore - 560034\nLandmark: Sony World Signal', '9686950505', '', '', '2023-09-06', 1, 0, 8, NULL, NULL, 0, 0),
(3251, 'pbkdf2_sha256$150000$5ue3HB8wESdX$iBWRpVUhyeNWqHZtI7sw/yNX+lfqVr6WQt/hRcwK6Gc=', NULL, 0, '8344383881', 'VENTURES MUSIC ACADEMY', '', '', 'tempmail74@irepute.in', 0, 'Perumal kovil 1st, Sanglee, Sangili Konar\n Thottam, Edayarpalayam, Coimbatore', '8344383881', '', '', '2023-09-06', 1, 0, 1, NULL, NULL, 0, 0),
(3252, 'pbkdf2_sha256$150000$2n4yAaZcFw01$dZoAnBPkXrZkmV7NlD4iWvhgUVbfoemB6qRX+tQfalg=', NULL, 0, '9487954995', 'GURU BRAHMA MUSIC ACADEMY', '', '', 'tempmail76@irepute.in', 0, 'NO.4, VISHVESHWARAYYA STREET NO.1\nCHURCH ROAD, K.K. PUDUR, SAIBABA COLONY\nCOIMBATORE ', '9487954995', '', '', '2023-09-06', 1, 0, 1, NULL, NULL, 0, 0),
(3253, 'pbkdf2_sha256$150000$hap6E2xc9Q3t$BZd0vN1Mkfnt3bFMCBaRVLjyec5LdE1XCLFCJvvoyj8=', NULL, 0, '9944706765', 'PRISMONE MUSIC ACADEMY', '', '', 'tempmail77@irepute.in', 0, '2nd Floor, VAISHNAVI COMPLEX, 82, \nMaruthamalai Rd, Vadavalli, Coimbatore', '9944706765', '', '', '2023-09-06', 1, 0, 1, NULL, NULL, 0, 0),
(3254, 'pbkdf2_sha256$150000$gLMYoRNpSngs$Zm9Lxlq7/zmgP5ntXjVaLZBJAbvNb/Yw1J7rx0uWb0M=', NULL, 0, '9843260066', 'CCA MUSIC ACADEMY', '', '', 'tempmail78@irepute.in', 0, 'NO 266 AVINASHIROAD, VARADARAJA MILLS \n,PEELAMEDU ,COIMBATORE', '9843260066', '', '', '2023-09-06', 1, 0, 1, NULL, NULL, 0, 0),
(3255, 'pbkdf2_sha256$150000$ttcUePN3rr7y$yUuiWtSBTqvgMtcDUx862QQbisJPPahmFfRR4ebvRmM=', NULL, 0, '9894478876', 'TREBLE CLEF MUSIC ACADEMY', '', '', 'tempmail79@irepute.in', 0, '641002, 32, NSR Rd, Sukrawar Pettai, \nR.S. Puram, Coimbatore', '9894478876', '', '', '2023-09-06', 1, 0, 1, NULL, NULL, 0, 0),
(3256, 'pbkdf2_sha256$150000$kXMCGYwdx2Hy$YZLFN/u/ME2u7MND7iQ75oxBXzWZ0hg+9yz7VxfWgR0=', NULL, 0, '9944022359', 'PERIYAVA CARNATIC MUSIC ACADEMY', '', '', 'tempmail81@irepute.in', 0, ' Balaji nagar Extension, SPK Nagar,\n Navavoor Pirivu, Coimbatore.', '9944022359', '', '', '2023-09-06', 1, 0, 1, NULL, NULL, 0, 0),
(3257, 'pbkdf2_sha256$150000$shGeHshUr3tG$6GyhBaofFbKrHlpS0ljNWv24S5/uu90qTfl+Ro7Edig=', NULL, 0, '7708403942', 'GROOVES MUSIC SCHOOL', '', '', 'tempmail83@irepute.in', 0, '16/2 Mahalaksmi kovil street, Masakkalipalayam Varadharaja Puram\nroad above Brute Fitness Studio\nCoimbatore, ', '7708403942', '', '', '2023-09-06', 1, 0, 1, NULL, NULL, 0, 0),
(3258, 'pbkdf2_sha256$150000$NiPtW9qXPQ0i$HloQjfHXMzXKGDg0fJVB+797glIsqikT2GRQ9G1LXnY=', NULL, 0, '9952723452\n', 'STAR ACADEMY', '', '', 'tempmail86@irepute.in', 0, 'No. 3, Doak nagar\n4th Street\nKochadai\nMadurai, ', '9952723452', '', '', '2023-09-06', 1, 0, 3, NULL, NULL, 0, 0),
(3259, 'pbkdf2_sha256$150000$xL5U4fAan9Qt$JFeANbgqat6srdXriAXyk9jYl9WmhImXBsKjnaDrhDw=', NULL, 0, '9159811011\n', 'ISAI YUGAM ACADEMY OF PERFORMING \nARTS', '', '', 'tempmail89@irepute.in', 0, 'Isai Yugam Academy Of Performing Arts,\nNo.35, George Joseph Street,\nKamarajapuram, Madurai', '9159811011', '', '', '2023-09-06', 1, 0, 3, NULL, NULL, 0, 0),
(3260, 'pbkdf2_sha256$150000$7ywiDQ5TSrv5$0YjbUxik6iZASRVk6uYLEhDqrPyY15b9U3aRvLAOH9c=', NULL, 0, '9840320567\n', 'JOEL MUSIC ACADEMY', '', '', 'tempmail95@irepute.in', 0, '20, Sandhya Street\n3rd st\nDurai Samy Nagar\nMadurai', '9840320567', '', '', '2023-09-06', 1, 0, 3, NULL, NULL, 0, 0),
(3261, 'pbkdf2_sha256$150000$fpxmkCtd2vwC$9gRkpGmpj27XgScj1KVFGAv6n/BjSHHI0vURy/llLV0=', NULL, 0, '9843076582', 'SRI SATHGURU SANGITHA VITHYALAYAM', '', '', 'tempmail97@irepute.in', 0, 'Sri Sathguru Sangeetha Vidyalayam –\nCollege of Music & Research Centre,\n15.A, Gokhale Road,\nTallakulam P.O.,\nMadurai', '9843076582', '', '', '2023-09-06', 1, 0, 3, NULL, NULL, 0, 0),
(3262, 'pbkdf2_sha256$150000$2nrbeWVETK27$5dAVzrl2myycZo9cH9sIbM4ykNBWwg6K/zL8mW+y/ng=', NULL, 0, '9894138247', 'ANGEL INSTITUTE OF MUSIC', '', '', 'tempmail101@irepute.in', 0, 'SKV Complex, 2nd floor\nopposite SBI ATM\nRayapuram\nTiruppur', '9894138247', '', '', '2023-09-06', 1, 0, 17, NULL, NULL, 0, 0),
(3263, 'pbkdf2_sha256$150000$brYxnoVitEbh$5KHJGYxUe6o4KCRpNnXG/1d18AaIc9Vy6fNOQIbwN7I=', NULL, 0, '9159433229', 'GIDEON RYTHMS SCHOOL OF MUSIC', '', '', 'tempmail102@irepute.in', 0, 'Kurinji agency\nAvinashi - Tiruppur Road\nPeriyar Colony\nTiruppur,', '9159433229', '', '', '2023-09-06', 1, 0, 17, NULL, NULL, 0, 0),
(3264, 'pbkdf2_sha256$150000$nDgNyIIZEuAC$JA2kDtql7avLJjLI1+6Dgmxd79z+m32EZFQtea79cgE=', NULL, 0, '6384487792', 'KRISHNAGIRI MUSIC ACADEMY', '', '', 'tempmail107@irepute.in', 0, 'No. 30/1, R.K. Mutt Road, Vedanta Desigar \nSwami St, Vinayaka Nagar Colony, Mylapore\n Chennai,', '6384487792', '', '', '2023-09-06', 1, 0, 4, NULL, NULL, 0, 0),
(3265, 'pbkdf2_sha256$150000$BZZYNoKaV7MD$arNyAVZM8bYv+0nRGGVSIL65CgrobGd3vdmHxPr+fr0=', NULL, 0, '9884844998', 'HONEYCOMB ACADEMY SCHOOL OF MUSIC', '', '', 'tempmail108@irepute.in', 0, 'No-17\n9, 2nd Link Street\nCIT Colony, Mylapore\nChennai', '9884844998', '', '', '2023-09-06', 1, 0, 4, NULL, NULL, 0, 0),
(3266, 'pbkdf2_sha256$150000$IidrgpUca1uW$QfGsQXswjk84CWDxXUaEIaevM72HgFjkKM74qaDxxdk=', NULL, 0, '9840053062', 'GALILEE ACADEMY OF MUSIC', '', '', 'tempmail109@irepute.in', 0, 'No 13, Thandavarayan Street, Mylapore\n, Chennai', '9840053062', '', '', '2023-09-06', 1, 0, 4, NULL, NULL, 0, 0),
(3267, 'pbkdf2_sha256$150000$DoVDGm0DNjzf$DlWDIJTbn79yuHMhKX5YIwpvu9Q8PZldT9BhIoOMT74=', NULL, 0, '9840016565', 'KALAIMAAMANI M.S. MARTIN,S  CARNATIC\n KEYBOARD SCHOOL', '', '', 'tempmail110@irepute.in', 0, ' No.3, 2nd Main Rd, CIT Colony, Mylapore\n, Chennai', '9840016565', '', '', '2023-09-06', 1, 0, 4, NULL, NULL, 0, 0),
(3268, 'pbkdf2_sha256$150000$Ktsr5NhzNv6Y$XzRb3h7VfzL16fjODl+LXlWCK2mnAJuF/V+vsrUNK9s=', NULL, 0, '6384472284', 'RAJASEKARAN ACADEMY OF MUSIC', '', '', 'tempmail111@irepute.in', 0, 'Next to, Dr.Ambedkar Memorial, 4C Palace\n View Apts, 88, Santhome High Rd, Raja \nAnnamalai Puram, Chennai', '6384472284', '', '', '2023-09-06', 1, 0, 4, NULL, NULL, 0, 0),
(3269, 'pbkdf2_sha256$150000$Ce1xNAxGRHe4$GOKFk3uSV/y43q5KBAidgmCEQaJ8KokHQy+Yfe6CI5k=', NULL, 0, '6384492306', 'SSI SCHOOL OF MUSIC', '', '', 'tempmail112@irepute.in', 0, '24 G1, 4th Street, Madhavaram, Chennai \n- 600060 (Palaniappa Nagar)', '6384492306', '', '', '2023-09-06', 1, 0, 4, NULL, NULL, 0, 0),
(3270, 'pbkdf2_sha256$150000$dhkDzwvtIojw$4mXelxWf7F17yk6eC4qKtmVqaF7J20Pp1657P2L+MEc=', NULL, 0, '\n9094099969', 'LINOD ACADEMY OF MUSIC', '', '', 'tempmail114@irepute.in', 0, 'Nolambur, Chennai, Tamil Nadu', '9094099969', '', '', '2023-09-06', 1, 0, 4, NULL, NULL, 0, 0),
(3271, 'pbkdf2_sha256$150000$ZR6nL9wortXq$2e6kjq0WP2aGNlzjJHdqYO5aY2ocDQ3Qf+BB05EoKms=', NULL, 0, '9003032786\n', 'KM MUSIC CONSERVATARY', '', '', 'tempmail115@irepute.in', 0, '19 Vinayagapuram 2nd Street,\nMMDA Colony, Arumbakkam,\nChennai 600106,\nTamil Nadu,', '9003032786', '', '', '2023-09-06', 1, 0, 4, NULL, NULL, 0, 0),
(3272, 'pbkdf2_sha256$150000$mcGq4iuWGZtk$zrtvml9Jx0VKfHRWPVzaxuA6tfoPbpR+ZUv+BJVeCJs=', NULL, 0, '9789051150', 'AKIRA MUSIC ACADEMY', '', '', 'tempmail133@irepute.in', 0, 'Akira Music Academy\nNew 25, Old 10A, 1st Floor, 3rd Main Rd, \nKasturba Nagar, Adyar, Chennai\n, Tamil Nadu', '9789051150', '', '', '2023-09-06', 1, 0, 4, NULL, NULL, 0, 0),
(3273, 'pbkdf2_sha256$150000$dBdJeVceueUx$JVl35vHn+avt46IYf5wU91F1rUniNs0YDi0rL/einGM=', NULL, 0, '9840500033', 'JV MUSIC ACADEMY', '', '', 'tempmail134@irepute.in', 0, 'NO 64, OLD NO 32, Venkatrama Iyer St, \nSowcarpet, Kondithope, George Town\n, Chennai, Tamil Nadu 600001\n', '9840500033', '', '', '2023-09-06', 1, 0, 4, NULL, NULL, 0, 0),
(3274, 'pbkdf2_sha256$150000$EQGfkNHIA4HP$jhY5Lp0kJ3rkbeL19mPkZccY/6ciXBRM17DnpBWQyso=', NULL, 0, '9840245459', 'SA RI GA MA INSTITUTE OF MUSIC AND DANCE', '', '', 'tempmail135@irepute.in', 0, 'No.15/37, Audiyappa Street,\nGuruvappa Street Corner,\nChintadripet,Chennai-600 002.\nTamilnadu,', '9840245459', '', '', '2023-09-06', 1, 0, 4, NULL, NULL, 0, 0),
(3275, 'pbkdf2_sha256$150000$MQ7ZshV22Hdf$LvEUoQVXiki8Ms4vTG8t2SV6EIm66iiUKKiWi/wuyqo=', NULL, 0, '9500111108', 'BALALAYAM TEMPLE FOR ETERNAL TRAINING', '', '', 'tempmail136@irepute.in', 0, 'T-225, New No:16, Gandhi Street,\nPaari Nagar, Jafferkhanpet,\nChennai - 600083,\nTamil Nadu', '9500111108', '', '', '2023-09-06', 1, 0, 4, NULL, NULL, 0, 0),
(3276, 'pbkdf2_sha256$150000$emWweJGPfHfI$MBEVIbsmi29zKSAo/JG7hkgzPFNyYMNBsrkrhu7LVW8=', NULL, 0, '9790986589', 'SRI RAJASHYAMALA SCHOOL OF MUSIC', '', '', 'tempmail137@irepute.in', 0, 'No. 7/3, Munirathnam Street,\nAyyavoo Naidu Colony, Aminjikarai', '9790986589', '', '', '2023-09-06', 1, 0, 4, NULL, NULL, 0, 0),
(3277, 'pbkdf2_sha256$150000$NRqGFGESaPQP$KxzN6Dv+n6DQ0ulSLdZE9WYKVz8gItZnKr73KhilVvM=', NULL, 0, '9790916504', 'MELOMANE MUSIC ACADEMY', '', '', 'tempmail139@irepute.in', 0, 'No 44 Canal Bank Road Ra Puram\n, Mandaveli. Chennai, Tamil Nadu,', '9790916504', '', '', '2023-09-06', 1, 0, 4, NULL, NULL, 0, 0),
(3278, 'pbkdf2_sha256$150000$O8ivXcKRmCt9$7oc9qG+ndN9sMoakIdqPyWMvpVGt2aPAt2tJJx5SyEY=', NULL, 0, '9445006246', 'G7 MUSIC SCHOOL', '', '', 'tempmail140@irepute.in', 0, '3, 2, United India Colony, Kodambakkam,', '9445006246', '', '', '2023-09-06', 1, 0, 4, NULL, NULL, 0, 0),
(3279, 'pbkdf2_sha256$150000$F24TJ0c93szW$CGYHq5vTfKe+3tfF+xFFaUYx/Xo6zk6r/7aOKcurJhE=', NULL, 0, '9940593042', 'EL-OLAM MUSIC ACADEMY', '', '', 'tempmail141@irepute.in', 0, 'gangai Amman koil 1st Street', '9940593042', '', '', '2023-09-06', 1, 0, 4, NULL, NULL, 0, 0),
(3280, 'pbkdf2_sha256$150000$eDeRmS3WqZaS$AnBVS0/vMElQ4uA5S+Y4S0qWN7s8wOuKelwwgOmfiwg=', NULL, 0, '9003107583', 'HINDUSTANI MUSIC CLASS', '', '', 'tempmail142@irepute.in', 0, 'Sai Apartments, Pasumpon,\n Muthuramalingam Street, Rajaji Colony,\n Saligramam, Chennai', '9003107583', '', '', '2023-09-06', 1, 0, 4, NULL, NULL, 0, 0),
(3281, 'pbkdf2_sha256$150000$cJfHqSYR19LX$9adjxowr0kJ1Kkk1i+eepIvKLZBSOLLZmUWwnWoYcfg=', NULL, 0, '7010056450', 'PAVO SCHOOL OF MUSIC', '', '', 'tempmail143@irepute.in', 0, 'No 20, First Floor, Thirumalai Nagar Annex\n, Next to Bharath Das Matriculation School,\n Perungudi Perungudi Tolgate , Chennai,', '7010056450', '', '', '2023-09-06', 1, 0, 4, NULL, NULL, 0, 0),
(3282, 'pbkdf2_sha256$150000$7suF7XVtzSiR$93SGXqNG0SF6B8w4WAEy9Nah6BDtwbEke4KTJLtAlWw=', NULL, 0, '9941907676', 'VIBRATO SCHOOL OF MUSIC', '', '', 'tempmail144@irepute.in', 0, 'No: 11A/27, Alamelu Mangapuram,\nNear Sai Baba Temple, Mylapore,\nChennai', '9941907676', '', '', '2023-09-06', 1, 0, 4, NULL, NULL, 0, 0),
(3283, 'pbkdf2_sha256$150000$JQNkRhpLLWrM$1CI9mBDOK3Ein4NN1etDHylhA7MrwMULAZwdPEuQDwY=', NULL, 0, '9790964807', 'JAY MUSIC ACADEMY', '', '', 'tempmail145@irepute.in', 0, '390 , CTH Road Thirunindravur  Chennai', '9790964807', '', '', '2023-09-06', 1, 0, 4, NULL, NULL, 0, 0),
(3284, 'pbkdf2_sha256$150000$dUZ3mRP1nHFa$uKe/6hZ21HJVGOVRGCyr3tbLf9CLo1lq2gv4/KiK+ls=', NULL, 0, '9841070001', 'KUZHAL ISAI PATTARAI', '', '', 'tempmail146@irepute.in', 0, 'No.10/734, 3rd Main Road\n, VGP Babu Nagar, Medavakkam, Chennai - ', '9841070001', '', '', '2023-09-06', 1, 0, 4, NULL, NULL, 0, 0),
(3285, 'pbkdf2_sha256$150000$RrHp7dpaIHV4$Ym3Iw7dIx46MzcPk8cc/6STt/e+08qNG26Elte28iCk=', NULL, 0, '9841031680', 'FLUTE MAESTRO BHASKARAN BILVA MUSIC', '', '', 'tempmail147@irepute.in', 0, ' New No:65,Old No:22\n“KESAVA Apartments,\n3Rd Floor,\nMusiri Subramaniam Road (Oliver Road)\nMylapore,', '9841031680', '', '', '2023-09-06', 1, 0, 4, NULL, NULL, 0, 0),
(3286, 'pbkdf2_sha256$150000$vTiB9DwK8XbZ$J5E42YkwCEc5PNDHOPmnYMZQA4A31/sctVB42lWE15g=', NULL, 0, '9176865690', 'SRI MAHA PERIYAVA SCHOOL \nOF MRIDANGAM', '', '', 'tempmail148@irepute.in', 0, '# 26/180, Parasuraman 1st Street,\nOld Washermanpet,\nChennai - 600021,', '9176865690', '', '', '2023-09-06', 1, 0, 4, NULL, NULL, 0, 0),
(3287, 'pbkdf2_sha256$150000$BftDZU63macn$Q2aNO6zULXSQfYCVH/iWztPD1v0GQjXag/O9MBPoAEw=', NULL, 0, '7305077787', 'SHREE MUSIC ACADEMY ', '', '', 'tempmail151@irepute.in', 0, 'No, 49C Kiddle castle International\n preschoolValatheeswaran Koil Thopu street,\nKanchipuram.', '7305077787', '', '', '2023-09-06', 1, 0, 20, NULL, NULL, 0, 0),
(3288, 'pbkdf2_sha256$150000$v6wx4SsouKEM$mMqRCu3u6zT9B1c3j8sfVQbGInGn5+sleSZNEyfQKMc=', NULL, 0, '9384160804', 'RUDHRAYAZH ACADEMY OF \nMUSIC& FINE ARTS', '', '', 'tempmail152@irepute.in', 0, '185\n61, Ekambaranathar Sannathi Street\nPeriya\nKanchipuram, Tamil Nadu 631502\nIndia\n', '9384160804', '', '', '2023-09-06', 1, 0, 20, NULL, NULL, 0, 0),
(3289, 'pbkdf2_sha256$150000$FkoIu2KQ0FnC$q8SVCaQI1WOZGLApukZboT4DdsIGIy1ZDVE9cvJGM0c=', NULL, 0, '9842795583', 'VICTORY MUSICAL ACADEMY', '', '', 'tempmail153@irepute.in', 0, '4th Floor,\nSengottiah Complex,\nErode .', '9842795583', '', '', '2023-09-06', 1, 0, 2, NULL, NULL, 0, 0),
(3290, 'pbkdf2_sha256$150000$AblH2yKTSxZS$NpmZuBEYx2KO/E4TK9jUCcM7W3c2BXqaPiFvZNpqegA=', NULL, 0, '9442265185', 'SHAPTHA SWARANGAL', '', '', 'tempmail154@irepute.in', 0, '582, Perundurai Road,\nNear Dr.Sathyamoorthi Hospital,\nErode', '9442265185', '', '', '2023-09-06', 1, 0, 2, NULL, NULL, 0, 0),
(3291, 'pbkdf2_sha256$150000$ScPLCktZ0JSD$5duto+eHLxmFsr+OQbKkqvv0ztJj+wLElks/4P6+Cvc=', NULL, 0, '9442605476', 'YOGE SWARAA MUSIC ACADEMY', '', '', 'tempmail155@irepute.in', 0, '288-A, 1st & 2nd Floor, Chinnamuthu\n Angammal Mini Hall\nnear Kasthuri Aranganathar Temple\nErode.', '9442605476', '', '', '2023-09-06', 1, 0, 2, NULL, NULL, 0, 0),
(3292, 'pbkdf2_sha256$150000$mdxSxnyuDNBA$tRNTn3Izuc7sMroCVPcrJWyf3k4XKMl7/XCbYTwGUAM=', NULL, 0, '9944428822', 'SHINE SCHOOL OF MUSIC', '', '', 'tempmail156@irepute.in', 0, 'Palaghat Road\nPollachi.', '9944428822', '', '', '2023-09-06', 1, 0, 21, NULL, NULL, 0, 0),
(3293, 'pbkdf2_sha256$150000$DZXNnZyQgSMb$I011FSzGBF4HOqNuD1Jp+uZ17bEeG97jGeEjvQjB2Wo=', NULL, 0, '8825767471', 'NISAARI', '', '', 'tempmail157@irepute.in', 0, '50/78 L.I.G Colony-1 , Mahalingapuram\nnear Sindhiya Ortho hospital\nPollachi.', '8825767471', '', '', '2023-09-06', 1, 0, 21, NULL, NULL, 0, 0),
(3294, 'pbkdf2_sha256$150000$hGXigG72u8FC$qL2A521ayK7h8sb0IPpNaGZcuC3yjf8R1dTYiiP9pDM=', NULL, 0, '9944455189', 'MUSIC CLASS IN POLLACHI', '', '', 'tempmail158@irepute.in', 0, 'VIJAY COMPLEX\nPalaghat Road\nPollachi.', '9944455189', '', '', '2023-09-06', 1, 0, 21, NULL, NULL, 0, 0),
(3295, 'pbkdf2_sha256$150000$J6SiOEdJ3QFK$vkgjZ8QtkteCviMNrwIqHxoVQbQideLjIVEXOjIjG9U=', NULL, 0, '9894427095', 'MUSIC GARDEN', '', '', 'tempmail159@irepute.in', 0, 'Near Railway Station,No 19,Morisson Street\n, Pondicherry Ho, Pondicherry. ', '9894427095', '', '', '2023-09-06', 1, 0, 22, NULL, NULL, 0, 0),
(3296, 'pbkdf2_sha256$150000$u9Q6PgF2CsTP$QtHfqG4oikqmCG8MtVYToDiQQLAAX40b5jqjSDr5Xm8=', NULL, 0, '8870566621', 'MASTERPIECE MUSIC ACADEMY', '', '', 'tempmail160@irepute.in', 0, 'No.9, Yamunai Street\nVallalar Nagar, Nainar Mandapam, Velrampet\nPuducherry, 605004\nIndia', '8870566621', '', '', '2023-09-06', 1, 0, 22, NULL, NULL, 0, 0),
(3297, 'pbkdf2_sha256$150000$6FJEaIFXulU0$jrFOY4b30T+Z+7dqo7ezf94e/5Xc/36DWN4/nICSXm4=', NULL, 0, '9994936060', 'FLOURISH SYMPHONY', '', '', 'tempmail161@irepute.in', 0, '141, Arul Padayachi Street\nNellithope, Nellitope\nPuducherry', '9994936060', '', '', '2023-09-06', 1, 0, 22, NULL, NULL, 0, 0),
(3298, 'pbkdf2_sha256$150000$gOZYszXuxOEK$Pv55TRMS8rFwkynUhgchBsve/AIeC9LkVPUt2NVvqAM=', NULL, 0, '9626874374', 'FERMATA INSTITUTE OF MUSIC', '', '', 'tempmail162@irepute.in', 0, 'No.14, Thiruvalluvar St, Depasimpet,\n Puducherry, ', '9626874374', '', '', '2023-09-06', 1, 0, 22, NULL, NULL, 0, 0),
(3299, 'pbkdf2_sha256$600000$MDbzSkQ5843aj1np5D3lwO$mLYHE9g0Ryy7MCMCsf3Ji6rBEbEulcTQ2owU4wLHqLg=', '2023-09-26 09:47:14.989560', 0, 'tempmail163@irepute.in', 'NELLAI SANKAR VIOLIN AND KEYBOARD CLASS', '', '', 'tempmail163@irepute.in', 0, '60 Feet Rd, NGO A Colony, Perumalpuram, Vasantha Nager, Tirunelveli', '9443938175', '', '', '2023-09-06', 1, 0, 12, NULL, NULL, 0, 0),
(3300, 'pbkdf2_sha256$150000$5M6sHXDoEFIY$ebwTzFP7bzscqjAyvVpcilamjSd9pmRaVHYn75pSbPM=', NULL, 0, 'kivin53181@chambile.com', 'temp ', '', 'temp ', 'kivin53181@chambile.com', 1, NULL, NULL, '', '', '2023-09-07', 1, 0, NULL, NULL, NULL, 0, 0),
(3326, 'pbkdf2_sha256$150000$yADlGGfFT04U$pP9u62AH5gdvx1jdzgF+N/mvFiRKNz0kCmmQrWVjkY4=', NULL, 0, '8807730266', 'SRM MUSIC BAND COIMBATORE', '', '', 'tempmailband2@irepute.in', 0, 'Kss nagar\nPuliakulam Road\nCoimbatore, ', '8807730266', '', '', '2023-09-07', 1, 0, 1, NULL, NULL, 0, 0),
(3327, 'pbkdf2_sha256$150000$JYkUXf6fJvb4$C9YF6qkyyyui77KjxIsb4Tgtq9HsidSbgzh8BWsNG5c=', NULL, 0, '9363112228', 'GOLDEN MUSIC BAND', '', '', 'tempmailband3@irepute.in', 0, '58-c,Arunachalam Street West,\n(Near ING Vysya Bank),\nR.S. Puram,\nCoimbatore', '9363112228', '', '', '2023-09-07', 1, 0, 1, NULL, NULL, 0, 0),
(3328, 'pbkdf2_sha256$150000$oLPMFnrUllTP$LxN23RKnXr0kmPT9JWbNv/SyAJBTwIREIA46MlLjYNs=', NULL, 0, '9952885822', 'COIMBATORE SILVER STAR BAND', '', '', 'tempmailband4@irepute.in', 0, ' Gandhi Nagar Bus Stop, Gandhi Nagar,\n Kurichi, Coimbatore,', '9952885822', '', '', '2023-09-07', 1, 0, 1, NULL, NULL, 0, 0),
(3329, 'pbkdf2_sha256$150000$e7gQWkrv6rQX$H6cKMiKYKYwWKf4/L+/QJY0WEpnztFo508Q+KVCCB6U=', NULL, 0, '8870011099', 'THE MEDIA REALM', '', '', 'tempmailband5@irepute.in', 0, 'R9, kg Garden\ncity apartment\nVedapatti Road\nNagaraja Puram\nCoimbatore, ', '8870011099', '', '', '2023-09-07', 1, 0, 1, NULL, NULL, 0, 0),
(3330, 'pbkdf2_sha256$150000$JiqFtNeopyFX$DOhD+DFVx/kuxOc2ruP/O+qtbvoz33cxtx6QXr5OBpw=', NULL, 0, '9865648264', 'DIVIN BAND PARTY', '', '', 'tempmailband6@irepute.in', 0, 'No: 63 Mettukadu\nNarasimmapuram\nKuniyamuthur, ', '9865648264', '', '', '2023-09-07', 1, 0, 1, NULL, NULL, 0, 0),
(3331, 'pbkdf2_sha256$150000$zJde9wHJWrnP$lnYNeLu8kJEQaRZJaQQNblNtDOjdYTpg40SoAqAeg5g=', NULL, 0, '9500232941', 'SRM MUSIC BAND', '', '', 'tempmailband7@irepute.in', 0, '9/10 , Thiru V K Nagar Urumandampallyam ,\nG N mills (po) , Coimbatore ', '9500232941', '', '', '2023-09-07', 1, 0, 1, NULL, NULL, 0, 0),
(3332, 'pbkdf2_sha256$150000$9f8HxBeflBfT$0HQtZiUfObFDGTrRXBJd5qWrlzCN6xS/XNgxd12kTuE=', NULL, 0, '9994234949', 'MURALEEDHARAN FLUTIST', '', '', 'tempmailband8@irepute.in', 0, 'R3 Garden City , Nagarajapuram\nPerur Road\nVedapatti\nCoimbatore', '9994234949', '', '', '2023-09-07', 1, 0, 1, NULL, NULL, 0, 0);
INSERT INTO `account_user` (`id`, `password`, `last_login`, `is_superuser`, `username`, `first_name`, `last_name`, `name`, `email`, `verified_email`, `address`, `mobile_no`, `profile_picture`, `cover_picture`, `registered_on`, `is_active`, `is_staff`, `location_id`, `instagram`, `twitter`, `webtour`, `email_subscription`) VALUES
(3333, 'pbkdf2_sha256$150000$ZextTYWuUH33$H7GXz9CYxQ/E3FdjLYgdP5OX7IeMugGQgNmIhRSO8EE=', NULL, 0, '9843027942', 'KARTHIK RAJA INSTRUNENTAL \nCONCERTZ', '', '', 'tempmailband9@irepute.in', 0, '40/50, south\nHudco Colony, Tatabad\nCoimbatore', '9843027942', '', '', '2023-09-07', 1, 0, 1, NULL, NULL, 0, 0),
(3334, 'pbkdf2_sha256$150000$h6JxBgbSSuYz$PPJmIBhqo2sFdkphOXeK/OBb0RZfT0YqR6iZJlHHh9g=', NULL, 0, '9843024430', 'DELIGHT ARCHESTRA', '', '', 'tempmailband10@irepute.in', 0, 'No : 720-A,\nOld Dhamu Nagar,\nPuliyakulam,\nCoimbatore', '9843024430', '', '', '2023-09-07', 1, 0, 1, NULL, NULL, 0, 0),
(3335, 'pbkdf2_sha256$150000$nJ5fsNvr5Iq9$/AQa6alT/6GwAUuLnVp6OHz/B76fyryN2+5H1d1UI5Q=', NULL, 0, '9042045688', 'STAR ELITE ORCHESTRA AND EVENT', '', '', 'tempmailband11@irepute.in', 0, '412, 1st floor, Selvam Complex\n, Palakkad Main Road, Kuniyamuthur\n, Coimbatore', '9042045688', '', '', '2023-09-07', 1, 0, 1, NULL, NULL, 0, 0),
(3336, 'pbkdf2_sha256$150000$X84A8FFf64BF$AgwdsX0gfckDvhIL8dlNR9J1hvalO/YvXc0x08F58SM=', NULL, 0, '9894084062', 'KOVAI SYMPHONY ORCHESTRA', '', '', 'tempmailband12@irepute.in', 0, '207 7th Street Corner Building,\n Dr Rajendra Prasad Rd, Gandhipuram,', '9894084062', '', '', '2023-09-07', 1, 0, 1, NULL, NULL, 0, 0),
(3337, 'pbkdf2_sha256$150000$IWhPqNLqzfPf$tn3vnErZq8OnPU+jrWwjXUB0bnC44RDrKXS15yeAm0I=', NULL, 0, '9842280199', 'KOVAI SARAN MELODIES ORCHESTRA', '', '', 'tempmailband13@irepute.in', 0, ' #52,DR.RADHAKRISHNA ROAD, 2ND\n STREET EXTENSION, OPPOSITE OTTY \nHOUSE,, GANDHIPURAM, Coimbatore,', '9842280199', '', '', '2023-09-07', 1, 0, 1, NULL, NULL, 0, 0),
(3339, 'pbkdf2_sha256$600000$kbVXcr7FUoQa0GuDRfJE10$rgyCjn/xMbWoDuiNr3oBLuF13WhiQxdNskAXO3cs/6M=', '2023-09-26 09:58:12.669189', 0, 'musicband@gmail.com', 'Music band', '', 'Music band', 'musicband@gmail.com', 1, '', NULL, '', '', '2023-09-26', 1, 1, NULL, NULL, NULL, 0, 0),
(3340, 'pbkdf2_sha256$600000$FOue2THpdkQdGaGxX3kbzH$NsI0Hy3v5tTAhLCAge0oTzJbvP/PPlmUklFUtuWnaUI=', NULL, 0, 'sarveshnst@gmail.com', 'sarveswaran', 'T', '', 'sarveshnst@gmail.com', 0, '', NULL, '', '', '2023-09-27', 0, 0, NULL, NULL, NULL, 0, 0),
(3341, 'pbkdf2_sha256$600000$1AKkQpcdQGgAWFX64RRNFt$JzNoMTt9d/i40tOTiUZLQa2xz0I6vRl7VDK+KhAxOf0=', NULL, 0, 'user@gmail.com', 'user band', '', 'user band', 'user@gmail.com', 0, NULL, NULL, '', '', '2023-10-16', 0, 0, NULL, NULL, NULL, 0, 0),
(3342, 'pbkdf2_sha256$600000$ktkcplV11snED9RjBmZcil$8VKrJucKHIrQDyXaIeewGE/yXckk97hHwu/XbyKOjLg=', NULL, 0, 'user1@gmail.com', 'band user', '', 'band user', 'user1@gmail.com', 0, NULL, NULL, '', '', '2023-10-16', 0, 0, NULL, NULL, NULL, 0, 0),
(3343, 'pbkdf2_sha256$600000$XAibUn0dAjkYBhWLpwEtPO$X3Cdc3iosx5BzVHzgxPCyNx3+CnZX86StGeeg1OO6+M=', '2023-10-16 14:05:30.598681', 1, 'band1@gmail.com', 'band', 'user', 'band', 'band1@gmail.com', 0, '', NULL, '', '', '2023-10-16', 1, 0, 11, NULL, NULL, 0, 0),
(3344, 'pbkdf2_sha256$600000$fCZo3VdUGJKI0cKPWctvGS$WsZP17dpV8IlXyG5Eyz4ZObIwmyw8qSPMgFZp58xlmQ=', NULL, 0, 'kiki12voo@gmail.com', 'joo ', '', 'joo ', 'kiki12voo@gmail.com', 0, NULL, NULL, '', '', '2023-10-25', 0, 0, NULL, NULL, NULL, 0, 1),
(3345, 'pbkdf2_sha256$600000$du9HeSJiDAKaP8v5Qbdl6c$lmx6gdMDUVv3NFeJwW4LPRVuyLKyVZELV6qwANLtQUI=', NULL, 0, 'vidhu.bk@gmail.com', 'vidhya B', '', 'vidhya B', 'vidhu.bk@gmail.com', 0, NULL, NULL, '', '', '2023-10-25', 0, 0, NULL, NULL, NULL, 0, 0),
(3346, 'pbkdf2_sha256$600000$GC5omAN025AkocYUJ2icSk$Fh1X5/Ps02Q4l8mhD5DoJWx7qs478fjdZ2McXCmdCZY=', NULL, 0, 'vidhu.sjc@gmail.com', 'vidhyaaa B', '', 'vidhyaaa B', 'vidhu.sjc@gmail.com', 0, NULL, NULL, '', '', '2023-10-25', 0, 0, NULL, NULL, NULL, 0, 0),
(3347, 'pbkdf2_sha256$600000$n8bdEGi6tLYujOAwcHfeTZ$S1y1yF8fUxzL+6tBDXQD0jEWvu4D3G0g/jDt0tviPCc=', NULL, 0, 'gomsarun1977@gmail.com', 'joo ', '', 'joo ', 'gomsarun1977@gmail.com', 0, NULL, NULL, '', '', '2023-10-25', 0, 0, NULL, NULL, NULL, 0, 0),
(3350, 'pbkdf2_sha256$600000$cqquzT5g8U1JT8wt70kECI$3FR3SeyOdvrIi3Cr40tsLwXKQSgvtZyrV8+Te5nC2EM=', NULL, 0, 'darim8884ss1@ipniel.com', 'MADHANKUMAR UTHAMARAJ', '', 'MADHANKUMAR UTHAMARAJ', 'darim8884ss1@ipniel.com', 0, NULL, NULL, '', '', '2023-11-01', 0, 0, NULL, NULL, NULL, 0, 1),
(3351, 'pbkdf2_sha256$600000$VsIRkNcMjlW2GOrfB9RKfU$u6rNBvRRT8smqVZNMHiofbX1hl+jIx+2ELBYZY7hurI=', '2024-10-22 09:45:03.975920', 0, 'schools@gmail.com', 'Durai', 'P', 'uma sangavi', 'schools@gmail.com', 0, 'pollachi', '9876543212', 'profile_picture_gGhXfRx.jpg', 'music-band_2Kci56P.jpg', '2023-11-01', 1, 0, 1, NULL, NULL, 1, 1),
(3352, 'qazwsxqaa', NULL, 0, 'test@gmail.com', 'test', 'test', '', 'test@gmail.com', 0, NULL, NULL, '', '', '2023-11-03', 1, 0, NULL, NULL, NULL, 0, 0),
(3353, 'user@1010', NULL, 0, 'user10@gmail.com', 'user10', 'user', '', 'user10@gmail.com', 0, NULL, NULL, '', '', '2023-11-03', 1, 0, NULL, NULL, NULL, 0, 0),
(3354, 'user@1010', NULL, 0, 'user11@gmail.com', 'user10', 'user', '', 'user11@gmail.com', 0, NULL, NULL, '', '', '2023-11-03', 1, 0, NULL, NULL, NULL, 0, 0),
(3355, 'priya@1234', NULL, 0, 'priya@gmail.com', 'priya', 'shree', '', 'priya@gmail.com', 0, NULL, NULL, '', '', '2023-11-03', 1, 0, NULL, NULL, NULL, 0, 0),
(3356, 'priya@1234', NULL, 0, 'priyashree@gmail.com', 'priya', 'shree', '', 'priyashree@gmail.com', 0, NULL, NULL, '', '', '2023-11-03', 1, 0, NULL, NULL, NULL, 0, 0),
(3357, 'user@1010', NULL, 0, 'user17@gmail.com', 'user10', 'user', '', 'user17@gmail.com', 0, NULL, NULL, '', '', '2023-11-03', 1, 0, NULL, NULL, NULL, 0, 0),
(3358, 'user@1010', NULL, 0, 'user101@gmail.com', 'user10', 'user', '', 'user101@gmail.com', 0, NULL, NULL, '', '', '2023-11-03', 1, 0, NULL, NULL, NULL, 0, 0),
(3359, 'qazwsxqaa', NULL, 0, 'test1@gmail.com', 'test1', 'test', '', 'test1@gmail.com', 0, NULL, NULL, '', '', '2023-11-03', 1, 0, NULL, NULL, NULL, 0, 0),
(3360, 'qwertyui', NULL, 0, 'test2@gmail.com', 'test1', 'test', '', 'test2@gmail.com', 0, NULL, NULL, '', '', '2023-11-03', 1, 0, NULL, NULL, NULL, 0, 0),
(3361, 'qwertyui', NULL, 0, 'test3@gmail.com', 'test1', 'test', '', 'test3@gmail.com', 0, NULL, NULL, '', '', '2023-11-03', 1, 0, NULL, NULL, NULL, 0, 0),
(3362, 'qwertyui', NULL, 0, 'test4@gmail.com', 'test1', 'test', '', 'test4@gmail.com', 0, NULL, NULL, '', '', '2023-11-03', 1, 0, NULL, NULL, NULL, 0, 0),
(3363, 'qazwsxqa', NULL, 0, 'org@gmail.com', 'organizer', 'teat', '', 'org@gmail.com', 0, NULL, NULL, '', '', '2023-11-07', 1, 0, NULL, NULL, NULL, 0, 0),
(3364, 'qazwsxqa', NULL, 0, 'organization@gmail.com', 'testing', 'test', '', 'organization@gmail.com', 0, NULL, NULL, '', '', '2023-11-07', 1, 0, NULL, NULL, NULL, 0, 0),
(3365, 'pbkdf2_sha256$600000$XlpuloSumnGeT2mLqyh2k5$ZyU2pFWt1NX4iOdGG/SLmaIErNBapzA0Hs5Tmt1EtLI=', '2024-10-19 15:40:58.424355', 1, 'band123@gmail.com', 'Priya', 'shree', '', 'band123@gmail.com', 1, 'Saibaba colony', '8754845483', 'musician_profile_9vDiJYx.jpg', '2020-02-224.jpg', '2023-11-28', 1, 1, 1, NULL, NULL, 1, 0),
(3366, '12345678', NULL, 0, 'psmk@gmail.com', 'Kalai', 'arasan', '', 'psmk@gmail.com', 0, NULL, NULL, '', '', '2023-12-09', 1, 0, NULL, NULL, NULL, 0, 0),
(3369, 'pbkdf2_sha256$600000$hLfd8kD36l99jm2PwBvEam$rU/j/RAH8d0KRP98lakCKSdu1OKnXHMy+WHdq9ipJbA=', NULL, 0, 'guru2@gmail.com', 'SriGuru', 'music schools', '', 'guru2@gmail.com', 0, 'Nilgiris,ooty', '9867564787', 'aster-flowers-art-design-26968847.jpg', '', '2023-12-19', 1, 0, 3, NULL, NULL, 0, 0),
(3373, 'pbkdf2_sha256$600000$bMVXlFmMokxjPmP1vAsJnU$isNnLZlWJSPdrAIcG6iz2xWB24VczzleE5LyMFKvYwc=', NULL, 0, 'keer@gmail.com', 'keer', 's', '', 'keer@gmail.com', 0, NULL, NULL, '', '', '2023-12-20', 1, 0, NULL, NULL, NULL, 0, 0),
(3374, 'pbkdf2_sha256$600000$f9DGBR6FiKFi6a6oqKk1JA$VnalejFkNv5r4/4qnP5OS2yD1Q+uwAs9GD4u6TZuAto=', NULL, 0, 'test10@gmail.com', 'test', 'test', '', 'test10@gmail.com', 0, NULL, NULL, '', '', '2023-12-30', 1, 0, 9, NULL, NULL, 0, 0),
(3375, 'pbkdf2_sha256$600000$jybjfXpdmt3I2YQNNwn6oq$puvloREE/tbzbflHuyyl6qSU4216ADiiZB8xGftulHw=', NULL, 0, 'test100@gmail.com', 'test', 'test', '', 'test100@gmail.com', 0, NULL, NULL, '', '', '2023-12-30', 1, 0, 9, NULL, NULL, 0, 0),
(3376, 'pbkdf2_sha256$600000$QmHj3DjO2DJbPTxk7XKby9$NKoRxCf7SJbU/BoM76Ka2+WBBNxDMAN6o17asQRSudM=', NULL, 0, 'testd100@gmail.com', 'vvc', 'test', '', 'testd100@gmail.com', 0, NULL, NULL, '', '', '2023-12-30', 1, 0, 9, NULL, NULL, 0, 0),
(3378, 'pbkdf2_sha256$600000$Tf7UasIoUjXep0wLIa0253$0T2j1nWWoG4nirVy1i+EA50Yg2cqwrhqXJYzZAh9IdQ=', '2024-07-15 12:34:43.794255', 0, 'decoderramesh@gmail.com', 'Ramesh Decoder', '', '', 'decoderramesh@gmail.com', 1, 'Saibaba colony', '9952294298', 'dp.jpeg', 'bg.jpg', '2024-06-08', 1, 0, 1, NULL, NULL, 1, 0),
(3379, 'pbkdf2_sha256$260000$KNtDMqsfuvEyPI4GTY1iUY$nkPGVwxHjsD9tRb66qtsoJ5WJtem44p30UKZUqhMC10=', NULL, 0, 'sampleuser@gmail.com', 'sample user', '', '', 'sampleuser@gmail.com', 0, NULL, NULL, '', '', '2024-06-08', 0, 0, NULL, NULL, NULL, 0, 0),
(3380, 'pbkdf2_sha256$260000$fiVXr9UVVBjTBdBjgEO14M$20wh3h8IGfTyGpeuir+sCQBZL79vupO+6Ni65C6QYWo=', '2024-06-14 14:49:36.282561', 0, 'ilovemusic@gmail.com', 'Mitun G', '', '', 'ilovemusic@gmail.com', 1, 'park town', '3245676098', 'Karpaga-vinayagar.webp', '', '2024-06-14', 1, 0, 1, NULL, NULL, 1, 0),
(3381, 'pbkdf2_sha256$260000$hponVppARTqwTPnoP1oRUa$CGpZohDu0ghvpGrSunRDLeOe8eXtjjHyQum4/jaU3vU=', '2024-06-14 11:45:00.590516', 1, 'mitun', '', '', '', NULL, 0, NULL, NULL, '', '', '2024-06-14', 1, 1, NULL, NULL, NULL, 0, 0),
(3382, 'pbkdf2_sha256$720000$3XLYomKWlyDz8MSRNVRoZQ$xiUEWuUKds4ZwDOSlQdUGV2xOwGBNwqNSf1eeIIAb/g=', NULL, 0, 'king@gmail.com', 'king new', '', '', 'king@gmail.com', 0, NULL, NULL, '', '', '2024-07-06', 0, 0, NULL, NULL, NULL, 0, 0),
(3383, 'pbkdf2_sha256$600000$h0b03nKy1FGSFz8Zg43xOj$Qs1wwYR34PClSDzZpcrMlu3tYmTQ4up2h/wW1gjU68Y=', NULL, 0, 'durai@gmail.com', 'Durai', 'Samy', '', 'durai@gmail.com', 0, 'Chennai', '9876543210', 'musician_profile_2qAIhBA.jpg', '', '2024-08-08', 1, 0, 1, NULL, NULL, 0, 0),
(3384, 'pbkdf2_sha256$600000$ugJdP17x06QzuFqBlZivat$Z/XrcP0hcb7l8jwGQjQM1pmQ54PPTYeFytcMhofvUNE=', NULL, 0, 'testing@gmail.com', 'Durai samy', '', '', 'testing@gmail.com', 0, NULL, NULL, '', '', '2024-08-09', 0, 0, NULL, NULL, NULL, 0, 0),
(3385, 'pbkdf2_sha256$600000$3pozmsBsCLWBRUbxr0iO6T$dZTViAvh7EfQSCi5e4Dh23kGX1dkSi98zYE25ldSoF0=', NULL, 0, 'alaguraj.m@irepute.co.in', 'Raju', 'Boiii', '', 'alaguraj.m@irepute.co.in', 0, NULL, NULL, '', '', '2024-08-10', 0, 0, NULL, NULL, NULL, 0, 1),
(3386, 'pbkdf2_sha256$600000$zyDjUEXM2LkTnSoe6KhbWA$twsW23sQkeO/GXimse5dbU33OwePe5ye7nNikdduVJY=', NULL, 0, 'alaguraj@gmail.com', 'Alagu', 'Raj', '', 'alaguraj@gmail.com', 0, NULL, NULL, '', '', '2024-08-12', 1, 0, 2, NULL, NULL, 0, 0),
(3387, 'pbkdf2_sha256$600000$iVVwhvkmQPw4mdMmaw8WFi$E9kMbfr9znYfdBExfd81hEH8J+vLIpb/9k6szcDsPz8=', NULL, 0, 'kiran.s@irepute.co.in', 'Kiran', 'S', '', 'kiran.s@irepute.co.in', 0, 'repute', '6665566666', 'musicschool_profile_VBGOlhE.jpg', '', '2024-08-12', 1, 0, 1, NULL, NULL, 0, 0),
(3388, 'pbkdf2_sha256$600000$ZW7OEDAsUOQZSLT8slHclR$erv1evMrRazZOQsYPjSUfZcQ5Urhdj1dwhzLze/UfKw=', '2024-08-22 11:31:25.264491', 0, 'alaguraj259@gmail.com', 'Alagu', 'Raj M', '', 'alaguraj259@gmail.com', 0, 'South Street', '7504974584', 'musician_profile_ahjtXOO.jpg', '', '2024-08-12', 1, 0, 1, NULL, NULL, 1, 0),
(3392, 'pbkdf2_sha256$600000$vsG9tmnAMrYmhluodAwd3x$XyHp+fThSRy/JSSvFnxCqDYBxCloDnve6Exn+RiS2DA=', NULL, 0, 'eventorg@gmail.com', 'eventOrg', 'org', '', 'eventorg@gmail.com', 0, 'chennai', '9876543210', 'musician_profile_sNYWRat.jpg', '', '2024-08-20', 1, 0, 1, NULL, NULL, 0, 0),
(3393, 'pbkdf2_sha256$600000$Yg6FX9lPwKkLAkOAGMmMbY$n6Gf9ku8TIt5+ZWY2afXN+qqB08jRhlV8kiWThiKWHo=', NULL, 0, 'test12@gmail.com', 'madhanU', 'umk', '', 'test12@gmail.com', 0, NULL, NULL, '', '', '2024-08-20', 1, 0, 10, NULL, NULL, 0, 0),
(3394, 'pbkdf2_sha256$600000$V1cjVdGYuzDKMWQ01EQoE4$2wVUuW0bX8xXj8bENKBe/YfdR+GgzvX7XUgXDnvxeus=', NULL, 0, 'madhanEvent@gmail.com', 'madhan', 'UMK', '', 'madhanEvent@gmail.com', 0, NULL, NULL, '', '', '2024-08-20', 1, 0, 11, NULL, NULL, 0, 0),
(3395, 'pbkdf2_sha256$600000$grFKQtVpOscopxwrPy9HI3$KBEGIMb4soVTU7FaB0wq7U6dRMrdAueyYJoM2a6hk9E=', NULL, 0, 'madhanBand@gmail.com', 'madhan', 'umk', '', 'madhanBand@gmail.com', 0, NULL, NULL, '', '', '2024-08-20', 1, 0, 13, NULL, NULL, 0, 0),
(3396, 'pbkdf2_sha256$600000$VKBVGWivfC6IuO1e0d2Z4h$i3NxtLlE4BnXnW/tV3b9kNEQH43rFadr0xKIv1VUeAM=', NULL, 0, 'madhanMusic@gmail.com', 'madhan', 'umk', '', 'madhanMusic@gmail.com', 0, NULL, NULL, '', '', '2024-08-20', 1, 0, 12, NULL, NULL, 0, 0),
(3397, 'pbkdf2_sha256$600000$2x8J58u9rK3r74hzYcZ5TO$PdtsO4BXdCPbWEFITVT3pgoaG5qZtEzrzNHHt+XxDJQ=', NULL, 0, 'madhanEvents@gmail.com', 'madhan', 'umk', '', 'madhanEvents@gmail.com', 0, 'test', '9876543210', 'profile_picture_W9dmSLw.jpg', '', '2024-08-20', 1, 0, 1, NULL, NULL, 0, 0),
(3398, 'pbkdf2_sha256$600000$kRkWMVHds0QCztfOfanZAU$c3k05h6TNQI/VtUvECWM+YIxUDg02aHjP07F/Au4wTY=', '2024-08-21 09:42:33.603900', 0, 'madhanorg@gmail.com', 'madhan', 'umk', '', 'madhanorg@gmail.com', 0, 'test', '9876543218', 'profile_picture_zit0e7h.jpg', '', '2024-08-20', 1, 0, 1, NULL, NULL, 1, 0),
(3399, 'pbkdf2_sha256$600000$lTcniAzydSCW0ylCuGxQBG$dnvkjzaJPF1rXX6n8HHRhHq0m429ddFyQdCRK/iYXTI=', NULL, 0, 'rdba.developer@gmail.com', 'navinkunar', 'velu', '', 'rdba.developer@gmail.com', 0, NULL, NULL, '', '', '2024-08-20', 1, 0, 3, NULL, NULL, 0, 0),
(3400, 'pbkdf2_sha256$600000$oqsysfRDrhlC3VTZo4F7pk$JtDNZKe9fqB+6lxHqw74/rgqEOK6Vb0n9S4YJWOXdc4=', NULL, 0, 'rdba@gmail.com', 'rdba', 'rdba', '', 'rdba@gmail.com', 0, NULL, NULL, '', '', '2024-08-20', 1, 0, 11, NULL, NULL, 0, 0),
(3401, 'pbkdf2_sha256$600000$nKlYgOqJ9cJ9RHsUquO1ML$VSLGo55rqcNW7kJ+T/96Ic84D4fUDe7C/CbfsG9xyMQ=', '2024-08-20 16:52:08.307932', 0, 'mail2inducs@gmail.com', 'Indumathi Navinkumar', 'Puyalraj', '', 'mail2inducs@gmail.com', 0, 'chennai', '9876543210', 'images.jpeg', '', '2024-08-20', 1, 0, 4, NULL, NULL, 1, 0),
(3402, 'pbkdf2_sha256$600000$OIX5oukVT8gujgyZqYah9h$c7NJ5bR+m6f5qjG/lAureO9/CFXr5GgS7gTOuHm7XM8=', '2024-09-02 22:28:37.296378', 0, 'afsalsyed12@gmail.com', 'Afsal', 'Syed', '', 'afsalsyed12@gmail.com', 0, 'house no 1, lane 2, street 3', '6238951719', 'musician_profile_2NDgyG6.jpg', '', '2024-08-22', 1, 0, 1, NULL, NULL, 1, 0),
(3403, 'pbkdf2_sha256$600000$btHqKybuBbvlsVxz3WBSmA$Wxw8r2zfoZ/NaJcwc4b4+6GmW6qdxUh2dGQ39X7aL2w=', NULL, 0, 'vikashvtv7@gmail.com', 'vikash', 'R', '', 'vikashvtv7@gmail.com', 0, NULL, NULL, '', '', '2024-08-30', 1, 0, 1, NULL, NULL, 0, 0),
(3404, 'pbkdf2_sha256$600000$gSyraTelvXrfixBlHtqh23$iZHQbAJ9kCc5dQOS/iAUSWIaQSvwa/nc6tLMSo4LNmU=', '2024-08-30 12:08:54.248171', 0, 'vikashvip780@gmail.com', 'vikash', 'r', '', 'vikashvip780@gmail.com', 0, 'North street', '9894848972', 'musician_profile_kTXq3y6.jpg', '', '2024-08-30', 1, 0, 1, NULL, NULL, 0, 0),
(3405, 'pbkdf2_sha256$600000$KpMdPzUT2EdhhsJqj39Zje$phDmET8BoKs+yA/uLJtyooWxumdyC1MYrZ+mbeoncTg=', NULL, 0, 'mitung62@gmail.com', 'mitun', 'g', '', 'mitung62@gmail.com', 0, 'new street', '6484848184', 'musician_profile_HRbawrK.jpg', '', '2024-08-30', 1, 0, 11, NULL, NULL, 0, 0),
(3406, 'pbkdf2_sha256$600000$b018gTVdiJpFEvPx0USQCi$A2p2aypflIkVkb7Xcdkler2mCKkL5cLY479/o57y+lo=', NULL, 0, 'karthickbalaji273@gmail.com', 'karthick balaji', 'R', '', 'karthickbalaji273@gmail.com', 0, NULL, NULL, '', '', '2024-08-30', 1, 0, 3, NULL, NULL, 0, 0),
(3407, 'pbkdf2_sha256$600000$YydVaIv3f8KNwUwTuMnCR3$Enq6F8Kb5TzHAz0hBUyCxrEFTigjjxhYDunQpYfXt7A=', '2024-08-31 15:03:28.991807', 0, '21ita62@karpagamtech.ac.in', 'new user', '2', '', '21ita62@karpagamtech.ac.in', 0, 'Hshhshddh', 'Hshshshsvs', '1000067333_9R5fB7o.jpg', '1000067335_3TVBKV6.jpg', '2024-08-31', 1, 0, 13, NULL, NULL, 0, 0);

-- --------------------------------------------------------

--
-- Table structure for table `account_userfollowing`
--

CREATE TABLE `account_userfollowing` (
  `id` int NOT NULL,
  `created` datetime(6) NOT NULL,
  `following_user_id_id` int NOT NULL,
  `user_id` int NOT NULL
) ENGINE=InnoDB DEFAULT CHARSET=utf8mb4 COLLATE=utf8mb4_0900_ai_ci;

--
-- Dumping data for table `account_userfollowing`
--

INSERT INTO `account_userfollowing` (`id`, `created`, `following_user_id_id`, `user_id`) VALUES
(98, '2023-08-08 13:28:37.887953', 65, 72),
(102, '2023-08-08 13:46:00.313876', 62, 63),
(103, '2023-08-08 13:46:20.379470', 62, 66),
(105, '2023-08-08 17:13:05.622766', 63, 72),
(273, '2024-01-03 14:18:21.640674', 71, 62),
(283, '2024-01-25 09:26:33.918610', 73, 3351),
(291, '2024-06-14 11:50:51.810505', 66, 3380),
(292, '2024-06-14 11:50:53.845425', 67, 3380),
(295, '2024-06-14 14:59:21.224298', 65, 3380),
(296, '2024-06-14 14:59:23.251390', 71, 3380),
(297, '2024-06-14 14:59:24.154092', 72, 3380),
(298, '2024-06-14 14:59:26.021378', 3300, 3380),
(299, '2024-06-14 14:59:28.141499', 3344, 3380),
(300, '2024-06-14 14:59:28.891484', 3345, 3380),
(301, '2024-06-14 14:59:29.556991', 3347, 3380),
(302, '2024-06-14 14:59:30.257472', 3364, 3380),
(303, '2024-06-14 14:59:57.010919', 63, 3380),
(304, '2024-06-14 14:59:58.011513', 64, 3380),
(305, '2024-06-14 14:59:58.868254', 73, 3380),
(306, '2024-06-14 15:00:00.363720', 248, 3380),
(307, '2024-06-14 15:00:01.116045', 247, 3380),
(308, '2024-06-14 15:00:01.914552', 246, 3380),
(309, '2024-06-14 15:00:02.965463', 79, 3380),
(310, '2024-06-14 15:00:04.333160', 249, 3380),
(311, '2024-06-14 15:00:05.333118', 250, 3380),
(312, '2024-06-14 15:00:06.034938', 251, 3380),
(313, '2024-06-14 15:00:06.938784', 252, 3380),
(314, '2024-06-14 15:00:08.436366', 255, 3380),
(315, '2024-06-14 15:00:09.103765', 254, 3380),
(316, '2024-06-14 15:00:09.894943', 253, 3380),
(317, '2024-06-14 15:00:11.070924', 256, 3380),
(318, '2024-06-14 15:00:12.371710', 260, 3380),
(319, '2024-06-14 15:00:13.074326', 259, 3380),
(320, '2024-06-14 15:00:14.360485', 258, 3380),
(321, '2024-06-14 15:00:15.357781', 257, 3380),
(322, '2024-06-14 15:00:16.393076', 261, 3380),
(323, '2024-06-14 15:00:17.127096', 262, 3380),
(324, '2024-06-14 15:00:18.349459', 263, 3380),
(325, '2024-06-14 15:00:19.259999', 264, 3380),
(326, '2024-06-14 15:00:20.303133', 268, 3380),
(327, '2024-06-14 15:00:21.164192', 267, 3380),
(328, '2024-06-14 15:00:21.850695', 266, 3380),
(329, '2024-06-14 15:00:22.546514', 265, 3380),
(330, '2024-06-14 15:00:24.314492', 269, 3380),
(331, '2024-06-14 15:00:25.131679', 270, 3380),
(332, '2024-06-14 15:00:25.885204', 3340, 3380),
(333, '2024-06-14 15:00:26.787571', 3352, 3380),
(334, '2024-06-14 15:00:28.267431', 3356, 3380),
(335, '2024-06-14 15:00:28.850239', 3355, 3380),
(336, '2024-06-14 15:00:29.687464', 3354, 3380),
(337, '2024-06-14 15:00:30.538960', 3353, 3380),
(338, '2024-06-14 15:00:32.120127', 3357, 3380),
(339, '2024-06-14 15:00:32.821338', 3358, 3380),
(340, '2024-06-14 15:00:33.503663', 3359, 3380),
(341, '2024-06-14 15:00:34.505205', 3360, 3380),
(342, '2024-06-14 15:00:35.958012', 3366, 3380),
(343, '2024-06-14 15:00:36.545313', 62, 3380),
(344, '2024-06-14 15:00:37.192443', 3362, 3380),
(345, '2024-06-14 15:00:37.964551', 3361, 3380),
(360, '2024-08-08 11:47:18.842553', 65, 3383),
(364, '2024-08-08 12:06:01.167824', 251, 3351),
(365, '2024-08-08 12:07:47.462371', 63, 3351),
(368, '2024-08-08 12:07:48.539993', 71, 3351),
(369, '2024-08-08 12:10:47.962038', 65, 3351),
(377, '2024-08-10 15:56:03.635418', 74, 3365),
(379, '2024-08-10 15:56:07.553866', 78, 3365),
(380, '2024-08-10 15:56:20.932569', 251, 3365),
(381, '2024-08-10 15:56:23.301641', 73, 3365),
(382, '2024-08-10 15:56:29.166560', 3194, 3365),
(383, '2024-08-10 15:56:33.500989', 79, 3365),
(385, '2024-08-10 18:14:32.570089', 246, 3365),
(398, '2024-08-19 11:43:51.085352', 71, 3387),
(400, '2024-08-19 11:43:54.214565', 63, 3387),
(401, '2024-08-19 11:43:56.685155', 72, 3387),
(402, '2024-08-19 11:44:00.210261', 74, 3387),
(403, '2024-08-19 11:44:01.786746', 75, 3387),
(404, '2024-08-19 11:44:03.059559', 78, 3387),
(418, '2024-08-19 11:59:09.801832', 65, 62),
(423, '2024-08-19 15:34:44.997944', 65, 3388),
(432, '2024-08-19 15:41:42.265968', 3387, 3388),
(433, '2024-08-19 15:46:22.838578', 3388, 3387),
(437, '2024-08-20 10:34:57.389721', 3383, 62),
(438, '2024-08-20 10:34:59.403851', 3386, 62),
(439, '2024-08-20 10:35:05.366275', 3387, 62),
(440, '2024-08-20 10:35:08.132582', 3388, 62),
(442, '2024-08-20 14:15:15.779542', 3400, 3401),
(443, '2024-08-20 14:15:26.915027', 3399, 3401),
(444, '2024-08-20 14:15:34.388402', 3398, 3401),
(445, '2024-08-20 14:15:48.106104', 3388, 3401),
(446, '2024-08-20 14:16:00.073324', 3295, 3401),
(447, '2024-08-21 10:16:17.598314', 3396, 3401),
(450, '2024-08-22 15:50:49.971333', 3402, 62),
(451, '2024-08-22 15:51:24.679043', 62, 3402),
(453, '2024-08-22 16:21:29.220243', 3401, 3388),
(462, '2024-08-23 11:04:06.728505', 3402, 3388),
(463, '2024-08-23 11:04:09.292536', 3397, 3388),
(464, '2024-08-23 11:04:10.181231', 3396, 3388),
(465, '2024-08-23 11:04:12.270249', 3395, 3388),
(466, '2024-08-23 11:26:53.902024', 3352, 3388),
(467, '2024-08-23 11:27:07.502354', 3275, 3388),
(477, '2024-08-26 10:23:46.084417', 3399, 65),
(479, '2024-08-26 10:23:56.400676', 3363, 65),
(481, '2024-08-26 10:24:10.308434', 3402, 65),
(485, '2024-08-26 10:24:37.078866', 62, 65),
(488, '2024-08-26 10:29:58.661047', 3401, 65),
(490, '2024-08-31 15:33:55.159392', 3330, 3407),
(491, '2024-08-31 15:33:56.470849', 3329, 3407),
(492, '2024-08-31 15:33:57.548423', 3328, 3407),
(493, '2024-08-31 15:33:58.605531', 3327, 3407),
(494, '2024-08-31 15:33:59.812496', 3326, 3407),
(495, '2024-10-17 17:56:59.107070', 3378, 62),
(500, '2024-10-17 17:57:09.695586', 66, 62);

-- --------------------------------------------------------

--
-- Table structure for table `account_user_groups`
--

CREATE TABLE `account_user_groups` (
  `id` int NOT NULL,
  `user_id` int NOT NULL,
  `group_id` int NOT NULL
) ENGINE=InnoDB DEFAULT CHARSET=utf8mb4 COLLATE=utf8mb4_0900_ai_ci;

--
-- Dumping data for table `account_user_groups`
--

INSERT INTO `account_user_groups` (`id`, `user_id`, `group_id`) VALUES
(2739, 62, 1),
(60, 63, 1),
(61, 64, 1),
(62, 65, 3),
(63, 66, 4),
(64, 67, 4),
(68, 71, 3),
(69, 72, 3),
(70, 73, 1),
(71, 74, 3),
(72, 75, 5),
(74, 77, 2),
(75, 78, 2),
(76, 79, 1),
(77, 80, 4),
(78, 81, 4),
(79, 82, 2),
(243, 246, 1),
(244, 247, 1),
(245, 248, 1),
(246, 249, 1),
(247, 250, 1),
(248, 251, 1),
(249, 252, 1),
(250, 253, 1),
(251, 254, 1),
(252, 255, 1),
(253, 256, 1),
(254, 257, 1),
(255, 258, 1),
(256, 259, 1),
(257, 260, 1),
(258, 261, 1),
(259, 262, 1),
(260, 263, 1),
(261, 264, 1),
(262, 265, 1),
(263, 266, 1),
(264, 267, 1),
(265, 268, 1),
(266, 269, 1),
(267, 270, 1),
(2560, 3190, 2),
(2561, 3191, 2),
(2562, 3192, 2),
(2563, 3193, 2),
(2564, 3194, 2),
(2565, 3195, 2),
(2566, 3196, 2),
(2567, 3197, 2),
(2568, 3198, 2),
(2569, 3199, 2),
(2570, 3200, 2),
(2571, 3201, 2),
(2572, 3202, 2),
(2573, 3203, 2),
(2574, 3204, 2),
(2575, 3205, 2),
(2576, 3206, 2),
(2577, 3207, 2),
(2578, 3208, 2),
(2579, 3209, 2),
(2580, 3210, 2),
(2581, 3211, 2),
(2582, 3212, 2),
(2583, 3213, 2),
(2584, 3214, 2),
(2585, 3215, 2),
(2586, 3216, 2),
(2587, 3217, 2),
(2588, 3218, 2),
(2589, 3219, 2),
(2590, 3220, 2),
(2591, 3221, 2),
(2592, 3222, 2),
(2593, 3223, 2),
(2594, 3224, 2),
(2595, 3225, 2),
(2596, 3226, 2),
(2597, 3227, 2),
(2598, 3228, 2),
(2599, 3229, 2),
(2600, 3230, 2),
(2601, 3231, 2),
(2602, 3232, 2),
(2603, 3233, 2),
(2604, 3234, 2),
(2605, 3235, 2),
(2606, 3236, 2),
(2607, 3237, 2),
(2608, 3238, 2),
(2609, 3239, 2),
(2610, 3240, 2),
(2611, 3241, 2),
(2612, 3242, 2),
(2613, 3243, 2),
(2614, 3244, 2),
(2615, 3245, 2),
(2616, 3246, 2),
(2617, 3247, 2),
(2618, 3248, 2),
(2619, 3249, 2),
(2620, 3250, 2),
(2621, 3251, 2),
(2622, 3252, 2),
(2623, 3253, 2),
(2624, 3254, 2),
(2625, 3255, 2),
(2626, 3256, 2),
(2627, 3257, 2),
(2628, 3258, 2),
(2629, 3259, 2),
(2630, 3260, 2),
(2631, 3261, 2),
(2632, 3262, 2),
(2633, 3263, 2),
(2634, 3264, 2),
(2635, 3265, 2),
(2636, 3266, 2),
(2637, 3267, 2),
(2638, 3268, 2),
(2639, 3269, 2),
(2640, 3270, 2),
(2641, 3271, 2),
(2642, 3272, 2),
(2643, 3273, 2),
(2644, 3274, 2),
(2645, 3275, 2),
(2646, 3276, 2),
(2647, 3277, 2),
(2648, 3278, 2),
(2649, 3279, 2),
(2650, 3280, 2),
(2651, 3281, 2),
(2652, 3282, 2),
(2653, 3283, 2),
(2654, 3284, 2),
(2655, 3285, 2),
(2656, 3286, 2),
(2657, 3287, 2),
(2658, 3288, 2),
(2659, 3289, 2),
(2660, 3290, 2),
(2661, 3291, 2),
(2662, 3292, 2),
(2663, 3293, 2),
(2664, 3294, 2),
(2665, 3295, 2),
(2666, 3296, 2),
(2667, 3297, 2),
(2668, 3298, 2),
(2669, 3299, 2),
(2670, 3300, 3),
(2695, 3326, 4),
(2696, 3327, 4),
(2697, 3328, 4),
(2698, 3329, 4),
(2699, 3330, 4),
(2700, 3331, 4),
(2701, 3332, 4),
(2702, 3333, 4),
(2703, 3334, 4),
(2704, 3335, 4),
(2705, 3336, 4),
(2706, 3337, 4),
(2711, 3339, 4),
(2712, 3340, 1),
(2713, 3341, 4),
(2714, 3342, 4),
(2715, 3343, 4),
(2716, 3344, 3),
(2717, 3345, 3),
(2718, 3346, 2),
(2719, 3347, 3),
(2722, 3350, 4),
(2723, 3351, 2),
(2724, 3352, 1),
(2725, 3353, 1),
(2726, 3354, 1),
(2727, 3355, 1),
(2728, 3356, 1),
(2729, 3357, 1),
(2730, 3358, 1),
(2731, 3359, 1),
(2732, 3360, 1),
(2733, 3361, 1),
(2734, 3362, 1),
(2735, 3363, 4),
(2736, 3364, 3),
(2737, 3365, 4),
(2740, 3366, 1),
(2743, 3369, 2),
(2747, 3373, 2),
(2748, 3374, 4),
(2749, 3375, 4),
(2750, 3376, 4),
(2752, 3378, 6),
(2753, 3379, 6),
(2754, 3380, 6),
(2755, 3382, 6),
(2756, 3383, 1),
(2757, 3384, 3),
(2758, 3385, 1),
(2759, 3386, 1),
(2760, 3387, 2),
(2761, 3388, 1),
(2765, 3392, 4),
(2766, 3393, 4),
(2767, 3394, 4),
(2768, 3395, 1),
(2769, 3396, 2),
(2770, 3397, 3),
(2771, 3398, 3),
(2772, 3399, 4),
(2773, 3400, 3),
(2774, 3401, 3),
(2775, 3402, 1),
(2776, 3403, 1),
(2777, 3404, 4),
(2778, 3405, 1),
(2779, 3406, 1),
(2780, 3407, 4);

-- --------------------------------------------------------

--
-- Table structure for table `account_user_user_permissions`
--

CREATE TABLE `account_user_user_permissions` (
  `id` int NOT NULL,
  `user_id` int NOT NULL,
  `permission_id` int NOT NULL
) ENGINE=InnoDB DEFAULT CHARSET=utf8mb4 COLLATE=utf8mb4_0900_ai_ci;

-- --------------------------------------------------------

--
-- Table structure for table `authtoken_token`
--

CREATE TABLE `authtoken_token` (
  `key` varchar(40) CHARACTER SET utf8mb3 COLLATE utf8mb3_unicode_ci NOT NULL,
  `created` datetime(6) NOT NULL,
  `user_id` int NOT NULL
) ENGINE=InnoDB DEFAULT CHARSET=utf8mb3 COLLATE=utf8mb3_unicode_ci;

--
-- Dumping data for table `authtoken_token`
--

INSERT INTO `authtoken_token` (`key`, `created`, `user_id`) VALUES
('0f2800f8e4d515e828a2f07c600d3b08537cc615', '2024-08-12 10:04:11.915052', 3386),
('17a9da391f65e0ef8440f750e54cbc79cbae3a4c', '2023-09-19 15:36:23.759186', 62),
('231711178812e1e31b7f81621f0adedcc77e8729', '2024-08-22 13:50:19.293935', 3402),
('2e406a23b4159b67fc878db5fba3bb2b8f994666', '2024-08-31 10:04:28.357009', 3407),
('3c4f4be7a41b7aeb4a8de7902d9f402953fa9523', '2024-08-20 11:26:06.474130', 3396),
('467f4096d77ef7cea4c48c1bdfb1b75582412a48', '2024-08-20 12:09:14.752344', 3399),
('47da7f7917da24f91637d9c022c6527d7a2c570e', '2024-08-08 10:45:12.064289', 3383),
('5efd2420bc07273921de12c3a51fe81f04606b93', '2024-08-30 14:42:13.556227', 3405),
('68dea64714091f493b3949d6e80d0a878766d195', '2024-08-12 11:18:04.175915', 3388),
('6abd22bf22a72b82f01872d20856b5645d611a5f', '2024-08-20 13:55:02.525951', 3401),
('7064f63e3a2578a20014f5278167eaa5fa39481f', '2024-08-20 11:22:04.173995', 3395),
('8d5ff557d015deae092fd966014f4a6145d60cab', '2024-08-30 11:22:41.116007', 3404),
('92e4212b82336384e24fedbc70151b5a3a001081', '2024-08-20 11:38:25.579969', 3398),
('94caf654ea973516d52feecbbe9ad5d7db83f085', '2023-09-22 11:01:43.002446', 65),
('a1228d16ecbda0d38ce06cb9bf259973db839054', '2024-08-30 20:32:16.813876', 3406),
('b075f1bd85ca4c7992101d262a5b6a4a53239d54', '2023-12-19 09:12:59.222298', 3369),
('b533459986b8e04b2128bb2a276f91b308bb1645', '2023-12-20 09:51:35.310495', 3373),
('b6b5cb871814902d5ca28b2b1050503060d2ec82', '2023-11-28 11:50:33.288363', 3365),
('c1d53b65aa8e13c7e8c648e6e9d2b11ddb7142cf', '2023-11-24 10:01:56.909698', 3351),
('d61356532e88860b4d759b32f0c1eb5a0e34cc58', '2024-08-30 10:54:27.697542', 3403),
('d890582cc033bf2f33dee5f8c1db6d0b38c6fc72', '2024-08-20 12:14:36.756408', 3400),
('e3aef480378af3d1b669bfa683e1f21b55ca4eef', '2024-08-12 10:29:27.172664', 3387),
('e5071f1a86463134e0703c44d2659781050ce05a', '2024-08-20 11:03:13.167517', 3392),
('fbed8051598f054dc2c8e681e5a176431f5cacb9', '2024-08-20 11:27:10.850027', 3397),
('fc44dc16688fce86f0fb17e8fd4a992ea4b62956', '2024-08-20 11:18:37.475340', 3394);

-- --------------------------------------------------------

--
-- Table structure for table `auth_group`
--

CREATE TABLE `auth_group` (
  `id` int NOT NULL,
  `name` varchar(150) NOT NULL
) ENGINE=InnoDB DEFAULT CHARSET=utf8mb4 COLLATE=utf8mb4_0900_ai_ci;

--
-- Dumping data for table `auth_group`
--

INSERT INTO `auth_group` (`id`, `name`) VALUES
(4, 'Band'),
(3, 'Event Organizer'),
(6, 'Music Lover'),
(2, 'Music School'),
(1, 'Musician'),
(5, 'Portal Admin');

-- --------------------------------------------------------

--
-- Table structure for table `auth_group_permissions`
--

CREATE TABLE `auth_group_permissions` (
  `id` int NOT NULL,
  `group_id` int NOT NULL,
  `permission_id` int NOT NULL
) ENGINE=InnoDB DEFAULT CHARSET=utf8mb4 COLLATE=utf8mb4_0900_ai_ci;

--
-- Dumping data for table `auth_group_permissions`
--

INSERT INTO `auth_group_permissions` (`id`, `group_id`, `permission_id`) VALUES
(19, 5, 21),
(20, 5, 22),
(10, 5, 23),
(5, 5, 24),
(6, 5, 41),
(7, 5, 42),
(8, 5, 43),
(9, 5, 44),
(11, 5, 53),
(12, 5, 54),
(13, 5, 55),
(14, 5, 56),
(15, 5, 89),
(16, 5, 90),
(17, 5, 91),
(18, 5, 92),
(1, 5, 129),
(2, 5, 130),
(3, 5, 131),
(4, 5, 132),
(21, 5, 153),
(22, 5, 154),
(23, 5, 155),
(24, 5, 156);

-- --------------------------------------------------------

--
-- Table structure for table `auth_permission`
--

CREATE TABLE `auth_permission` (
  `id` int NOT NULL,
  `name` varchar(255) NOT NULL,
  `content_type_id` int NOT NULL,
  `codename` varchar(100) NOT NULL
) ENGINE=InnoDB DEFAULT CHARSET=utf8mb4 COLLATE=utf8mb4_0900_ai_ci;

--
-- Dumping data for table `auth_permission`
--

INSERT INTO `auth_permission` (`id`, `name`, `content_type_id`, `codename`) VALUES
(1, 'Can add log entry', 1, 'add_logentry'),
(2, 'Can change log entry', 1, 'change_logentry'),
(3, 'Can delete log entry', 1, 'delete_logentry'),
(4, 'Can view log entry', 1, 'view_logentry'),
(5, 'Can add permission', 2, 'add_permission'),
(6, 'Can change permission', 2, 'change_permission'),
(7, 'Can delete permission', 2, 'delete_permission'),
(8, 'Can view permission', 2, 'view_permission'),
(9, 'Can add group', 3, 'add_group'),
(10, 'Can change group', 3, 'change_group'),
(11, 'Can delete group', 3, 'delete_group'),
(12, 'Can view group', 3, 'view_group'),
(13, 'Can add content type', 4, 'add_contenttype'),
(14, 'Can change content type', 4, 'change_contenttype'),
(15, 'Can delete content type', 4, 'delete_contenttype'),
(16, 'Can view content type', 4, 'view_contenttype'),
(17, 'Can add session', 5, 'add_session'),
(18, 'Can change session', 5, 'change_session'),
(19, 'Can delete session', 5, 'delete_session'),
(20, 'Can view session', 5, 'view_session'),
(21, 'Can add user', 6, 'add_user'),
(22, 'Can change user', 6, 'change_user'),
(23, 'Can delete user', 6, 'delete_user'),
(24, 'Can view user', 6, 'view_user'),
(25, 'Can add blocked_ user', 7, 'add_blocked_user'),
(26, 'Can change blocked_ user', 7, 'change_blocked_user'),
(27, 'Can delete blocked_ user', 7, 'delete_blocked_user'),
(28, 'Can view blocked_ user', 7, 'view_blocked_user'),
(29, 'Can add chat', 8, 'add_chat'),
(30, 'Can change chat', 8, 'change_chat'),
(31, 'Can delete chat', 8, 'delete_chat'),
(32, 'Can view chat', 8, 'view_chat'),
(33, 'Can add conversation', 9, 'add_conversation'),
(34, 'Can change conversation', 9, 'change_conversation'),
(35, 'Can delete conversation', 9, 'delete_conversation'),
(36, 'Can view conversation', 9, 'view_conversation'),
(37, 'Can add course', 10, 'add_course'),
(38, 'Can change course', 10, 'change_course'),
(39, 'Can delete course', 10, 'delete_course'),
(40, 'Can view course', 10, 'view_course'),
(41, 'Can add event_ organizer', 11, 'add_event_organizer'),
(42, 'Can change event_ organizer', 11, 'change_event_organizer'),
(43, 'Can delete event_ organizer', 11, 'delete_event_organizer'),
(44, 'Can view event_ organizer', 11, 'view_event_organizer'),
(45, 'Can add event_ organizer_ highlight', 12, 'add_event_organizer_highlight'),
(46, 'Can change event_ organizer_ highlight', 12, 'change_event_organizer_highlight'),
(47, 'Can delete event_ organizer_ highlight', 12, 'delete_event_organizer_highlight'),
(48, 'Can view event_ organizer_ highlight', 12, 'view_event_organizer_highlight'),
(49, 'Can add event_ performer', 13, 'add_event_performer'),
(50, 'Can change event_ performer', 13, 'change_event_performer'),
(51, 'Can delete event_ performer', 13, 'delete_event_performer'),
(52, 'Can view event_ performer', 13, 'view_event_performer'),
(53, 'Can add gurukulam', 14, 'add_gurukulam'),
(54, 'Can change gurukulam', 14, 'change_gurukulam'),
(55, 'Can delete gurukulam', 14, 'delete_gurukulam'),
(56, 'Can view gurukulam', 14, 'view_gurukulam'),
(57, 'Can add gurukulam_ award', 15, 'add_gurukulam_award'),
(58, 'Can change gurukulam_ award', 15, 'change_gurukulam_award'),
(59, 'Can delete gurukulam_ award', 15, 'delete_gurukulam_award'),
(60, 'Can view gurukulam_ award', 15, 'view_gurukulam_award'),
(61, 'Can add gurukulam_ skill', 16, 'add_gurukulam_skill'),
(62, 'Can change gurukulam_ skill', 16, 'change_gurukulam_skill'),
(63, 'Can delete gurukulam_ skill', 16, 'delete_gurukulam_skill'),
(64, 'Can view gurukulam_ skill', 16, 'view_gurukulam_skill'),
(65, 'Can add gurukulam_ teacher', 17, 'add_gurukulam_teacher'),
(66, 'Can change gurukulam_ teacher', 17, 'change_gurukulam_teacher'),
(67, 'Can delete gurukulam_ teacher', 17, 'delete_gurukulam_teacher'),
(68, 'Can view gurukulam_ teacher', 17, 'view_gurukulam_teacher'),
(69, 'Can add gurukulam_ testimonial', 18, 'add_gurukulam_testimonial'),
(70, 'Can change gurukulam_ testimonial', 18, 'change_gurukulam_testimonial'),
(71, 'Can delete gurukulam_ testimonial', 18, 'delete_gurukulam_testimonial'),
(72, 'Can view gurukulam_ testimonial', 18, 'view_gurukulam_testimonial'),
(73, 'Can add highlight', 19, 'add_highlight'),
(74, 'Can change highlight', 19, 'change_highlight'),
(75, 'Can delete highlight', 19, 'delete_highlight'),
(76, 'Can view highlight', 19, 'view_highlight'),
(77, 'Can add highlight_ category', 20, 'add_highlight_category'),
(78, 'Can change highlight_ category', 20, 'change_highlight_category'),
(79, 'Can delete highlight_ category', 20, 'delete_highlight_category'),
(80, 'Can view highlight_ category', 20, 'view_highlight_category'),
(81, 'Can add key_ performer', 21, 'add_key_performer'),
(82, 'Can change key_ performer', 21, 'change_key_performer'),
(83, 'Can delete key_ performer', 21, 'delete_key_performer'),
(84, 'Can view key_ performer', 21, 'view_key_performer'),
(85, 'Can add lecture_ video', 22, 'add_lecture_video'),
(86, 'Can change lecture_ video', 22, 'change_lecture_video'),
(87, 'Can delete lecture_ video', 22, 'delete_lecture_video'),
(88, 'Can view lecture_ video', 22, 'view_lecture_video'),
(89, 'Can add musician', 23, 'add_musician'),
(90, 'Can change musician', 23, 'change_musician'),
(91, 'Can delete musician', 23, 'delete_musician'),
(92, 'Can view musician', 23, 'view_musician'),
(93, 'Can add musician_ award', 24, 'add_musician_award'),
(94, 'Can change musician_ award', 24, 'change_musician_award'),
(95, 'Can delete musician_ award', 24, 'delete_musician_award'),
(96, 'Can view musician_ award', 24, 'view_musician_award'),
(97, 'Can add musician_ gurukulam', 25, 'add_musician_gurukulam'),
(98, 'Can change musician_ gurukulam', 25, 'change_musician_gurukulam'),
(99, 'Can delete musician_ gurukulam', 25, 'delete_musician_gurukulam'),
(100, 'Can view musician_ gurukulam', 25, 'view_musician_gurukulam'),
(101, 'Can add musician_ highlight', 26, 'add_musician_highlight'),
(102, 'Can change musician_ highlight', 26, 'change_musician_highlight'),
(103, 'Can delete musician_ highlight', 26, 'delete_musician_highlight'),
(104, 'Can view musician_ highlight', 26, 'view_musician_highlight'),
(105, 'Can add musician_ skill', 27, 'add_musician_skill'),
(106, 'Can change musician_ skill', 27, 'change_musician_skill'),
(107, 'Can delete musician_ skill', 27, 'delete_musician_skill'),
(108, 'Can view musician_ skill', 27, 'view_musician_skill'),
(109, 'Can add post', 28, 'add_post'),
(110, 'Can change post', 28, 'change_post'),
(111, 'Can delete post', 28, 'delete_post'),
(112, 'Can view post', 28, 'view_post'),
(113, 'Can add post_ comment', 29, 'add_post_comment'),
(114, 'Can change post_ comment', 29, 'change_post_comment'),
(115, 'Can delete post_ comment', 29, 'delete_post_comment'),
(116, 'Can view post_ comment', 29, 'view_post_comment'),
(117, 'Can add skill', 30, 'add_skill'),
(118, 'Can change skill', 30, 'change_skill'),
(119, 'Can delete skill', 30, 'delete_skill'),
(120, 'Can view skill', 30, 'view_skill'),
(121, 'Can add skill_ category', 31, 'add_skill_category'),
(122, 'Can change skill_ category', 31, 'change_skill_category'),
(123, 'Can delete skill_ category', 31, 'delete_skill_category'),
(124, 'Can view skill_ category', 31, 'view_skill_category'),
(125, 'Can add skill_ level', 32, 'add_skill_level'),
(126, 'Can change skill_ level', 32, 'change_skill_level'),
(127, 'Can delete skill_ level', 32, 'delete_skill_level'),
(128, 'Can view skill_ level', 32, 'view_skill_level'),
(129, 'Can add troupe', 33, 'add_troupe'),
(130, 'Can change troupe', 33, 'change_troupe'),
(131, 'Can delete troupe', 33, 'delete_troupe'),
(132, 'Can view troupe', 33, 'view_troupe'),
(133, 'Can add user following', 34, 'add_userfollowing'),
(134, 'Can change user following', 34, 'change_userfollowing'),
(135, 'Can delete user following', 34, 'delete_userfollowing'),
(136, 'Can view user following', 34, 'view_userfollowing'),
(137, 'Can add troupe_ skill', 35, 'add_troupe_skill'),
(138, 'Can change troupe_ skill', 35, 'change_troupe_skill'),
(139, 'Can delete troupe_ skill', 35, 'delete_troupe_skill'),
(140, 'Can view troupe_ skill', 35, 'view_troupe_skill'),
(141, 'Can add troupe_ highlight', 36, 'add_troupe_highlight'),
(142, 'Can change troupe_ highlight', 36, 'change_troupe_highlight'),
(143, 'Can delete troupe_ highlight', 36, 'delete_troupe_highlight'),
(144, 'Can view troupe_ highlight', 36, 'view_troupe_highlight'),
(145, 'Can add report_ people', 37, 'add_report_people'),
(146, 'Can change report_ people', 37, 'change_report_people'),
(147, 'Can delete report_ people', 37, 'delete_report_people'),
(148, 'Can view report_ people', 37, 'view_report_people'),
(149, 'Can add reply', 38, 'add_reply'),
(150, 'Can change reply', 38, 'change_reply'),
(151, 'Can delete reply', 38, 'delete_reply'),
(152, 'Can view reply', 38, 'view_reply'),
(153, 'Can add location', 39, 'add_location'),
(154, 'Can change location', 39, 'change_location'),
(155, 'Can delete location', 39, 'delete_location'),
(156, 'Can view location', 39, 'view_location'),
(157, 'Can add event', 40, 'add_event'),
(158, 'Can change event', 40, 'change_event'),
(159, 'Can delete event', 40, 'delete_event'),
(160, 'Can view event', 40, 'view_event'),
(161, 'Can add event_ category', 41, 'add_event_category'),
(162, 'Can change event_ category', 41, 'change_event_category'),
(163, 'Can delete event_ category', 41, 'delete_event_category'),
(164, 'Can view event_ category', 41, 'view_event_category'),
(165, 'Can add event_ type', 42, 'add_event_type'),
(166, 'Can change event_ type', 42, 'change_event_type'),
(167, 'Can delete event_ type', 42, 'delete_event_type'),
(168, 'Can view event_ type', 42, 'view_event_type'),
(169, 'Can add interest', 43, 'add_interest'),
(170, 'Can change interest', 43, 'change_interest'),
(171, 'Can delete interest', 43, 'delete_interest'),
(172, 'Can view interest', 43, 'view_interest'),
(173, 'Can add invitation', 44, 'add_invitation'),
(174, 'Can change invitation', 44, 'change_invitation'),
(175, 'Can delete invitation', 44, 'delete_invitation'),
(176, 'Can view invitation', 44, 'view_invitation'),
(177, 'Can add subscription_ type', 45, 'add_subscription_type'),
(178, 'Can change subscription_ type', 45, 'change_subscription_type'),
(179, 'Can delete subscription_ type', 45, 'delete_subscription_type'),
(180, 'Can view subscription_ type', 45, 'view_subscription_type'),
(181, 'Can add subscription', 46, 'add_subscription'),
(182, 'Can change subscription', 46, 'change_subscription'),
(183, 'Can delete subscription', 46, 'delete_subscription'),
(184, 'Can view subscription', 46, 'view_subscription'),
(185, 'Can add message', 47, 'add_message'),
(186, 'Can change message', 47, 'change_message'),
(187, 'Can delete message', 47, 'delete_message'),
(188, 'Can view message', 47, 'view_message'),
(189, 'Can add event_ skill', 48, 'add_event_skill'),
(190, 'Can change event_ skill', 48, 'change_event_skill'),
(191, 'Can delete event_ skill', 48, 'delete_event_skill'),
(192, 'Can view event_ skill', 48, 'view_event_skill'),
(193, 'Can add event_ photos', 49, 'add_event_photos'),
(194, 'Can change event_ photos', 49, 'change_event_photos'),
(195, 'Can delete event_ photos', 49, 'delete_event_photos'),
(196, 'Can view event_ photos', 49, 'view_event_photos'),
(197, 'Can add Token', 50, 'add_token'),
(198, 'Can change Token', 50, 'change_token'),
(199, 'Can delete Token', 50, 'delete_token'),
(200, 'Can view Token', 50, 'view_token'),
(201, 'Can add token', 51, 'add_tokenproxy'),
(202, 'Can change token', 51, 'change_tokenproxy'),
(203, 'Can delete token', 51, 'delete_tokenproxy'),
(204, 'Can view token', 51, 'view_tokenproxy'),
(205, 'Can add music_ lover', 52, 'add_music_lover'),
(206, 'Can change music_ lover', 52, 'change_music_lover'),
(207, 'Can delete music_ lover', 52, 'delete_music_lover'),
(208, 'Can view music_ lover', 52, 'view_music_lover'),
(209, 'Can add pin_ event', 53, 'add_pin_event'),
(210, 'Can change pin_ event', 53, 'change_pin_event'),
(211, 'Can delete pin_ event', 53, 'delete_pin_event'),
(212, 'Can view pin_ event', 53, 'view_pin_event'),
(213, 'Can add bookmark', 54, 'add_bookmark'),
(214, 'Can change bookmark', 54, 'change_bookmark'),
(215, 'Can delete bookmark', 54, 'delete_bookmark'),
(216, 'Can view bookmark', 54, 'view_bookmark');

-- --------------------------------------------------------

--
-- Table structure for table `django_admin_log`
--

CREATE TABLE `django_admin_log` (
  `id` int NOT NULL,
  `action_time` datetime(6) NOT NULL,
  `object_id` longtext,
  `object_repr` varchar(200) NOT NULL,
  `action_flag` smallint UNSIGNED NOT NULL,
  `change_message` longtext NOT NULL,
  `content_type_id` int DEFAULT NULL,
  `user_id` int NOT NULL
) ENGINE=InnoDB DEFAULT CHARSET=utf8mb4 COLLATE=utf8mb4_0900_ai_ci;

--
-- Dumping data for table `django_admin_log`
--

INSERT INTO `django_admin_log` (`id`, `action_time`, `object_id`, `object_repr`, `action_flag`, `change_message`, `content_type_id`, `user_id`) VALUES
(1, '2023-02-11 08:50:49.649668', '1', 'Musician', 1, '[{\"added\": {}}]', 3, 1),
(2, '2023-02-11 08:51:08.423776', '2', 'Music School', 1, '[{\"added\": {}}]', 3, 1),
(3, '2023-02-11 08:51:58.230940', '3', 'Event Organizer', 1, '[{\"added\": {}}]', 3, 1),
(4, '2023-02-11 08:52:20.045380', '4', 'Band', 1, '[{\"added\": {}}]', 3, 1),
(5, '2023-02-11 08:53:12.057152', '1', 'Coimbatore', 1, '[{\"added\": {}}]', 39, 1),
(6, '2023-02-11 08:53:27.244623', '2', 'Erode', 1, '[{\"added\": {}}]', 39, 1),
(7, '2023-02-11 08:54:12.664703', '1', 'Vocal', 1, '[{\"added\": {}}]', 31, 1),
(8, '2023-02-11 08:54:15.277459', '1', 'Carnatic', 1, '[{\"added\": {}}]', 30, 1),
(9, '2023-02-11 08:55:03.918726', '2', 'Instrument', 1, '[{\"added\": {}}]', 31, 1),
(10, '2023-02-11 08:55:05.585975', '2', 'Veena', 1, '[{\"added\": {}}]', 30, 1),
(11, '2023-02-11 08:55:33.853351', '3', 'Flute', 1, '[{\"added\": {}}]', 30, 1),
(12, '2023-02-11 08:55:33.931307', '4', 'Flute', 1, '[{\"added\": {}}]', 30, 1),
(13, '2023-02-11 08:56:35.921780', '2', 'Raja Gunasekaran', 1, '[{\"added\": {}}]', 6, 1),
(14, '2023-02-11 08:56:53.371954', '1', 'Raja Gunasekaran', 1, '[{\"added\": {}}]', 23, 1),
(15, '2023-02-11 08:59:30.201858', '2', 'Raja Gunasekaran', 2, '[{\"changed\": {\"fields\": [\"Profile picture\"]}}]', 6, 1),
(16, '2023-02-11 08:59:32.695990', '1', 'Raja Gunasekaran', 2, '[]', 23, 1),
(17, '2023-02-11 09:01:16.701361', '3', 'Karthick Stu', 1, '[{\"added\": {}}]', 6, 1),
(18, '2023-02-11 09:02:45.639841', '4', 'Sachin', 1, '[{\"added\": {}}]', 6, 1),
(19, '2023-02-11 09:02:59.536254', '2', 'Karthick Stu', 1, '[{\"added\": {}}]', 23, 1),
(20, '2023-02-11 09:03:04.482606', '3', 'Sachin', 1, '[{\"added\": {}}]', 23, 1),
(21, '2023-02-11 09:08:56.622470', '5', 'GPK Eventer', 1, '[{\"added\": {}}]', 6, 1),
(22, '2023-02-11 09:09:17.182275', '1', 'GPK Eventer', 1, '[{\"added\": {}}]', 11, 1),
(23, '2023-02-11 09:11:42.557679', '1', 'Contest', 1, '[{\"added\": {}}]', 41, 1),
(24, '2023-02-11 09:12:13.235084', '2', 'Orchestra', 1, '[{\"added\": {}}]', 41, 1),
(25, '2023-02-11 09:12:49.877365', '3', 'Bhajan', 1, '[{\"added\": {}}]', 41, 1),
(26, '2023-02-11 09:13:46.846074', '1', 'Online', 1, '[{\"added\": {}}]', 42, 1),
(27, '2023-02-11 09:13:52.318356', '2', 'Offline', 1, '[{\"added\": {}}]', 42, 1),
(28, '2023-02-11 09:26:04.118508', '1', 'Pro', 1, '[{\"added\": {}}]', 32, 1),
(29, '2023-02-11 09:26:45.402295', '2', 'Performer', 1, '[{\"added\": {}}]', 32, 1),
(30, '2023-02-11 09:26:55.336419', '3', 'Amateur', 1, '[{\"added\": {}}]', 32, 1),
(31, '2023-02-11 09:27:20.587698', '4', 'Flute', 3, '', 30, 1),
(32, '2023-02-11 09:35:42.250730', '6', 'Junkyard Groove', 1, '[{\"added\": {}}]', 6, 1),
(33, '2023-02-11 09:36:20.609695', '1', 'Junkyard Groove', 1, '[{\"added\": {}}]', 33, 1),
(34, '2023-02-11 09:47:22.788507', '7', 'PMA School of Music P Ltd', 1, '[{\"added\": {}}]', 6, 1),
(35, '2023-02-11 09:47:39.109696', '1', 'PMA School of Music P Ltd', 1, '[{\"added\": {}}]', 14, 1),
(36, '2023-02-13 11:54:41.984078', '1', 'Event_Performer object (1)', 2, '[{\"changed\": {\"fields\": [\"Status\"]}}]', 13, 1),
(37, '2023-02-13 11:55:17.440080', '1', 'Event_Performer object (1)', 2, '[]', 13, 1),
(38, '2023-02-13 17:43:22.929713', '3', 'Sachin', 2, '[{\"changed\": {\"fields\": [\"status\"]}}]', 21, 1),
(39, '2023-02-13 17:43:35.756101', '2', 'Karthick Stu', 2, '[{\"changed\": {\"fields\": [\"status\"]}}]', 21, 1),
(40, '2023-04-10 09:09:53.942561', '1', 'GPK Eventer', 2, '[{\"changed\": {\"fields\": [\"Website\"]}}]', 11, 1),
(41, '2023-04-10 09:52:31.841684', '1', 'Event_Photos object (1)', 1, '[{\"added\": {}}]', 49, 1),
(42, '2023-04-10 09:52:37.500104', '2', 'Event_Photos object (2)', 1, '[{\"added\": {}}]', 49, 1),
(43, '2023-04-10 09:52:42.920871', '3', 'Event_Photos object (3)', 1, '[{\"added\": {}}]', 49, 1),
(44, '2023-04-10 09:52:50.088399', '4', 'Event_Photos object (4)', 1, '[{\"added\": {}}]', 49, 1),
(45, '2023-04-10 09:52:55.169749', '5', 'Event_Photos object (5)', 1, '[{\"added\": {}}]', 49, 1),
(46, '2023-04-18 14:02:42.697755', '57', 'Veena', 3, '', 27, 1),
(47, '2023-04-18 14:02:42.769541', '56', 'Veena', 3, '', 27, 1),
(48, '2023-04-18 14:02:42.858746', '55', 'Veena', 3, '', 27, 1),
(49, '2023-04-18 14:02:42.893058', '54', 'Carnatic', 3, '', 27, 1),
(50, '2023-04-18 14:02:42.925121', '53', 'Veena', 3, '', 27, 1),
(51, '2023-04-24 09:00:19.541605', '2', 'Raja Gunasekaran', 2, '[{\"changed\": {\"fields\": [\"Password\"]}}]', 6, 1),
(52, '2023-04-24 09:02:54.191019', '2', 'Raja Gunasekaran', 2, '[{\"changed\": {\"fields\": [\"Password\"]}}]', 6, 1),
(53, '2023-04-24 14:45:17.888212', '5', 'GPK Eventer', 2, '[{\"changed\": {\"fields\": [\"Cover picture\"]}}]', 6, 1),
(54, '2023-04-24 17:38:21.317852', '7', 'Post object (7)', 2, '[{\"changed\": {\"fields\": [\"Content\", \"Location\"]}}]', 28, 1),
(55, '2023-05-09 11:30:46.125283', '12', 'Indian Music Experience Museum', 2, '[{\"changed\": {\"fields\": [\"From date\", \"To date\", \"Registration close date\"]}}]', 40, 1),
(56, '2023-05-09 11:38:41.557657', '13', 'CS Spring Concert', 1, '[{\"added\": {}}]', 40, 1),
(57, '2023-05-09 11:38:48.389685', '14', 'CS Spring Concert 2', 1, '[{\"added\": {}}]', 40, 1),
(58, '2023-05-09 11:38:53.595468', '15', 'CS Spring Concert 3', 1, '[{\"added\": {}}]', 40, 1),
(59, '2023-05-09 11:38:57.436048', '16', 'CS Spring Concert 4', 1, '[{\"added\": {}}]', 40, 1),
(60, '2023-05-09 11:39:01.748036', '17', 'CS Spring Concert 5', 1, '[{\"added\": {}}]', 40, 1),
(61, '2023-05-09 11:39:05.632556', '18', 'CS Spring Concert 6', 1, '[{\"added\": {}}]', 40, 1),
(62, '2023-05-09 11:39:10.185214', '19', 'CS Spring Concert 7', 1, '[{\"added\": {}}]', 40, 1),
(63, '2023-05-09 11:39:14.752978', '20', 'CS Spring Concert 8', 1, '[{\"added\": {}}]', 40, 1),
(64, '2023-05-09 11:39:23.176320', '21', 'CS Spring Concert 9', 1, '[{\"added\": {}}]', 40, 1),
(65, '2023-05-11 10:31:29.926665', '72', 'Junkyard Groove', 1, '[{\"added\": {}}]', 34, 1),
(66, '2023-05-11 10:31:45.009612', '73', 'Raja Gunasekaran', 1, '[{\"added\": {}}]', 34, 1),
(67, '2023-05-11 10:31:57.045002', '74', 'Karthick Stu', 1, '[{\"added\": {}}]', 34, 1),
(68, '2023-05-11 10:32:00.930283', '75', 'Sachin', 1, '[{\"added\": {}}]', 34, 1),
(69, '2023-05-11 10:32:04.792606', '76', 'GPK Eventer 1', 1, '[{\"added\": {}}]', 34, 1),
(70, '2023-05-11 10:32:10.387333', '77', 'PMA School of Music P Ltd', 1, '[{\"added\": {}}]', 34, 1),
(71, '2023-05-11 10:32:28.674561', '78', 'Christopher', 1, '[{\"added\": {}}]', 34, 1),
(72, '2023-05-11 10:33:28.261844', '79', 'Jennifer', 1, '[{\"added\": {}}]', 34, 1),
(73, '2023-05-11 10:43:31.644179', '2', 'MADHANKUMAR UTHAMARAJ', 1, '[{\"added\": {}}]', 33, 1),
(74, '2023-05-11 10:43:42.262813', '2', 'MADHANKUMAR UTHAMARAJ', 3, '', 33, 1),
(75, '2023-05-11 10:43:52.753530', '2', 'MADHANKUMAR UTHAMARAJ', 1, '[{\"added\": {}}]', 11, 1),
(76, '2023-05-11 11:14:15.671976', '2', 'Raja Gunasekaran', 2, '[{\"changed\": {\"fields\": [\"Location\"]}}]', 6, 1),
(77, '2023-05-12 16:38:46.905804', '25', 'Carnatic', 1, '[{\"added\": {}}]', 48, 1),
(78, '2023-05-12 16:38:58.880153', '26', 'Veena', 1, '[{\"added\": {}}]', 48, 1),
(79, '2023-05-12 16:42:08.519798', '27', 'Veena', 1, '[{\"added\": {}}]', 48, 1),
(80, '2023-05-12 16:42:17.350201', '28', 'Veena', 1, '[{\"added\": {}}]', 48, 1),
(81, '2023-05-12 16:44:11.465115', '29', 'Flute', 1, '[{\"added\": {}}]', 48, 1),
(82, '2023-05-12 16:45:22.994605', '26', 'Veena', 3, '', 48, 1),
(83, '2023-05-12 16:46:05.558394', '30', 'Flute', 1, '[{\"added\": {}}]', 48, 1),
(84, '2023-05-12 16:46:25.384821', '31', 'Flute', 1, '[{\"added\": {}}]', 48, 1),
(85, '2023-05-12 16:47:37.925019', '24', 'Karthick Stu', 1, '[{\"added\": {}}]', 44, 1),
(86, '2023-05-12 16:48:49.901973', '25', 'Jessica', 1, '[{\"added\": {}}]', 44, 1),
(87, '2023-05-15 11:23:48.661436', '28', 'END OF THE ROAD TOUR', 2, '[{\"changed\": {\"fields\": [\"event_details\"]}}]', 40, 1),
(88, '2023-05-15 11:27:41.827845', '28', 'END OF THE ROAD TOUR', 2, '[{\"changed\": {\"fields\": [\"event_details\"]}}]', 40, 1),
(89, '2023-05-15 11:35:57.017940', '28', 'END OF THE ROAD TOUR', 2, '[{\"changed\": {\"fields\": [\"event_details\"]}}]', 40, 1),
(90, '2023-05-15 11:42:21.756815', '28', 'END OF THE ROAD TOUR', 2, '[{\"changed\": {\"fields\": [\"event_details\"]}}]', 40, 1),
(91, '2023-05-15 11:43:23.705258', '28', 'END OF THE ROAD TOUR', 2, '[{\"changed\": {\"fields\": [\"event_details\"]}}]', 40, 1),
(92, '2023-05-15 11:44:38.998288', '28', 'END OF THE ROAD TOUR', 2, '[{\"changed\": {\"fields\": [\"event_details\"]}}]', 40, 1),
(93, '2023-05-15 12:07:27.602018', '27', 'KRIVVAS\'23', 2, '[{\"changed\": {\"fields\": [\"event_details\"]}}]', 40, 1),
(94, '2023-05-15 12:10:00.563163', '26', 'God’s Own Country Tour', 2, '[{\"changed\": {\"fields\": [\"event_details\"]}}]', 40, 1),
(95, '2023-05-15 12:12:29.370517', '26', 'God’s Own Country Tour', 2, '[]', 40, 1),
(96, '2023-05-15 12:13:44.211330', '25', 'Duty Free Family Festival 2023 - Saturday', 2, '[{\"changed\": {\"fields\": [\"event_details\"]}}]', 40, 1),
(97, '2023-05-15 12:14:59.145802', '24', 'Lotte Duty Free Family Festival 2023 - Saturday', 2, '[{\"changed\": {\"fields\": [\"event_details\"]}}]', 40, 1),
(98, '2023-05-15 12:17:15.401329', '23', 'Break Free: Reparent your inner child', 2, '[{\"changed\": {\"fields\": [\"event_details\"]}}]', 40, 1),
(99, '2023-05-15 12:19:28.352942', '22', 'Good Vibes Festival 2023', 2, '[{\"changed\": {\"fields\": [\"event_details\"]}}]', 40, 1),
(100, '2023-05-15 12:22:02.667125', '21', 'CS Spring Concert 9', 2, '[{\"changed\": {\"fields\": [\"event_details\"]}}]', 40, 1),
(101, '2023-05-15 12:23:55.134749', '20', 'CS Spring Concert 8', 2, '[{\"changed\": {\"fields\": [\"event_details\"]}}]', 40, 1),
(102, '2023-05-15 12:27:41.554921', '19', 'CS Spring Concert 7', 2, '[]', 40, 1),
(103, '2023-05-17 09:49:33.012738', '2', 'Raja Gunasekaran', 2, '[{\"changed\": {\"fields\": [\"profile_picture\"]}}]', 6, 1),
(106, '2023-06-26 13:44:00.947730', '9', 'Jessica', 2, '[{\"changed\": {\"fields\": [\"Password\", \"Profile picture\"]}}]', 6, 1),
(107, '2023-06-26 14:47:10.034623', '7', 'Raja Gunasekaran', 2, '[]', 43, 1),
(108, '2023-06-26 14:47:13.031477', '6', 'Raja Gunasekaran', 2, '[]', 43, 1),
(109, '2023-06-26 14:47:25.907318', '1', 'Raja Gunasekaran', 2, '[]', 44, 1),
(110, '2023-06-26 14:47:30.058924', '2', 'Karthick Stu', 2, '[]', 44, 1),
(111, '2023-06-26 14:47:32.765749', '19', 'Karthick Stu', 2, '[]', 44, 1),
(112, '2023-06-26 14:47:35.340334', '24', 'Karthick Stu', 2, '[]', 44, 1),
(113, '2023-06-26 14:47:37.777989', '25', 'Jessica', 2, '[]', 44, 1),
(114, '2023-07-12 16:28:41.069110', '28', 'END OF THE ROAD TOUR', 2, '[{\"changed\": {\"fields\": [\"To date\"]}}]', 40, 1),
(115, '2023-07-12 16:30:17.919416', '26', 'God’s Own Country Tour', 2, '[{\"changed\": {\"fields\": [\"From date\", \"Registration close date\"]}}]', 40, 1),
(116, '2023-07-12 16:30:36.224621', '26', 'God’s Own Country Tour', 2, '[{\"changed\": {\"fields\": [\"From date\"]}}]', 40, 1),
(117, '2023-07-13 14:42:08.722331', '46', 'madhanumk', 3, '', 40, 1),
(118, '2023-07-13 14:42:08.726735', '45', 'madhanumk', 3, '', 40, 1),
(119, '2023-07-13 14:42:08.728179', '44', 'madhanumk', 3, '', 40, 1),
(120, '2023-07-13 14:42:08.729594', '43', 'madhan umk', 3, '', 40, 1),
(121, '2023-07-13 14:42:08.732758', '42', 'madhan umk', 3, '', 40, 1),
(122, '2023-07-13 14:42:08.736001', '41', 'aaaaaaaaaaaa', 3, '', 40, 1),
(123, '2023-07-13 14:42:08.744109', '40', 'aaaaaaaaaaaa', 3, '', 40, 1),
(124, '2023-07-13 14:42:08.746158', '39', 'aaaaaaaaaaaa', 3, '', 40, 1),
(125, '2023-07-13 14:42:08.747841', '38', 'aaaaaaaaaaaa', 3, '', 40, 1),
(126, '2023-07-13 14:42:08.748993', '37', 'aaaaaaaaaaaa', 3, '', 40, 1),
(127, '2023-07-13 14:42:08.750319', '36', 'ssss', 3, '', 40, 1),
(128, '2023-07-13 14:42:08.751805', '35', 'ssss', 3, '', 40, 1),
(129, '2023-07-13 14:42:08.753517', '34', 'ssss', 3, '', 40, 1),
(130, '2023-07-13 14:42:08.755045', '33', 'ssss', 3, '', 40, 1),
(131, '2023-07-13 14:42:08.756528', '32', 'results', 3, '', 40, 1),
(132, '2023-07-13 14:42:08.757757', '31', 'results', 3, '', 40, 1),
(133, '2023-07-13 14:42:08.758767', '30', 'results', 3, '', 40, 1),
(134, '2023-07-13 14:42:08.759808', '29', 'Sample event goes here', 3, '', 40, 1),
(135, '2023-07-13 14:43:48.725395', '47', 'THE LOVE WORLD TOUR - LIVE CONCERT', 2, '[{\"changed\": {\"fields\": [\"poster_image\"]}}]', 40, 1),
(136, '2023-07-13 14:47:56.015669', '33', 'Carnatic', 1, '[{\"added\": {}}]', 48, 1),
(137, '2023-07-13 14:48:03.417018', '34', 'Veena', 1, '[{\"added\": {}}]', 48, 1),
(138, '2023-07-13 14:49:21.916935', '47', 'THE LOVE WORLD TOUR - LIVE CONCERT', 2, '[{\"changed\": {\"fields\": [\"ticket_booking_place\"]}}]', 40, 1),
(139, '2023-07-13 14:51:57.433765', '47', 'THE LOVE WORLD TOUR - LIVE CONCERT', 2, '[{\"changed\": {\"fields\": [\"event_details\", \"highlight\"]}}]', 40, 1),
(140, '2023-07-13 15:05:20.915485', '10', 'Raja Gunasekaran', 3, '', 43, 1),
(141, '2023-07-13 15:05:20.918388', '7', 'Raja Gunasekaran', 3, '', 43, 1),
(142, '2023-07-13 15:05:20.920013', '6', 'Raja Gunasekaran', 3, '', 43, 1),
(143, '2023-07-13 15:05:20.923120', '4', '', 3, '', 43, 1),
(144, '2023-07-13 15:05:20.924198', '2', '', 3, '', 43, 1),
(145, '2023-07-13 15:05:20.925414', '1', '', 3, '', 43, 1),
(146, '2023-07-13 15:06:06.599687', '27', 'Marcus', 3, '', 44, 1),
(147, '2023-07-13 15:06:06.602510', '26', 'Jennifer', 3, '', 44, 1),
(148, '2023-07-13 15:06:06.603760', '25', 'Jessica', 3, '', 44, 1),
(149, '2023-07-13 15:06:06.604857', '24', 'Karthick Stu', 3, '', 44, 1),
(150, '2023-07-13 15:06:06.606011', '23', '', 3, '', 44, 1),
(151, '2023-07-13 15:06:06.607678', '22', 'Sachin', 3, '', 44, 1),
(152, '2023-07-13 15:06:06.608788', '21', 'Karthick Stu', 3, '', 44, 1),
(153, '2023-07-13 15:06:06.610151', '20', 'Sachin', 3, '', 44, 1),
(154, '2023-07-13 15:06:06.621198', '19', 'Karthick Stu', 3, '', 44, 1),
(155, '2023-07-13 15:06:06.622564', '18', 'Raja Gunasekaran', 3, '', 44, 1),
(156, '2023-07-13 15:06:06.623745', '17', 'Mark', 3, '', 44, 1),
(157, '2023-07-13 15:06:06.626756', '16', 'Emily', 3, '', 44, 1),
(158, '2023-07-13 15:06:06.631138', '15', 'Raja Gunasekaran', 3, '', 44, 1),
(159, '2023-07-13 15:06:06.633045', '14', 'Dawn', 3, '', 44, 1),
(160, '2023-07-13 15:06:06.634949', '13', 'Ricardo', 3, '', 44, 1),
(161, '2023-07-13 15:06:06.636356', '12', 'Christopher', 3, '', 44, 1),
(162, '2023-07-13 15:06:06.638797', '11', 'Sachin', 3, '', 44, 1),
(163, '2023-07-13 15:06:06.640334', '10', 'Karthick Stu', 3, '', 44, 1),
(164, '2023-07-13 15:06:06.641416', '9', 'Sachin', 3, '', 44, 1),
(165, '2023-07-13 15:06:06.642529', '8', 'Karthick Stu', 3, '', 44, 1),
(166, '2023-07-13 15:06:06.643687', '7', '', 3, '', 44, 1),
(167, '2023-07-13 15:06:06.651291', '6', 'Sachin', 3, '', 44, 1),
(168, '2023-07-13 15:06:06.652547', '5', 'Karthick Stu', 3, '', 44, 1),
(169, '2023-07-13 15:06:06.653811', '4', 'Raja Gunasekaran', 3, '', 44, 1),
(170, '2023-07-13 15:06:06.655066', '3', 'Sachin', 3, '', 44, 1),
(171, '2023-07-13 15:06:06.656461', '2', 'Karthick Stu', 3, '', 44, 1),
(172, '2023-07-13 15:06:06.657542', '1', 'Raja Gunasekaran', 3, '', 44, 1),
(173, '2023-07-14 09:00:25.445880', '2', 'Raja Gunasekaran', 2, '[{\"changed\": {\"fields\": [\"webtour\"]}}]', 6, 1),
(174, '2023-07-14 09:41:35.161109', '2', 'Raja Gunasekaran', 2, '[{\"changed\": {\"fields\": [\"webtour\"]}}]', 6, 1),
(175, '2023-07-14 15:49:40.698240', '2', 'Raja Gunasekaran', 2, '[{\"changed\": {\"fields\": [\"webtour\"]}}]', 6, 1),
(176, '2023-07-15 14:32:30.227230', '47', 'THE LOVE WORLD TOUR - LIVE CONCERT', 3, '', 40, 1),
(177, '2023-07-15 14:32:30.230502', '28', 'END OF THE ROAD TOUR', 3, '', 40, 1),
(178, '2023-07-15 14:32:30.232035', '27', 'KRIVVAS\'23', 3, '', 40, 1),
(179, '2023-07-15 14:32:30.233223', '26', 'God’s Own Country Tour', 3, '', 40, 1),
(180, '2023-07-15 14:32:30.234201', '25', 'Duty Free Family Festival 2023 - Saturday', 3, '', 40, 1),
(181, '2023-07-15 14:32:30.235447', '24', 'Lotte Duty Free Family Festival 2023 - Saturday', 3, '', 40, 1),
(182, '2023-07-15 14:32:30.236885', '23', 'Break Free: Reparent your inner child', 3, '', 40, 1),
(183, '2023-07-15 14:32:30.238035', '22', 'Good Vibes Festival 2023', 3, '', 40, 1),
(184, '2023-07-15 14:32:30.239094', '21', 'CS Spring Concert 9', 3, '', 40, 1),
(185, '2023-07-15 14:32:30.240098', '20', 'CS Spring Concert 8', 3, '', 40, 1),
(186, '2023-07-15 14:32:30.241099', '19', 'CS Spring Concert 7', 3, '', 40, 1),
(187, '2023-07-15 14:32:30.242147', '18', 'CS Spring Concert 6', 3, '', 40, 1),
(188, '2023-07-15 14:32:30.243218', '17', 'CS Spring Concert 5', 3, '', 40, 1),
(189, '2023-07-15 14:32:30.244371', '16', 'CS Spring Concert 4', 3, '', 40, 1),
(190, '2023-07-15 14:32:30.245403', '15', 'CS Spring Concert 3', 3, '', 40, 1),
(191, '2023-07-15 14:32:30.246406', '14', 'CS Spring Concert 2', 3, '', 40, 1),
(192, '2023-07-15 14:32:30.247460', '13', 'CS Spring Concert', 3, '', 40, 1),
(193, '2023-07-15 14:32:30.249245', '12', 'Indian Music Experience Museum', 3, '', 40, 1),
(194, '2023-07-15 14:32:30.251041', '11', 'Indian Music Experience Museum', 3, '', 40, 1),
(195, '2023-07-15 14:32:30.252281', '10', 'India Tour 2023 with Kenn Day', 3, '', 40, 1),
(196, '2023-07-15 14:32:30.254379', '9', 'YOURWAYS YOUTH FESTIVAL', 3, '', 40, 1),
(197, '2023-07-15 14:32:30.255516', '8', 'YOURWAYS YOUTH FESTIVAL', 3, '', 40, 1),
(198, '2023-07-15 14:32:30.256746', '7', 'YOURWAYS YOUTH FESTIVAL', 3, '', 40, 1),
(199, '2023-07-15 14:32:30.257870', '6', 'Mahindra Blues Festival', 3, '', 40, 1),
(200, '2023-07-15 14:32:30.258883', '5', 'Bilbao BBK Live', 3, '', 40, 1),
(201, '2023-07-15 14:32:30.259877', '4', 'Montreux Jazz Festival', 3, '', 40, 1),
(202, '2023-07-15 14:32:30.260882', '3', 'Coachella Music & Arts Festival', 3, '', 40, 1),
(203, '2023-07-15 14:32:30.262037', '2', 'Primavera Sound', 3, '', 40, 1),
(204, '2023-07-15 14:32:30.263280', '1', 'Blackbox Music Festival', 3, '', 40, 1),
(205, '2023-07-15 14:33:17.185297', '60', 'user', 3, '', 6, 1),
(206, '2023-07-15 14:33:17.186711', '59', 'user', 3, '', 6, 1),
(207, '2023-07-15 14:33:17.188333', '58', 'MADHANKUMAR UTHAMARAJ', 3, '', 6, 1),
(208, '2023-07-15 14:33:17.189438', '57', 'Michael', 3, '', 6, 1),
(209, '2023-07-15 14:33:17.190957', '56', 'Kelly', 3, '', 6, 1),
(210, '2023-07-15 14:33:17.192067', '55', 'Mark', 3, '', 6, 1),
(211, '2023-07-15 14:33:17.193242', '54', 'Karen', 3, '', 6, 1),
(212, '2023-07-15 14:33:17.194330', '53', 'Emily', 3, '', 6, 1),
(213, '2023-07-15 14:33:17.195399', '52', 'Victoria', 3, '', 6, 1),
(214, '2023-07-15 14:33:17.196452', '51', 'James', 3, '', 6, 1),
(215, '2023-07-15 14:33:17.197517', '50', 'Destiny', 3, '', 6, 1),
(216, '2023-07-15 14:33:17.198750', '49', 'Sara', 3, '', 6, 1),
(217, '2023-07-15 14:33:17.200015', '48', 'George', 3, '', 6, 1),
(218, '2023-07-15 14:33:17.202595', '47', 'Glen', 3, '', 6, 1),
(219, '2023-07-15 14:33:17.203841', '46', 'Krystal', 3, '', 6, 1),
(220, '2023-07-15 14:33:17.204978', '45', 'Brittany', 3, '', 6, 1),
(221, '2023-07-15 14:33:17.206140', '44', 'Jennifer', 3, '', 6, 1),
(222, '2023-07-15 14:33:17.207188', '43', 'Joshua', 3, '', 6, 1),
(223, '2023-07-15 14:33:17.208302', '42', 'David', 3, '', 6, 1),
(224, '2023-07-15 14:33:17.209452', '41', 'Kendra', 3, '', 6, 1),
(225, '2023-07-15 14:33:17.210538', '40', 'Chad', 3, '', 6, 1),
(226, '2023-07-15 14:33:17.211694', '39', 'Brooke', 3, '', 6, 1),
(227, '2023-07-15 14:33:17.212731', '38', 'Mariah', 3, '', 6, 1),
(228, '2023-07-15 14:33:17.213749', '37', 'Andrew', 3, '', 6, 1),
(229, '2023-07-15 14:33:17.214795', '36', 'Emily', 3, '', 6, 1),
(230, '2023-07-15 14:33:17.215838', '35', 'Matthew', 3, '', 6, 1),
(231, '2023-07-15 14:33:17.216816', '34', 'Anthony', 3, '', 6, 1),
(232, '2023-07-15 14:33:17.217825', '33', 'Bradley', 3, '', 6, 1),
(233, '2023-07-15 14:33:17.219137', '32', 'Monica', 3, '', 6, 1),
(234, '2023-07-15 14:33:17.220537', '31', 'Megan', 3, '', 6, 1),
(235, '2023-07-15 14:33:17.221967', '30', 'Julia', 3, '', 6, 1),
(236, '2023-07-15 14:33:17.223282', '29', 'Jeffrey', 3, '', 6, 1),
(237, '2023-07-15 14:33:17.224363', '28', 'Samantha', 3, '', 6, 1),
(238, '2023-07-15 14:33:17.225511', '27', 'Joshua', 3, '', 6, 1),
(239, '2023-07-15 14:33:17.226850', '26', 'Luke', 3, '', 6, 1),
(240, '2023-07-15 14:33:17.227983', '25', 'Jeremy', 3, '', 6, 1),
(241, '2023-07-15 14:33:17.229309', '24', 'Terry', 3, '', 6, 1),
(242, '2023-07-15 14:33:17.230508', '23', 'Gregory', 3, '', 6, 1),
(243, '2023-07-15 14:33:17.231741', '22', 'Amanda', 3, '', 6, 1),
(244, '2023-07-15 14:33:17.233561', '21', 'Brett', 3, '', 6, 1),
(245, '2023-07-15 14:33:17.235092', '20', 'Ms.', 3, '', 6, 1),
(246, '2023-07-15 14:33:17.236298', '19', 'James', 3, '', 6, 1),
(247, '2023-07-15 14:33:17.237613', '18', 'Timothy', 3, '', 6, 1),
(248, '2023-07-15 14:33:17.239110', '17', 'Marcus', 3, '', 6, 1),
(249, '2023-07-15 14:33:17.240293', '16', 'Debra', 3, '', 6, 1),
(250, '2023-07-15 14:33:17.241755', '15', 'Jennifer', 3, '', 6, 1),
(251, '2023-07-15 14:33:17.242820', '14', 'Kimberly', 3, '', 6, 1),
(252, '2023-07-15 14:33:17.243975', '13', 'John', 3, '', 6, 1),
(253, '2023-07-15 14:33:17.245110', '12', 'Dawn', 3, '', 6, 1),
(254, '2023-07-15 14:33:17.246272', '11', 'Ricardo', 3, '', 6, 1),
(255, '2023-07-15 14:33:17.247357', '10', 'Kyle', 3, '', 6, 1),
(256, '2023-07-15 14:33:17.248297', '9', 'Jessica', 3, '', 6, 1),
(257, '2023-07-15 14:33:17.249423', '8', 'Christopher', 3, '', 6, 1),
(258, '2023-07-15 14:33:17.250578', '7', 'PMA School of Music P Ltd', 3, '', 6, 1),
(259, '2023-07-15 14:33:17.252971', '6', 'Junkyard Groove', 3, '', 6, 1),
(260, '2023-07-15 14:33:17.254066', '5', 'GPK Eventer 1', 3, '', 6, 1),
(261, '2023-07-15 14:33:17.255117', '4', 'Sachin', 3, '', 6, 1),
(262, '2023-07-15 14:33:17.256449', '3', 'Karthick Stu', 3, '', 6, 1),
(263, '2023-07-15 14:33:17.258278', '2', 'Raja Gunasekaran', 3, '', 6, 1),
(264, '2023-07-15 14:33:53.723507', '60', 'user', 3, '', 6, 1),
(265, '2023-07-15 14:33:53.725098', '59', 'user', 3, '', 6, 1),
(266, '2023-07-15 14:33:53.726695', '58', 'MADHANKUMAR UTHAMARAJ', 3, '', 6, 1),
(267, '2023-07-15 14:33:53.728443', '57', 'Michael', 3, '', 6, 1),
(268, '2023-07-15 14:33:53.729820', '56', 'Kelly', 3, '', 6, 1),
(269, '2023-07-15 14:33:53.731028', '55', 'Mark', 3, '', 6, 1),
(270, '2023-07-15 14:33:53.732089', '54', 'Karen', 3, '', 6, 1),
(271, '2023-07-15 14:33:53.733152', '53', 'Emily', 3, '', 6, 1),
(272, '2023-07-15 14:33:53.734342', '52', 'Victoria', 3, '', 6, 1),
(273, '2023-07-15 14:33:53.735589', '51', 'James', 3, '', 6, 1),
(274, '2023-07-15 14:33:53.736660', '50', 'Destiny', 3, '', 6, 1),
(275, '2023-07-15 14:33:53.737816', '49', 'Sara', 3, '', 6, 1),
(276, '2023-07-15 14:33:53.738894', '48', 'George', 3, '', 6, 1),
(277, '2023-07-15 14:33:53.739980', '47', 'Glen', 3, '', 6, 1),
(278, '2023-07-15 14:33:53.740899', '46', 'Krystal', 3, '', 6, 1),
(279, '2023-07-15 14:33:53.741936', '45', 'Brittany', 3, '', 6, 1),
(280, '2023-07-15 14:33:53.742968', '44', 'Jennifer', 3, '', 6, 1),
(281, '2023-07-15 14:33:53.744391', '43', 'Joshua', 3, '', 6, 1),
(282, '2023-07-15 14:33:53.745458', '42', 'David', 3, '', 6, 1),
(283, '2023-07-15 14:33:53.746483', '41', 'Kendra', 3, '', 6, 1),
(284, '2023-07-15 14:33:53.747532', '40', 'Chad', 3, '', 6, 1),
(285, '2023-07-15 14:33:53.748652', '39', 'Brooke', 3, '', 6, 1),
(286, '2023-07-15 14:33:53.750036', '38', 'Mariah', 3, '', 6, 1),
(287, '2023-07-15 14:33:53.751023', '37', 'Andrew', 3, '', 6, 1),
(288, '2023-07-15 14:33:53.751991', '36', 'Emily', 3, '', 6, 1),
(289, '2023-07-15 14:33:53.752953', '35', 'Matthew', 3, '', 6, 1),
(290, '2023-07-15 14:33:53.753914', '34', 'Anthony', 3, '', 6, 1),
(291, '2023-07-15 14:33:53.754860', '33', 'Bradley', 3, '', 6, 1),
(292, '2023-07-15 14:33:53.755784', '32', 'Monica', 3, '', 6, 1),
(293, '2023-07-15 14:33:53.756812', '31', 'Megan', 3, '', 6, 1),
(294, '2023-07-15 14:33:53.760104', '30', 'Julia', 3, '', 6, 1),
(295, '2023-07-15 14:33:53.761187', '29', 'Jeffrey', 3, '', 6, 1),
(296, '2023-07-15 14:33:53.762178', '28', 'Samantha', 3, '', 6, 1),
(297, '2023-07-15 14:33:53.763110', '27', 'Joshua', 3, '', 6, 1),
(298, '2023-07-15 14:33:53.764006', '26', 'Luke', 3, '', 6, 1),
(299, '2023-07-15 14:33:53.764950', '25', 'Jeremy', 3, '', 6, 1),
(300, '2023-07-15 14:33:53.765969', '24', 'Terry', 3, '', 6, 1),
(301, '2023-07-15 14:33:53.766981', '23', 'Gregory', 3, '', 6, 1),
(302, '2023-07-15 14:33:53.768684', '22', 'Amanda', 3, '', 6, 1),
(303, '2023-07-15 14:33:53.770239', '21', 'Brett', 3, '', 6, 1),
(304, '2023-07-15 14:33:53.771228', '20', 'Ms.', 3, '', 6, 1),
(305, '2023-07-15 14:33:53.772168', '19', 'James', 3, '', 6, 1),
(306, '2023-07-15 14:33:53.773336', '18', 'Timothy', 3, '', 6, 1),
(307, '2023-07-15 14:33:53.774309', '17', 'Marcus', 3, '', 6, 1),
(308, '2023-07-15 14:33:53.775294', '16', 'Debra', 3, '', 6, 1),
(309, '2023-07-15 14:33:53.776427', '15', 'Jennifer', 3, '', 6, 1),
(310, '2023-07-15 14:33:53.777466', '14', 'Kimberly', 3, '', 6, 1),
(311, '2023-07-15 14:33:53.778542', '13', 'John', 3, '', 6, 1),
(312, '2023-07-15 14:33:53.779689', '12', 'Dawn', 3, '', 6, 1),
(313, '2023-07-15 14:33:53.780860', '11', 'Ricardo', 3, '', 6, 1),
(314, '2023-07-15 14:33:53.781981', '10', 'Kyle', 3, '', 6, 1),
(315, '2023-07-15 14:33:53.783069', '9', 'Jessica', 3, '', 6, 1),
(316, '2023-07-15 14:33:53.784098', '8', 'Christopher', 3, '', 6, 1),
(317, '2023-07-15 14:33:53.785189', '7', 'PMA School of Music P Ltd', 3, '', 6, 1),
(318, '2023-07-15 14:33:53.786264', '6', 'Junkyard Groove', 3, '', 6, 1),
(319, '2023-07-15 14:33:53.787255', '5', 'GPK Eventer 1', 3, '', 6, 1),
(320, '2023-07-15 14:33:53.788372', '4', 'Sachin', 3, '', 6, 1),
(321, '2023-07-15 14:33:53.789455', '3', 'Karthick Stu', 3, '', 6, 1),
(324, '2023-07-15 14:39:09.241115', '2', 'Raja Gunasekaran', 3, '', 6, 1),
(325, '2023-07-17 09:47:41.475753', '48', 'dd', 1, '[{\"added\": {}}]', 40, 1),
(326, '2023-07-17 13:45:23.278895', '62', 'MADHANKUMAR', 2, '[{\"changed\": {\"fields\": [\"is_active\"]}}]', 6, 1),
(327, '2023-07-17 13:45:49.010870', '54', 'MADHANKUMAR', 1, '[{\"added\": {}}]', 23, 1),
(328, '2023-08-02 17:18:09.266325', '36', 'MADHANKUMAR', 3, '', 44, 1),
(329, '2023-08-02 17:18:09.268764', '35', 'MADHANKUMAR', 3, '', 44, 1),
(330, '2023-08-02 17:18:09.270391', '34', 'MADHANKUMAR', 3, '', 44, 1),
(331, '2023-08-07 14:27:28.373889', '70', 'Madhan', 3, '', 6, 1),
(332, '2023-08-07 14:27:28.375317', '69', 'Madhan', 3, '', 6, 1),
(333, '2023-08-08 12:32:59.387532', '59', 'Ramesh', 1, '[{\"added\": {}}]', 23, 1),
(334, '2023-08-08 13:28:37.888824', '98', 'preethi', 1, '[{\"added\": {}}]', 34, 1),
(335, '2023-08-08 13:41:22.725595', '62', 'Vignesh', 2, '[{\"changed\": {\"fields\": [\"username\", \"first_name\", \"last_name\", \"email\"]}}]', 6, 1),
(336, '2023-08-08 13:44:28.266686', '62', 'Vignesh', 2, '[{\"changed\": {\"fields\": [\"username\", \"email\", \"profile_picture\"]}}]', 6, 1),
(337, '2023-08-08 13:46:00.315611', '102', 'Ramesh', 1, '[{\"added\": {}}]', 34, 1),
(338, '2023-08-08 13:46:20.380547', '103', 'KEERTHIKA AG', 1, '[{\"added\": {}}]', 34, 1),
(339, '2023-08-08 13:47:20.195306', '104', 'Alagu Raj', 1, '[{\"added\": {}}]', 34, 1),
(340, '2023-08-08 13:58:20.450222', '68', 'Alagu Raj', 2, '[{\"changed\": {\"fields\": [\"password\", \"first_name\", \"name\", \"address\", \"mobile_no\", \"profile_picture\", \"is_active\", \"instagram\", \"twitter\"]}}, {\"changed\": {\"name\": \"troupe\", \"fields\": [\"about_us\"], \"object\": \"Alagu Raj\"}}]', 6, 1),
(341, '2023-08-08 14:03:10.466352', '68', 'Alagu Raj', 2, '[{\"changed\": {\"fields\": [\"location\"]}}]', 6, 1),
(342, '2023-08-08 14:11:53.956310', '68', 'Alagu Raj', 2, '[{\"changed\": {\"fields\": [\"password\"]}}]', 6, 1),
(343, '2023-08-08 14:19:04.104086', '14', '', 3, '', 43, 1),
(344, '2023-08-08 14:19:04.105809', '13', '', 3, '', 43, 1),
(345, '2023-08-08 14:19:04.107089', '12', '', 3, '', 43, 1),
(346, '2023-08-08 14:19:52.995020', '68', 'Alagu Raj', 2, '[{\"changed\": {\"fields\": [\"name\"]}}]', 6, 1),
(347, '2023-08-08 15:05:35.109965', '62', 'Vignesh', 2, '[{\"changed\": {\"fields\": [\"webtour\"]}}]', 6, 1),
(348, '2023-08-08 15:29:27.167748', '62', 'Vignesh', 2, '[{\"changed\": {\"fields\": [\"webtour\"]}}]', 6, 1),
(349, '2023-08-10 14:45:18.264961', '5', 'Portal Admin', 1, '[{\"added\": {}}]', 3, 1),
(350, '2023-08-10 14:46:21.736897', '75', 'Portal Admin', 1, '[{\"added\": {}}]', 6, 1),
(351, '2023-08-16 08:59:23.307612', '2', 'Instrument', 3, '', 31, 1),
(352, '2023-08-16 08:59:23.310111', '1', 'Vocal', 3, '', 31, 1),
(353, '2023-08-16 08:59:29.049135', '3', 'Folks', 1, '[{\"added\": {}}]', 31, 1),
(354, '2023-08-16 08:59:39.750744', '4', 'Carnatic', 1, '[{\"added\": {}}]', 31, 1),
(355, '2023-08-16 08:59:49.749571', '5', 'Western', 1, '[{\"added\": {}}]', 31, 1),
(356, '2023-08-16 09:58:12.088748', '5', 'Guitar', 1, '[{\"added\": {}}]', 30, 1),
(357, '2023-08-16 09:58:23.601666', '6', 'Ukulele', 1, '[{\"added\": {}}]', 30, 1),
(358, '2023-08-16 09:58:39.079195', '7', 'Banjo', 1, '[{\"added\": {}}]', 30, 1),
(359, '2023-08-16 09:59:07.731317', '8', 'Mridangam', 1, '[{\"added\": {}}]', 30, 1),
(360, '2023-08-16 09:59:28.194223', '9', 'Veena', 1, '[{\"added\": {}}]', 30, 1),
(361, '2023-08-16 09:59:37.784332', '10', 'Tanpura', 1, '[{\"added\": {}}]', 30, 1),
(362, '2023-08-16 09:59:57.595212', '11', 'Ghatam', 1, '[{\"added\": {}}]', 30, 1),
(363, '2023-08-16 10:00:11.040409', '12', 'Nadaswaram', 1, '[{\"added\": {}}]', 30, 1),
(364, '2023-08-16 10:00:41.053606', '13', 'Flute', 1, '[{\"added\": {}}]', 30, 1),
(365, '2023-08-16 10:00:50.747286', '14', 'Piano', 1, '[{\"added\": {}}]', 30, 1),
(366, '2023-08-16 10:01:02.945074', '15', 'Accordion', 1, '[{\"added\": {}}]', 30, 1),
(367, '2023-08-18 16:21:59.907417', '59', 'MARAKKUMA NENJAM AR RAHMAN', 2, '[{\"changed\": {\"fields\": [\"from_date\", \"to_date\", \"registration_close_date\", \"ticket_booking_link_1\"]}}]', 40, 1),
(368, '2023-08-18 16:24:03.123295', '56', 'House of Tribe', 2, '[{\"changed\": {\"fields\": [\"from_date\", \"to_date\", \"registration_close_date\"]}}]', 40, 1),
(369, '2023-08-18 16:25:25.868279', '43', 'Flute', 1, '[{\"added\": {}}]', 48, 1),
(370, '2023-08-18 16:25:35.211111', '44', 'Guitar', 1, '[{\"added\": {}}]', 48, 1),
(371, '2023-08-18 16:26:18.571859', '45', 'Guitar', 1, '[{\"added\": {}}]', 48, 1),
(372, '2023-09-06 12:00:03.874244', '246', 'SRIRAMAN', 1, 'new through import_export', 6, 75),
(373, '2023-09-06 12:00:03.878579', '247', 'JAY', 1, 'new through import_export', 6, 75),
(374, '2023-09-06 12:00:03.879766', '248', 'RAASHIKA RAJA', 1, 'new through import_export', 6, 75),
(375, '2023-09-06 12:00:03.880792', '249', 'VIBINDAS ', 1, 'new through import_export', 6, 75),
(376, '2023-09-06 12:00:03.882087', '250', 'SUGUMAARI', 1, 'new through import_export', 6, 75),
(377, '2023-09-06 12:00:03.883215', '251', 'PADMAPATHY ', 1, 'new through import_export', 6, 75),
(378, '2023-09-06 12:00:03.884849', '252', 'ULAGANATHAN', 1, 'new through import_export', 6, 75),
(379, '2023-09-06 12:00:03.886741', '253', 'RAVIKUMAR GNANASEKARAN', 1, 'new through import_export', 6, 75),
(380, '2023-09-06 12:00:03.887951', '254', 'SHALINI RAJ', 1, 'new through import_export', 6, 75),
(381, '2023-09-06 12:00:03.889074', '255', 'SUBHASHINI MUTHUKUMAR', 1, 'new through import_export', 6, 75),
(382, '2023-09-06 12:00:03.890428', '256', 'ISAAC', 1, 'new through import_export', 6, 75),
(383, '2023-09-06 12:00:03.891733', '257', 'RASIKAPRIYA RAJI', 1, 'new through import_export', 6, 75),
(384, '2023-09-06 12:00:03.897582', '258', 'ASHOK KUMAR ', 1, 'new through import_export', 6, 75),
(385, '2023-09-06 12:00:03.900706', '259', 'NOEL JAYAKUMAR', 1, 'new through import_export', 6, 75),
(386, '2023-09-06 12:00:03.901946', '260', 'MERFIN ALEXANDER', 1, 'new through import_export', 6, 75),
(387, '2023-09-06 12:00:03.903388', '261', 'AMBIKA RAKESH', 1, 'new through import_export', 6, 75),
(388, '2023-09-06 12:00:03.904591', '262', 'SUBRAMANI', 1, 'new through import_export', 6, 75),
(389, '2023-09-06 12:00:03.907325', '263', 'SURESH ACHUTHAN', 1, 'new through import_export', 6, 75),
(390, '2023-09-06 12:00:03.909222', '264', 'RAJ KUMAR', 1, 'new through import_export', 6, 75),
(391, '2023-09-06 12:00:03.913732', '265', 'MEGLA PACKIYARAJ', 1, 'new through import_export', 6, 75),
(392, '2023-09-06 12:00:03.919865', '266', 'DINESH', 1, 'new through import_export', 6, 75),
(393, '2023-09-06 12:00:03.921171', '267', 'SHIVARAMAKRISHNAN K', 1, 'new through import_export', 6, 75),
(394, '2023-09-06 12:00:03.922313', '268', 'S.A SIVACHANDRAN', 1, 'new through import_export', 6, 75),
(395, '2023-09-06 12:00:03.923412', '269', 'SUBHA', 1, 'new through import_export', 6, 75),
(396, '2023-09-06 12:00:03.924517', '270', 'SAI NITHISH KANNA', 1, 'new through import_export', 6, 75),
(397, '2023-09-06 12:01:11.745462', '86', 'SRIRAMAN', 1, 'new through import_export', 23, 75),
(398, '2023-09-06 12:01:11.746871', '87', 'JAY', 1, 'new through import_export', 23, 75),
(399, '2023-09-06 12:01:11.747989', '88', 'RAASHIKA RAJA', 1, 'new through import_export', 23, 75),
(400, '2023-09-06 12:01:11.748952', '89', 'VIBINDAS ', 1, 'new through import_export', 23, 75),
(401, '2023-09-06 12:01:11.750003', '90', 'SUGUMAARI', 1, 'new through import_export', 23, 75),
(402, '2023-09-06 12:01:11.751135', '91', 'PADMAPATHY ', 1, 'new through import_export', 23, 75),
(403, '2023-09-06 12:01:11.752238', '92', 'ULAGANATHAN', 1, 'new through import_export', 23, 75),
(404, '2023-09-06 12:01:11.753248', '93', 'RAVIKUMAR GNANASEKARAN', 1, 'new through import_export', 23, 75),
(405, '2023-09-06 12:01:11.754305', '94', 'SHALINI RAJ', 1, 'new through import_export', 23, 75),
(406, '2023-09-06 12:01:11.755356', '95', 'SUBHASHINI MUTHUKUMAR', 1, 'new through import_export', 23, 75),
(407, '2023-09-06 12:01:11.756419', '96', 'ISAAC', 1, 'new through import_export', 23, 75),
(408, '2023-09-06 12:01:11.757807', '97', 'RASIKAPRIYA RAJI', 1, 'new through import_export', 23, 75),
(409, '2023-09-06 12:01:11.758983', '98', 'ASHOK KUMAR ', 1, 'new through import_export', 23, 75),
(410, '2023-09-06 12:01:11.760127', '99', 'NOEL JAYAKUMAR', 1, 'new through import_export', 23, 75),
(411, '2023-09-06 12:01:11.761189', '100', 'MERFIN ALEXANDER', 1, 'new through import_export', 23, 75),
(412, '2023-09-06 12:01:11.762449', '101', 'AMBIKA RAKESH', 1, 'new through import_export', 23, 75),
(413, '2023-09-06 12:01:11.763436', '102', 'SUBRAMANI', 1, 'new through import_export', 23, 75),
(414, '2023-09-06 12:01:11.764714', '103', 'SURESH ACHUTHAN', 1, 'new through import_export', 23, 75),
(415, '2023-09-06 12:01:11.765827', '104', 'RAJ KUMAR', 1, 'new through import_export', 23, 75),
(416, '2023-09-06 12:01:11.767192', '105', 'MEGLA PACKIYARAJ', 1, 'new through import_export', 23, 75),
(417, '2023-09-06 12:01:11.768270', '106', 'DINESH', 1, 'new through import_export', 23, 75),
(418, '2023-09-06 12:01:11.769447', '107', 'SHIVARAMAKRISHNAN K', 1, 'new through import_export', 23, 75),
(419, '2023-09-06 12:01:11.770687', '108', 'S.A SIVACHANDRAN', 1, 'new through import_export', 23, 75),
(420, '2023-09-06 12:01:11.771678', '109', 'SUBHA', 1, 'new through import_export', 23, 75),
(421, '2023-09-06 12:01:11.772775', '110', 'SAI NITHISH KANNA', 1, 'new through import_export', 23, 75),
(422, '2023-09-06 14:46:35.847006', '5', 'Portal Admin', 2, '[{\"changed\": {\"fields\": [\"permissions\"]}}]', 3, 1),
(423, '2023-09-06 14:47:12.900919', '3', 'Madurai', 1, '[{\"added\": {}}]', 39, 75),
(424, '2023-09-06 14:47:21.934469', '4', 'Chennai', 1, '[{\"added\": {}}]', 39, 75),
(425, '2023-09-06 14:47:32.521820', '5', 'Tiruchirappalli', 1, '[{\"added\": {}}]', 39, 75),
(426, '2023-09-06 14:47:41.126541', '6', 'Kanyakumari', 1, '[{\"added\": {}}]', 39, 75),
(427, '2023-09-06 14:49:40.080330', '7', 'Thrissur', 1, '[{\"added\": {}}]', 39, 75),
(428, '2023-09-06 14:49:50.220106', '8', 'Bangalore', 1, '[{\"added\": {}}]', 39, 75),
(429, '2023-09-06 14:50:11.876071', '9', 'Dindigul', 1, '[{\"added\": {}}]', 39, 75),
(430, '2023-09-06 14:50:24.924624', '10', 'Vellore', 1, '[{\"added\": {}}]', 39, 75),
(431, '2023-09-06 14:50:35.884623', '11', 'Ooty', 1, '[{\"added\": {}}]', 39, 75),
(432, '2023-09-06 14:50:52.227348', '12', 'Tirunelveli', 1, '[{\"added\": {}}]', 39, 75),
(433, '2023-09-06 14:50:59.456093', '13', 'Theni', 1, '[{\"added\": {}}]', 39, 75),
(434, '2023-09-06 14:51:36.367460', '14', 'Thiruvananthapuram', 1, '[{\"added\": {}}]', 39, 75),
(435, '2023-09-06 14:52:18.790530', '15', 'Kanyakumari', 1, '[{\"added\": {}}]', 39, 75),
(436, '2023-09-06 14:52:41.315695', '16', 'Trichy', 1, '[{\"added\": {}}]', 39, 75),
(437, '2023-09-06 14:53:49.739516', '17', 'Tiruppur', 1, '[{\"added\": {}}]', 39, 75),
(438, '2023-09-06 14:53:58.411866', '18', 'Ooty', 1, '[{\"added\": {}}]', 39, 75),
(439, '2023-09-06 14:54:10.007290', '19', 'Theni', 1, '[{\"added\": {}}]', 39, 75),
(440, '2023-09-06 14:54:39.258119', '20', 'Kanchipuram', 1, '[{\"added\": {}}]', 39, 75),
(441, '2023-09-06 14:54:51.445785', '21', 'Pollachi', 1, '[{\"added\": {}}]', 39, 75),
(442, '2023-09-06 14:55:07.672430', '22', 'Pondicherry', 1, '[{\"added\": {}}]', 39, 75),
(443, '2023-09-06 14:55:17.601043', '23', 'Tirunelveli', 1, '[{\"added\": {}}]', 39, 75),
(444, '2023-09-06 14:55:29.271529', '5', 'Tiruchirappalli', 3, '', 39, 75),
(445, '2023-09-06 14:55:40.245259', '23', 'Tirunelveli', 3, '', 39, 75),
(446, '2023-09-06 14:56:31.647488', '19', 'Theni', 3, '', 39, 75),
(447, '2023-09-06 14:56:31.649937', '18', 'Ooty', 3, '', 39, 75),
(448, '2023-09-06 14:56:31.651096', '15', 'Kanyakumari', 3, '', 39, 75),
(449, '2023-09-06 17:19:39.777311', '3190', 'MEZZO MUSIC', 1, 'new through import_export', 6, 75),
(450, '2023-09-06 17:19:39.781312', '3191', 'GVS NANDHALAYA MUSIC ACADEMY', 1, 'new through import_export', 6, 75),
(451, '2023-09-06 17:19:39.782723', '3192', 'MARIYA JOSEPH MUSIC ACADEMY', 1, 'new through import_export', 6, 75),
(452, '2023-09-06 17:19:39.784092', '3193', 'SIVARANJANI MUSIC TRAINING ', 1, 'new through import_export', 6, 75),
(453, '2023-09-06 17:19:39.785324', '3194', 'JOEL MUSIC ACADEMY', 1, 'new through import_export', 6, 75),
(454, '2023-09-06 17:19:39.786632', '3195', 'MUSIC CASTLE', 1, 'new through import_export', 6, 75),
(455, '2023-09-06 17:19:39.787934', '3196', 'VENKU\'S MUSIC SCHOOL', 1, 'new through import_export', 6, 75),
(456, '2023-09-06 17:19:39.789128', '3197', 'STAR ACADEMY', 1, 'new through import_export', 6, 75),
(457, '2023-09-06 17:19:39.790335', '3198', 'POORVANGA MUSIC ACADEMY', 1, 'new through import_export', 6, 75),
(458, '2023-09-06 17:19:39.791475', '3199', 'GIBSON MUSIC ACADEMY & MUSICALS', 1, 'new through import_export', 6, 75),
(459, '2023-09-06 17:19:39.792775', '3200', 'WIN MUSIC MINDS ACADEMY', 1, 'new through import_export', 6, 75),
(460, '2023-09-06 17:19:39.794009', '3201', 'ISAI YUGAM ACADEMY OF PERFORMING \nARTS', 1, 'new through import_export', 6, 75),
(461, '2023-09-06 17:19:39.795225', '3202', 'ALPHA MUSIC ACADEMY', 1, 'new through import_export', 6, 75),
(462, '2023-09-06 17:19:39.796356', '3203', 'RIYALAYA MUSIC ACADEMY', 1, 'new through import_export', 6, 75),
(463, '2023-09-06 17:19:39.797487', '3204', 'SIRPI ACADEMY', 1, 'new through import_export', 6, 75),
(464, '2023-09-06 17:19:39.798616', '3205', 'SARASWATHI SANGEETHA VIDYALAY', 1, 'new through import_export', 6, 75),
(465, '2023-09-06 17:19:39.799749', '3206', 'STAR ONLINEMUSIC ACADEMY', 1, 'new through import_export', 6, 75),
(466, '2023-09-06 17:19:39.800969', '3207', 'A\'CAPELLA SCHOOL OF MUSIC', 1, 'new through import_export', 6, 75),
(467, '2023-09-06 17:19:39.802109', '3208', 'ABS SCHOOL OF MUSIC', 1, 'new through import_export', 6, 75),
(468, '2023-09-06 17:19:39.803333', '3209', 'ROYAL MUSIC ACADEMY', 1, 'new through import_export', 6, 75),
(469, '2023-09-06 17:19:39.804628', '3210', 'LINOD ACADEMY OF MUSIC', 1, 'new through import_export', 6, 75),
(470, '2023-09-06 17:19:39.805870', '3211', 'KM MUSIC CONSERVATARY', 1, 'new through import_export', 6, 75),
(471, '2023-09-06 17:19:39.807027', '3212', 'SEVEN NOTES MUSIC SCHOOL', 1, 'new through import_export', 6, 75),
(472, '2023-09-06 17:19:39.808289', '3213', 'NANDANU SCHOOL OF MUSIC AND ARTS', 1, 'new through import_export', 6, 75),
(473, '2023-09-06 17:19:39.809532', '3214', 'STRING ONLINE MUSIC ACADEMY', 1, 'new through import_export', 6, 75),
(474, '2023-09-06 17:19:39.810814', '3215', 'BRIT,S MUSIC INSTITUTE', 1, 'new through import_export', 6, 75),
(475, '2023-09-06 17:19:39.812016', '3216', 'TANSEN ACADEMY OF MUSIC', 1, 'new through import_export', 6, 75),
(476, '2023-09-06 17:19:39.813202', '3217', 'ETUDE SCHOOL OF MUSIC', 1, 'new through import_export', 6, 75),
(477, '2023-09-06 17:19:39.814415', '3218', 'UNWIND CENTER SCOOL OF MUSIC', 1, 'new through import_export', 6, 75),
(478, '2023-09-06 17:19:39.815546', '3219', 'DIVINE MUSIC ACADEMY', 1, 'new through import_export', 6, 75),
(479, '2023-09-06 17:19:39.816773', '3220', '5 OCTAVES MUSIC ACADEMY', 1, 'new through import_export', 6, 75),
(480, '2023-09-06 17:19:39.817925', '3221', 'IDEAL ACADEMY', 1, 'new through import_export', 6, 75),
(481, '2023-09-06 17:19:39.819183', '3222', 'CHORD MUSIC ACADEMY', 1, 'new through import_export', 6, 75),
(482, '2023-09-06 17:19:39.820357', '3223', 'ALAAP MUSIC ACADEMY', 1, 'new through import_export', 6, 75),
(483, '2023-09-06 17:19:39.821503', '3224', 'SHREE MUSIC ACADEMY', 1, 'new through import_export', 6, 75),
(484, '2023-09-06 17:19:39.822620', '3225', 'DADSONS MUSIC PARADISE', 1, 'new through import_export', 6, 75),
(485, '2023-09-06 17:19:39.823795', '3226', '7 TONES MUSIC INSTITUTE', 1, 'new through import_export', 6, 75),
(486, '2023-09-06 17:19:39.825055', '3227', 'MATHAN SCHOOL OF MUSIC', 1, 'new through import_export', 6, 75),
(487, '2023-09-06 17:19:39.826173', '3228', 'CRESCENDO MUSIC HOUSE', 1, 'new through import_export', 6, 75),
(488, '2023-09-06 17:19:39.827272', '3229', 'ROY MUSIC SCHOOL', 1, 'new through import_export', 6, 75),
(489, '2023-09-06 17:19:39.828442', '3230', 'ART FIBER SCHOOL OF LEARNING', 1, 'new through import_export', 6, 75),
(490, '2023-09-06 17:19:39.829685', '3231', 'CAPE ACADEMY OF MUSIC', 1, 'new through import_export', 6, 75),
(491, '2023-09-06 17:19:39.831254', '3232', 'DAVID SCHOOL OF MUSIC', 1, 'new through import_export', 6, 75),
(492, '2023-09-06 17:19:39.832634', '3233', 'KEDWNZ MUSIC ACADEMY', 1, 'new through import_export', 6, 75),
(493, '2023-09-06 17:19:39.833873', '3234', 'HARMONY SHOOL OF MUSIC', 1, 'new through import_export', 6, 75),
(494, '2023-09-06 17:19:39.834941', '3235', 'COCHIN HERO MUSIC AND DANCE ACADEMY', 1, 'new through import_export', 6, 75),
(495, '2023-09-06 17:19:39.836147', '3236', 'SEVEN BELLS THE SCHOOL OF ARTS', 1, 'new through import_export', 6, 75),
(496, '2023-09-06 17:19:39.837611', '3237', 'ATHARVA MUSIC ACADEMY', 1, 'new through import_export', 6, 75),
(497, '2023-09-06 17:19:39.839046', '3238', 'SMURUTHI CARNATIC MUSIC ACADEMY', 1, 'new through import_export', 6, 75),
(498, '2023-09-06 17:19:39.840423', '3239', 'PADMA KALYANI MUSIC INSTITUTE', 1, 'new through import_export', 6, 75),
(499, '2023-09-06 17:19:39.841752', '3240', 'ROSIANO MUSIC ACADEMY', 1, 'new through import_export', 6, 75),
(500, '2023-09-06 17:19:39.842884', '3241', 'KEERTHANAS MUSIC', 1, 'new through import_export', 6, 75),
(501, '2023-09-06 17:19:39.844272', '3242', 'SANGEETHA MUSIC ACADEMY', 1, 'new through import_export', 6, 75),
(502, '2023-09-06 17:19:39.845334', '3243', 'CRYSTOVOX MUSIC SPACE', 1, 'new through import_export', 6, 75),
(503, '2023-09-06 17:19:39.846449', '3244', 'RICHARD,S GUITAR CLASS', 1, 'new through import_export', 6, 75),
(504, '2023-09-06 17:19:39.847659', '3245', 'THENI 7 NOTES MUSIC ACADEMY', 1, 'new through import_export', 6, 75),
(505, '2023-09-06 17:19:39.848808', '3246', 'TRISHAN SCHOOL OF MUSIC ART &DANCE', 1, 'new through import_export', 6, 75),
(506, '2023-09-06 17:19:39.850191', '3247', 'SOUND AND SILENCE MUSIC ACADEMY', 1, 'new through import_export', 6, 75),
(507, '2023-09-06 17:19:39.851410', '3248', 'THE MUSIC SCHOOL BANNGLORE', 1, 'new through import_export', 6, 75),
(508, '2023-09-06 17:19:39.852528', '3249', 'ARVI SCHOOL OF MUSIC AND FINE ARTS', 1, 'new through import_export', 6, 75),
(509, '2023-09-06 17:19:39.853644', '3250', 'SANGEET SADHANA ', 1, 'new through import_export', 6, 75),
(510, '2023-09-06 17:19:39.854786', '3251', 'VENTURES MUSIC ACADEMY', 1, 'new through import_export', 6, 75),
(511, '2023-09-06 17:19:39.855906', '3252', 'GURU BRAHMA MUSIC ACADEMY', 1, 'new through import_export', 6, 75),
(512, '2023-09-06 17:19:39.857482', '3253', 'PRISMONE MUSIC ACADEMY', 1, 'new through import_export', 6, 75),
(513, '2023-09-06 17:19:39.859232', '3254', 'CCA MUSIC ACADEMY', 1, 'new through import_export', 6, 75),
(514, '2023-09-06 17:19:39.860475', '3255', 'TREBLE CLEF MUSIC ACADEMY', 1, 'new through import_export', 6, 75),
(515, '2023-09-06 17:19:39.861609', '3256', 'PERIYAVA CARNATIC MUSIC ACADEMY', 1, 'new through import_export', 6, 75),
(516, '2023-09-06 17:19:39.862740', '3257', 'GROOVES MUSIC SCHOOL', 1, 'new through import_export', 6, 75),
(517, '2023-09-06 17:19:39.864027', '3258', 'STAR ACADEMY', 1, 'new through import_export', 6, 75),
(518, '2023-09-06 17:19:39.865095', '3259', 'ISAI YUGAM ACADEMY OF PERFORMING \nARTS', 1, 'new through import_export', 6, 75),
(519, '2023-09-06 17:19:39.866271', '3260', 'JOEL MUSIC ACADEMY', 1, 'new through import_export', 6, 75),
(520, '2023-09-06 17:19:39.867423', '3261', 'SRI SATHGURU SANGITHA VITHYALAYAM', 1, 'new through import_export', 6, 75),
(521, '2023-09-06 17:19:39.868518', '3262', 'ANGEL INSTITUTE OF MUSIC', 1, 'new through import_export', 6, 75),
(522, '2023-09-06 17:19:39.869578', '3263', 'GIDEON RYTHMS SCHOOL OF MUSIC', 1, 'new through import_export', 6, 75),
(523, '2023-09-06 17:19:39.870683', '3264', 'KRISHNAGIRI MUSIC ACADEMY', 1, 'new through import_export', 6, 75),
(524, '2023-09-06 17:19:39.871846', '3265', 'HONEYCOMB ACADEMY SCHOOL OF MUSIC', 1, 'new through import_export', 6, 75),
(525, '2023-09-06 17:19:39.872918', '3266', 'GALILEE ACADEMY OF MUSIC', 1, 'new through import_export', 6, 75),
(526, '2023-09-06 17:19:39.874037', '3267', 'KALAIMAAMANI M.S. MARTIN,S  CARNATIC\n KEYBOARD SCHOOL', 1, 'new through import_export', 6, 75),
(527, '2023-09-06 17:19:39.875220', '3268', 'RAJASEKARAN ACADEMY OF MUSIC', 1, 'new through import_export', 6, 75),
(528, '2023-09-06 17:19:39.876450', '3269', 'SSI SCHOOL OF MUSIC', 1, 'new through import_export', 6, 75),
(529, '2023-09-06 17:19:39.877893', '3270', 'LINOD ACADEMY OF MUSIC', 1, 'new through import_export', 6, 75),
(530, '2023-09-06 17:19:39.878948', '3271', 'KM MUSIC CONSERVATARY', 1, 'new through import_export', 6, 75),
(531, '2023-09-06 17:19:39.880124', '3272', 'AKIRA MUSIC ACADEMY', 1, 'new through import_export', 6, 75),
(532, '2023-09-06 17:19:39.881255', '3273', 'JV MUSIC ACADEMY', 1, 'new through import_export', 6, 75),
(533, '2023-09-06 17:19:39.882400', '3274', 'SA RI GA MA INSTITUTE OF MUSIC AND DANCE', 1, 'new through import_export', 6, 75),
(534, '2023-09-06 17:19:39.883615', '3275', 'BALALAYAM TEMPLE FOR ETERNAL TRAINING', 1, 'new through import_export', 6, 75),
(535, '2023-09-06 17:19:39.884687', '3276', 'SRI RAJASHYAMALA SCHOOL OF MUSIC', 1, 'new through import_export', 6, 75),
(536, '2023-09-06 17:19:39.885785', '3277', 'MELOMANE MUSIC ACADEMY', 1, 'new through import_export', 6, 75),
(537, '2023-09-06 17:19:39.886981', '3278', 'G7 MUSIC SCHOOL', 1, 'new through import_export', 6, 75),
(538, '2023-09-06 17:19:39.888175', '3279', 'EL-OLAM MUSIC ACADEMY', 1, 'new through import_export', 6, 75),
(539, '2023-09-06 17:19:39.889241', '3280', 'HINDUSTANI MUSIC CLASS', 1, 'new through import_export', 6, 75),
(540, '2023-09-06 17:19:39.890259', '3281', 'PAVO SCHOOL OF MUSIC', 1, 'new through import_export', 6, 75),
(541, '2023-09-06 17:19:39.891523', '3282', 'VIBRATO SCHOOL OF MUSIC', 1, 'new through import_export', 6, 75),
(542, '2023-09-06 17:19:39.893899', '3283', 'JAY MUSIC ACADEMY', 1, 'new through import_export', 6, 75),
(543, '2023-09-06 17:19:39.895143', '3284', 'KUZHAL ISAI PATTARAI', 1, 'new through import_export', 6, 75),
(544, '2023-09-06 17:19:39.896182', '3285', 'FLUTE MAESTRO BHASKARAN BILVA MUSIC', 1, 'new through import_export', 6, 75),
(545, '2023-09-06 17:19:39.897167', '3286', 'SRI MAHA PERIYAVA SCHOOL \nOF MRIDANGAM', 1, 'new through import_export', 6, 75),
(546, '2023-09-06 17:19:39.898230', '3287', 'SHREE MUSIC ACADEMY ', 1, 'new through import_export', 6, 75),
(547, '2023-09-06 17:19:39.899351', '3288', 'RUDHRAYAZH ACADEMY OF \nMUSIC& FINE ARTS', 1, 'new through import_export', 6, 75),
(548, '2023-09-06 17:19:39.900424', '3289', 'VICTORY MUSICAL ACADEMY', 1, 'new through import_export', 6, 75),
(549, '2023-09-06 17:19:39.901633', '3290', 'SHAPTHA SWARANGAL', 1, 'new through import_export', 6, 75),
(550, '2023-09-06 17:19:39.902787', '3291', 'YOGE SWARAA MUSIC ACADEMY', 1, 'new through import_export', 6, 75),
(551, '2023-09-06 17:19:39.903979', '3292', 'SHINE SCHOOL OF MUSIC', 1, 'new through import_export', 6, 75),
(552, '2023-09-06 17:19:39.905206', '3293', 'NISAARI', 1, 'new through import_export', 6, 75),
(553, '2023-09-06 17:19:39.906528', '3294', 'MUSIC CLASS IN POLLACHI', 1, 'new through import_export', 6, 75),
(554, '2023-09-06 17:19:39.907803', '3295', 'MUSIC GARDEN', 1, 'new through import_export', 6, 75),
(555, '2023-09-06 17:19:39.909010', '3296', 'MASTERPIECE MUSIC ACADEMY', 1, 'new through import_export', 6, 75),
(556, '2023-09-06 17:19:39.910197', '3297', 'FLOURISH SYMPHONY', 1, 'new through import_export', 6, 75),
(557, '2023-09-06 17:19:39.911311', '3298', 'FERMATA INSTITUTE OF MUSIC', 1, 'new through import_export', 6, 75),
(558, '2023-09-06 17:19:39.912536', '3299', 'NELLAI SANKAR VIOLIN AND\n KEYBOARD CLASS', 1, 'new through import_export', 6, 75),
(559, '2023-09-06 17:21:08.393420', '115', 'MEZZO MUSIC', 1, 'new through import_export', 14, 75),
(560, '2023-09-06 17:21:08.398833', '116', 'GVS NANDHALAYA MUSIC ACADEMY', 1, 'new through import_export', 14, 75),
(561, '2023-09-06 17:21:08.400388', '117', 'MARIYA JOSEPH MUSIC ACADEMY', 1, 'new through import_export', 14, 75),
(562, '2023-09-06 17:21:08.406328', '118', 'SIVARANJANI MUSIC TRAINING ', 1, 'new through import_export', 14, 75),
(563, '2023-09-06 17:21:08.410386', '119', 'JOEL MUSIC ACADEMY', 1, 'new through import_export', 14, 75),
(564, '2023-09-06 17:21:08.432853', '120', 'MUSIC CASTLE', 1, 'new through import_export', 14, 75),
(565, '2023-09-06 17:21:08.457230', '121', 'VENKU\'S MUSIC SCHOOL', 1, 'new through import_export', 14, 75),
(566, '2023-09-06 17:21:08.463831', '122', 'STAR ACADEMY', 1, 'new through import_export', 14, 75);
INSERT INTO `django_admin_log` (`id`, `action_time`, `object_id`, `object_repr`, `action_flag`, `change_message`, `content_type_id`, `user_id`) VALUES
(567, '2023-09-06 17:21:08.467108', '123', 'POORVANGA MUSIC ACADEMY', 1, 'new through import_export', 14, 75),
(568, '2023-09-06 17:21:08.468616', '124', 'GIBSON MUSIC ACADEMY & MUSICALS', 1, 'new through import_export', 14, 75),
(569, '2023-09-06 17:21:08.481141', '125', 'WIN MUSIC MINDS ACADEMY', 1, 'new through import_export', 14, 75),
(570, '2023-09-06 17:21:08.497874', '126', 'ISAI YUGAM ACADEMY OF PERFORMING \nARTS', 1, 'new through import_export', 14, 75),
(571, '2023-09-06 17:21:08.523054', '127', 'ALPHA MUSIC ACADEMY', 1, 'new through import_export', 14, 75),
(572, '2023-09-06 17:21:08.535298', '128', 'RIYALAYA MUSIC ACADEMY', 1, 'new through import_export', 14, 75),
(573, '2023-09-06 17:21:08.538184', '129', 'SIRPI ACADEMY', 1, 'new through import_export', 14, 75),
(574, '2023-09-06 17:21:08.547273', '130', 'SARASWATHI SANGEETHA VIDYALAY', 1, 'new through import_export', 14, 75),
(575, '2023-09-06 17:21:08.574077', '131', 'STAR ONLINEMUSIC ACADEMY', 1, 'new through import_export', 14, 75),
(576, '2023-09-06 17:21:08.613031', '132', 'A\'CAPELLA SCHOOL OF MUSIC', 1, 'new through import_export', 14, 75),
(577, '2023-09-06 17:21:08.625662', '133', 'ABS SCHOOL OF MUSIC', 1, 'new through import_export', 14, 75),
(578, '2023-09-06 17:21:08.632965', '134', 'ROYAL MUSIC ACADEMY', 1, 'new through import_export', 14, 75),
(579, '2023-09-06 17:21:08.645313', '135', 'LINOD ACADEMY OF MUSIC', 1, 'new through import_export', 14, 75),
(580, '2023-09-06 17:21:08.652147', '136', 'KM MUSIC CONSERVATARY', 1, 'new through import_export', 14, 75),
(581, '2023-09-06 17:21:08.665397', '137', 'SEVEN NOTES MUSIC SCHOOL', 1, 'new through import_export', 14, 75),
(582, '2023-09-06 17:21:08.733855', '138', 'NANDANU SCHOOL OF MUSIC AND ARTS', 1, 'new through import_export', 14, 75),
(583, '2023-09-06 17:21:08.737611', '139', 'STRING ONLINE MUSIC ACADEMY', 1, 'new through import_export', 14, 75),
(584, '2023-09-06 17:21:08.740364', '140', 'BRIT,S MUSIC INSTITUTE', 1, 'new through import_export', 14, 75),
(585, '2023-09-06 17:21:08.744240', '141', 'TANSEN ACADEMY OF MUSIC', 1, 'new through import_export', 14, 75),
(586, '2023-09-06 17:21:08.746501', '142', 'ETUDE SCHOOL OF MUSIC', 1, 'new through import_export', 14, 75),
(587, '2023-09-06 17:21:08.749947', '143', 'UNWIND CENTER SCOOL OF MUSIC', 1, 'new through import_export', 14, 75),
(588, '2023-09-06 17:21:08.752188', '144', 'DIVINE MUSIC ACADEMY', 1, 'new through import_export', 14, 75),
(589, '2023-09-06 17:21:08.757074', '145', '5 OCTAVES MUSIC ACADEMY', 1, 'new through import_export', 14, 75),
(590, '2023-09-06 17:21:08.759568', '146', 'IDEAL ACADEMY', 1, 'new through import_export', 14, 75),
(591, '2023-09-06 17:21:08.761151', '147', 'CHORD MUSIC ACADEMY', 1, 'new through import_export', 14, 75),
(592, '2023-09-06 17:21:08.762615', '148', 'ALAAP MUSIC ACADEMY', 1, 'new through import_export', 14, 75),
(593, '2023-09-06 17:21:08.766529', '149', 'SHREE MUSIC ACADEMY', 1, 'new through import_export', 14, 75),
(594, '2023-09-06 17:21:08.771659', '150', 'DADSONS MUSIC PARADISE', 1, 'new through import_export', 14, 75),
(595, '2023-09-06 17:21:08.784596', '151', '7 TONES MUSIC INSTITUTE', 1, 'new through import_export', 14, 75),
(596, '2023-09-06 17:21:08.786427', '152', 'MATHAN SCHOOL OF MUSIC', 1, 'new through import_export', 14, 75),
(597, '2023-09-06 17:21:08.788920', '153', 'CRESCENDO MUSIC HOUSE', 1, 'new through import_export', 14, 75),
(598, '2023-09-06 17:21:08.794285', '154', 'ROY MUSIC SCHOOL', 1, 'new through import_export', 14, 75),
(599, '2023-09-06 17:21:08.800965', '155', 'ART FIBER SCHOOL OF LEARNING', 1, 'new through import_export', 14, 75),
(600, '2023-09-06 17:21:08.815931', '156', 'CAPE ACADEMY OF MUSIC', 1, 'new through import_export', 14, 75),
(601, '2023-09-06 17:21:08.822655', '157', 'DAVID SCHOOL OF MUSIC', 1, 'new through import_export', 14, 75),
(602, '2023-09-06 17:21:08.842574', '158', 'KEDWNZ MUSIC ACADEMY', 1, 'new through import_export', 14, 75),
(603, '2023-09-06 17:21:08.853298', '159', 'HARMONY SHOOL OF MUSIC', 1, 'new through import_export', 14, 75),
(604, '2023-09-06 17:21:08.856545', '160', 'COCHIN HERO MUSIC AND DANCE ACADEMY', 1, 'new through import_export', 14, 75),
(605, '2023-09-06 17:21:08.858195', '161', 'SEVEN BELLS THE SCHOOL OF ARTS', 1, 'new through import_export', 14, 75),
(606, '2023-09-06 17:21:08.863945', '162', 'ATHARVA MUSIC ACADEMY', 1, 'new through import_export', 14, 75),
(607, '2023-09-06 17:21:08.873930', '163', 'SMURUTHI CARNATIC MUSIC ACADEMY', 1, 'new through import_export', 14, 75),
(608, '2023-09-06 17:21:08.892578', '164', 'PADMA KALYANI MUSIC INSTITUTE', 1, 'new through import_export', 14, 75),
(609, '2023-09-06 17:21:08.941001', '165', 'ROSIANO MUSIC ACADEMY', 1, 'new through import_export', 14, 75),
(610, '2023-09-06 17:21:08.946822', '166', 'KEERTHANAS MUSIC', 1, 'new through import_export', 14, 75),
(611, '2023-09-06 17:21:08.954732', '167', 'SANGEETHA MUSIC ACADEMY', 1, 'new through import_export', 14, 75),
(612, '2023-09-06 17:21:08.956197', '168', 'CRYSTOVOX MUSIC SPACE', 1, 'new through import_export', 14, 75),
(613, '2023-09-06 17:21:08.957459', '169', 'RICHARD,S GUITAR CLASS', 1, 'new through import_export', 14, 75),
(614, '2023-09-06 17:21:08.958988', '170', 'THENI 7 NOTES MUSIC ACADEMY', 1, 'new through import_export', 14, 75),
(615, '2023-09-06 17:21:08.963531', '171', 'TRISHAN SCHOOL OF MUSIC ART &DANCE', 1, 'new through import_export', 14, 75),
(616, '2023-09-06 17:21:08.965055', '172', 'SOUND AND SILENCE MUSIC ACADEMY', 1, 'new through import_export', 14, 75),
(617, '2023-09-06 17:21:08.981989', '173', 'THE MUSIC SCHOOL BANNGLORE', 1, 'new through import_export', 14, 75),
(618, '2023-09-06 17:21:09.019765', '174', 'ARVI SCHOOL OF MUSIC AND FINE ARTS', 1, 'new through import_export', 14, 75),
(619, '2023-09-06 17:21:09.062936', '175', 'SANGEET SADHANA ', 1, 'new through import_export', 14, 75),
(620, '2023-09-06 17:21:09.076828', '176', 'VENTURES MUSIC ACADEMY', 1, 'new through import_export', 14, 75),
(621, '2023-09-06 17:21:09.078535', '177', 'GURU BRAHMA MUSIC ACADEMY', 1, 'new through import_export', 14, 75),
(622, '2023-09-06 17:21:09.080850', '178', 'PRISMONE MUSIC ACADEMY', 1, 'new through import_export', 14, 75),
(623, '2023-09-06 17:21:09.082296', '179', 'CCA MUSIC ACADEMY', 1, 'new through import_export', 14, 75),
(624, '2023-09-06 17:21:09.085167', '180', 'TREBLE CLEF MUSIC ACADEMY', 1, 'new through import_export', 14, 75),
(625, '2023-09-06 17:21:09.095211', '181', 'PERIYAVA CARNATIC MUSIC ACADEMY', 1, 'new through import_export', 14, 75),
(626, '2023-09-06 17:21:09.096852', '182', 'GROOVES MUSIC SCHOOL', 1, 'new through import_export', 14, 75),
(627, '2023-09-06 17:21:09.098214', '183', 'STAR ACADEMY', 1, 'new through import_export', 14, 75),
(628, '2023-09-06 17:21:09.099715', '184', 'ISAI YUGAM ACADEMY OF PERFORMING \nARTS', 1, 'new through import_export', 14, 75),
(629, '2023-09-06 17:21:09.101268', '185', 'JOEL MUSIC ACADEMY', 1, 'new through import_export', 14, 75),
(630, '2023-09-06 17:21:09.103734', '186', 'SRI SATHGURU SANGITHA VITHYALAYAM', 1, 'new through import_export', 14, 75),
(631, '2023-09-06 17:21:09.106036', '187', 'ANGEL INSTITUTE OF MUSIC', 1, 'new through import_export', 14, 75),
(632, '2023-09-06 17:21:09.107721', '188', 'GIDEON RYTHMS SCHOOL OF MUSIC', 1, 'new through import_export', 14, 75),
(633, '2023-09-06 17:21:09.109014', '189', 'KRISHNAGIRI MUSIC ACADEMY', 1, 'new through import_export', 14, 75),
(634, '2023-09-06 17:21:09.110418', '190', 'HONEYCOMB ACADEMY SCHOOL OF MUSIC', 1, 'new through import_export', 14, 75),
(635, '2023-09-06 17:21:09.113020', '191', 'GALILEE ACADEMY OF MUSIC', 1, 'new through import_export', 14, 75),
(636, '2023-09-06 17:21:09.115480', '192', 'KALAIMAAMANI M.S. MARTIN,S  CARNATIC\n KEYBOARD SCHOOL', 1, 'new through import_export', 14, 75),
(637, '2023-09-06 17:21:09.116813', '193', 'RAJASEKARAN ACADEMY OF MUSIC', 1, 'new through import_export', 14, 75),
(638, '2023-09-06 17:21:09.118306', '194', 'SSI SCHOOL OF MUSIC', 1, 'new through import_export', 14, 75),
(639, '2023-09-06 17:21:09.120441', '195', 'LINOD ACADEMY OF MUSIC', 1, 'new through import_export', 14, 75),
(640, '2023-09-06 17:21:09.123006', '196', 'KM MUSIC CONSERVATARY', 1, 'new through import_export', 14, 75),
(641, '2023-09-06 17:21:09.125017', '197', 'AKIRA MUSIC ACADEMY', 1, 'new through import_export', 14, 75),
(642, '2023-09-06 17:21:09.132550', '198', 'JV MUSIC ACADEMY', 1, 'new through import_export', 14, 75),
(643, '2023-09-06 17:21:09.136822', '199', 'SA RI GA MA INSTITUTE OF MUSIC AND DANCE', 1, 'new through import_export', 14, 75),
(644, '2023-09-06 17:21:09.139528', '200', 'BALALAYAM TEMPLE FOR ETERNAL TRAINING', 1, 'new through import_export', 14, 75),
(645, '2023-09-06 17:21:09.142943', '201', 'SRI RAJASHYAMALA SCHOOL OF MUSIC', 1, 'new through import_export', 14, 75),
(646, '2023-09-06 17:21:09.144358', '202', 'MELOMANE MUSIC ACADEMY', 1, 'new through import_export', 14, 75),
(647, '2023-09-06 17:21:09.145780', '203', 'G7 MUSIC SCHOOL', 1, 'new through import_export', 14, 75),
(648, '2023-09-06 17:21:09.147027', '204', 'EL-OLAM MUSIC ACADEMY', 1, 'new through import_export', 14, 75),
(649, '2023-09-06 17:21:09.148316', '205', 'HINDUSTANI MUSIC CLASS', 1, 'new through import_export', 14, 75),
(650, '2023-09-06 17:21:09.149598', '206', 'PAVO SCHOOL OF MUSIC', 1, 'new through import_export', 14, 75),
(651, '2023-09-06 17:21:09.150814', '207', 'VIBRATO SCHOOL OF MUSIC', 1, 'new through import_export', 14, 75),
(652, '2023-09-06 17:21:09.152051', '208', 'JAY MUSIC ACADEMY', 1, 'new through import_export', 14, 75),
(653, '2023-09-06 17:21:09.153193', '209', 'KUZHAL ISAI PATTARAI', 1, 'new through import_export', 14, 75),
(654, '2023-09-06 17:21:09.154611', '210', 'FLUTE MAESTRO BHASKARAN BILVA MUSIC', 1, 'new through import_export', 14, 75),
(655, '2023-09-06 17:21:09.155790', '211', 'SRI MAHA PERIYAVA SCHOOL \nOF MRIDANGAM', 1, 'new through import_export', 14, 75),
(656, '2023-09-06 17:21:09.157115', '212', 'SHREE MUSIC ACADEMY ', 1, 'new through import_export', 14, 75),
(657, '2023-09-06 17:21:09.158564', '213', 'RUDHRAYAZH ACADEMY OF \nMUSIC& FINE ARTS', 1, 'new through import_export', 14, 75),
(658, '2023-09-06 17:21:09.160154', '214', 'VICTORY MUSICAL ACADEMY', 1, 'new through import_export', 14, 75),
(659, '2023-09-06 17:21:09.161487', '215', 'SHAPTHA SWARANGAL', 1, 'new through import_export', 14, 75),
(660, '2023-09-06 17:21:09.163620', '216', 'YOGE SWARAA MUSIC ACADEMY', 1, 'new through import_export', 14, 75),
(661, '2023-09-06 17:21:09.165556', '217', 'SHINE SCHOOL OF MUSIC', 1, 'new through import_export', 14, 75),
(662, '2023-09-06 17:21:09.166933', '218', 'NISAARI', 1, 'new through import_export', 14, 75),
(663, '2023-09-06 17:21:09.168144', '219', 'MUSIC CLASS IN POLLACHI', 1, 'new through import_export', 14, 75),
(664, '2023-09-06 17:21:09.169787', '220', 'MUSIC GARDEN', 1, 'new through import_export', 14, 75),
(665, '2023-09-06 17:21:09.171581', '221', 'MASTERPIECE MUSIC ACADEMY', 1, 'new through import_export', 14, 75),
(666, '2023-09-06 17:21:09.172972', '222', 'FLOURISH SYMPHONY', 1, 'new through import_export', 14, 75),
(667, '2023-09-06 17:21:09.174545', '223', 'FERMATA INSTITUTE OF MUSIC', 1, 'new through import_export', 14, 75),
(668, '2023-09-06 17:21:09.175995', '224', 'NELLAI SANKAR VIOLIN AND\n KEYBOARD CLASS', 1, 'new through import_export', 14, 75),
(669, '2023-09-07 09:30:10.853406', '3326', 'SRM MUSIC BAND COIMBATORE', 1, 'new through import_export', 6, 75),
(670, '2023-09-07 09:30:10.879169', '3327', 'GOLDEN MUSIC BAND', 1, 'new through import_export', 6, 75),
(671, '2023-09-07 09:30:10.881157', '3328', 'COIMBATORE SILVER STAR BAND', 1, 'new through import_export', 6, 75),
(672, '2023-09-07 09:30:10.883170', '3329', 'THE MEDIA REALM', 1, 'new through import_export', 6, 75),
(673, '2023-09-07 09:30:10.902908', '3330', 'DIVIN BAND PARTY', 1, 'new through import_export', 6, 75),
(674, '2023-09-07 09:30:10.904627', '3331', 'SRM MUSIC BAND', 1, 'new through import_export', 6, 75),
(675, '2023-09-07 09:30:10.906600', '3332', 'MURALEEDHARAN FLUTIST', 1, 'new through import_export', 6, 75),
(676, '2023-09-07 09:30:10.908043', '3333', 'KARTHIK RAJA INSTRUNENTAL \nCONCERTZ', 1, 'new through import_export', 6, 75),
(677, '2023-09-07 09:30:10.919493', '3334', 'DELIGHT ARCHESTRA', 1, 'new through import_export', 6, 75),
(678, '2023-09-07 09:30:10.922773', '3335', 'STAR ELITE ORCHESTRA AND EVENT', 1, 'new through import_export', 6, 75),
(679, '2023-09-07 09:30:10.925384', '3336', 'KOVAI SYMPHONY ORCHESTRA', 1, 'new through import_export', 6, 75),
(680, '2023-09-07 09:30:10.951690', '3337', 'KOVAI SARAN MELODIES ORCHESTRA', 1, 'new through import_export', 6, 75),
(681, '2023-09-07 09:30:44.689069', '20', 'SRM MUSIC BAND COIMBATORE', 1, 'new through import_export', 33, 75),
(682, '2023-09-07 09:30:44.708762', '21', 'GOLDEN MUSIC BAND', 1, 'new through import_export', 33, 75),
(683, '2023-09-07 09:30:44.710389', '22', 'COIMBATORE SILVER STAR BAND', 1, 'new through import_export', 33, 75),
(684, '2023-09-07 09:30:44.711712', '23', 'THE MEDIA REALM', 1, 'new through import_export', 33, 75),
(685, '2023-09-07 09:30:44.712912', '24', 'DIVIN BAND PARTY', 1, 'new through import_export', 33, 75),
(686, '2023-09-07 09:30:44.714298', '25', 'SRM MUSIC BAND', 1, 'new through import_export', 33, 75),
(687, '2023-09-07 09:30:44.717806', '26', 'MURALEEDHARAN FLUTIST', 1, 'new through import_export', 33, 75),
(688, '2023-09-07 09:30:44.744726', '27', 'KARTHIK RAJA INSTRUNENTAL \nCONCERTZ', 1, 'new through import_export', 33, 75),
(689, '2023-09-07 09:30:44.750166', '28', 'DELIGHT ARCHESTRA', 1, 'new through import_export', 33, 75),
(690, '2023-09-07 09:30:44.752312', '29', 'STAR ELITE ORCHESTRA AND EVENT', 1, 'new through import_export', 33, 75),
(691, '2023-09-07 09:30:44.757826', '30', 'KOVAI SYMPHONY ORCHESTRA', 1, 'new through import_export', 33, 75),
(692, '2023-09-07 09:30:44.759153', '31', 'KOVAI SARAN MELODIES ORCHESTRA', 1, 'new through import_export', 33, 75),
(693, '2023-09-12 17:34:54.247151', '61', 'sssss', 1, '[{\"added\": {}}]', 40, 1),
(694, '2023-09-12 17:35:05.006689', '62', 'sssss', 1, '[{\"added\": {}}]', 40, 1),
(695, '2023-09-12 17:35:12.927170', '63', 'sssss', 1, '[{\"added\": {}}]', 40, 1),
(696, '2023-09-12 17:35:16.342880', '64', 'sssss', 1, '[{\"added\": {}}]', 40, 1),
(697, '2023-09-14 14:26:25.394221', '64', 'sssss', 3, '', 40, 1),
(698, '2023-09-14 14:26:25.400125', '63', 'sssss', 3, '', 40, 1),
(699, '2023-09-14 14:26:25.402984', '62', 'sssss', 3, '', 40, 1),
(700, '2023-09-14 14:26:25.406148', '61', 'sssss', 3, '', 40, 1),
(701, '2023-09-15 11:37:51.362500', '60', 'Pattu padava', 2, '[{\"changed\": {\"fields\": [\"From date\", \"To date\", \"Registration close date\"]}}]', 40, 1),
(702, '2023-09-15 11:38:20.929951', '59', 'MARAKKUMA NENJAM', 2, '[{\"changed\": {\"fields\": [\"Name\", \"From date\", \"To date\", \"Registration close date\"]}}]', 40, 1),
(703, '2023-09-15 11:38:37.690781', '58', 'House of Tribe', 2, '[{\"changed\": {\"fields\": [\"From date\", \"To date\", \"Registration close date\"]}}]', 40, 1),
(704, '2023-09-15 11:39:00.693442', '55', 'Gowri national cultural Festival', 2, '[{\"changed\": {\"fields\": [\"From date\", \"To date\", \"Registration close date\"]}}]', 40, 1),
(705, '2023-09-15 11:39:17.304959', '49', 'SAMPLE EVENT 1', 2, '[{\"changed\": {\"fields\": [\"From date\", \"To date\", \"Registration close date\"]}}]', 40, 1),
(706, '2023-09-15 11:39:36.254356', '50', 'SAMPLE EVENT 2', 2, '[{\"changed\": {\"fields\": [\"Name\", \"From date\", \"To date\", \"Registration close date\"]}}]', 40, 1),
(707, '2023-09-25 11:48:45.731622', '3338', 'uma sangavi', 2, '[{\"changed\": {\"fields\": [\"Password\", \"Last login\"]}}]', 6, 1),
(708, '2023-09-25 11:51:13.190808', '62', 'Vignesh', 2, '[{\"changed\": {\"fields\": [\"Password\"]}}]', 6, 1),
(709, '2023-09-26 09:31:11.947247', '3338', 'uma sangavi', 2, '[{\"changed\": {\"fields\": [\"Password\", \"Groups\"]}}]', 6, 1),
(710, '2023-09-26 09:32:01.517862', '3338', 'uma sangavi', 2, '[{\"changed\": {\"fields\": [\"Groups\"]}}]', 6, 1),
(711, '2023-09-26 09:32:50.085482', '3338', 'uma sangavi', 2, '[{\"changed\": {\"fields\": [\"Groups\"]}}]', 6, 1),
(712, '2023-09-26 09:33:08.705405', '3338', 'uma sangavi', 2, '[]', 6, 1),
(713, '2023-09-26 09:37:34.140664', '3299', 'NELLAI SANKAR VIOLIN AND KEYBOARD CLASS', 2, '[{\"changed\": {\"fields\": [\"Password\", \"First name\"]}}]', 6, 1),
(714, '2023-09-26 09:39:59.340417', '3299', 'NELLAI SANKAR VIOLIN AND KEYBOARD CLASS', 2, '[{\"changed\": {\"fields\": [\"Password\"]}}]', 6, 1),
(715, '2023-09-26 09:54:16.714107', '3338', 'uma sangavi', 3, '', 6, 1),
(716, '2023-09-26 09:57:29.395043', '3339', 'Music band', 2, '[{\"changed\": {\"fields\": [\"Verified email\", \"Active\", \"Is staff\"]}}]', 6, 1),
(717, '2023-09-26 17:42:10.678021', '12', 'Post object (12)', 2, '[{\"changed\": {\"fields\": [\"Content\"]}}]', 28, 1),
(718, '2023-09-26 17:42:28.650304', '11', 'Post object (11)', 2, '[{\"changed\": {\"fields\": [\"Content\"]}}]', 28, 1),
(719, '2023-09-27 10:16:06.418128', '76', 'sarveswaran', 3, '', 6, 1),
(720, '2023-09-27 10:21:44.301245', '62', 'Vignesh', 2, '[{\"changed\": {\"fields\": [\"Password\"]}}]', 6, 1),
(721, '2023-09-27 10:23:20.080290', '62', 'Vignesh', 2, '[{\"changed\": {\"fields\": [\"Password\"]}}]', 6, 1),
(722, '2023-09-27 10:24:01.236314', '62', 'Vignesh', 2, '[{\"changed\": {\"fields\": [\"Password\"]}}]', 6, 1),
(723, '2023-09-27 10:24:15.700287', '62', 'Vignesh', 2, '[{\"changed\": {\"fields\": [\"Password\"]}}]', 6, 1),
(724, '2023-09-27 10:26:21.071707', '3340', 'sarveswaran', 2, '[{\"changed\": {\"fields\": [\"Password\"]}}, {\"changed\": {\"name\": \"musician\", \"object\": \"sarveswaran\", \"fields\": [\"Dob\", \"Gender\", \"Profession\", \"About me\"]}}]', 6, 1),
(725, '2023-10-04 15:52:59.892231', '21', 'Vignesh', 3, '', 43, 1),
(726, '2023-10-04 15:52:59.898552', '20', 'Vignesh', 3, '', 43, 1),
(727, '2023-10-04 15:52:59.901186', '19', 'Vignesh', 3, '', 43, 1),
(728, '2023-10-04 15:52:59.903454', '18', 'Vignesh', 3, '', 43, 1),
(729, '2023-10-04 15:52:59.906171', '17', 'Alagu Raj', 3, '', 43, 1),
(730, '2023-10-04 15:52:59.909298', '16', 'Alagu Raj', 3, '', 43, 1),
(731, '2023-10-04 15:52:59.912711', '15', 'Alagu Raj', 3, '', 43, 1),
(732, '2023-10-04 15:52:59.915255', '11', 'Vignesh', 3, '', 43, 1),
(733, '2023-10-13 09:22:03.727862', '62', 'Vignesh', 2, '[{\"changed\": {\"fields\": [\"Cover picture\"]}}]', 6, 1),
(734, '2023-10-13 09:22:08.710785', '62', 'Vignesh', 2, '[{\"changed\": {\"fields\": [\"Cover picture\"]}}]', 6, 1),
(735, '2023-10-13 09:23:19.552628', '20', 'hbhbjbj', 3, '', 24, 1),
(736, '2023-10-16 14:04:37.502117', '3343', 'band', 1, '[{\"added\": {}}]', 6, 1),
(737, '2023-10-19 17:15:17.557166', '58', 'House of Tribe', 2, '[{\"changed\": {\"fields\": [\"Poster image\"]}}]', 40, 1),
(738, '2023-10-19 17:16:04.179587', '57', 'House of Tribe', 2, '[{\"changed\": {\"fields\": [\"Poster image\"]}}]', 40, 1),
(739, '2023-10-19 17:16:20.107094', '56', 'House of Tribe', 2, '[{\"changed\": {\"fields\": [\"Poster image\"]}}]', 40, 1),
(740, '2023-11-01 16:08:06.068344', '3351', 'uma sangavi', 2, '[]', 6, 1),
(741, '2023-11-01 16:11:16.442399', '3351', 'uma sangavi', 2, '[{\"changed\": {\"fields\": [\"Active\"]}}]', 6, 1),
(742, '2023-11-04 09:31:03.705387', '134', 'Guitar', 1, '[{\"added\": {}}]', 27, 1),
(743, '2023-11-04 14:49:13.400889', '60', 'maria', 2, '[{\"changed\": {\"fields\": [\"Profession\"]}}]', 23, 1),
(744, '2023-11-04 14:52:14.496100', '135', 'Banjo', 1, '[{\"added\": {}}]', 27, 1),
(745, '2023-11-04 14:55:23.934576', '136', 'Ukulele', 1, '[{\"added\": {}}]', 27, 1),
(746, '2023-11-04 14:56:35.319287', '137', 'Banjo', 1, '[{\"added\": {}}]', 27, 1),
(747, '2023-11-04 14:57:01.706956', '138', 'Veena', 1, '[{\"added\": {}}]', 27, 1),
(748, '2023-11-04 14:57:12.142653', '139', 'Veena', 1, '[{\"added\": {}}]', 27, 1),
(749, '2023-11-04 15:26:00.146594', '140', 'Nadaswaram', 1, '[{\"added\": {}}]', 27, 1),
(750, '2023-11-06 15:13:25.193487', '54', 'Vignesh', 2, '[{\"changed\": {\"fields\": [\"Gender\"]}}]', 23, 1),
(751, '2023-11-25 12:25:44.098069', '65', 'Indumathi', 2, '[]', 6, 1),
(752, '2023-11-25 12:26:36.059956', '44', 'test', 3, '', 19, 1),
(753, '2023-11-25 12:26:41.733483', '41', 'testing', 2, '[]', 19, 1),
(754, '2023-11-25 12:26:55.194844', '41', 'testing', 3, '', 19, 1),
(755, '2023-11-25 12:27:13.452329', '31', 'Event_Performer object (31)', 3, '', 13, 1),
(756, '2023-11-25 12:27:20.233671', '30', 'Event_Performer object (30)', 3, '', 13, 1),
(757, '2023-11-25 12:27:37.048774', '27', 'Event_Performer object (27)', 3, '', 13, 1),
(758, '2023-11-28 11:49:41.555985', '3365', 'priya', 1, '[{\"added\": {}}]', 6, 1),
(759, '2023-11-28 11:51:01.067300', '3365', 'priya', 2, '[{\"changed\": {\"fields\": [\"Profile picture\"]}}]', 6, 1),
(760, '2023-11-28 12:22:58.800619', '3365', 'priya', 2, '[{\"changed\": {\"fields\": [\"Superuser status\", \"Is staff\"]}}]', 6, 1),
(761, '2023-11-28 12:23:57.984113', '3365', 'priya', 2, '[]', 6, 1),
(762, '2023-11-28 12:24:42.126836', '37', 'priya', 1, '[{\"added\": {}}]', 33, 1),
(763, '2023-12-05 12:21:24.428568', '62', 'Vignesh', 2, '[]', 6, 1),
(764, '2023-12-05 12:21:52.428827', '54', 'Vignesh', 2, '[]', 23, 1),
(765, '2023-12-05 12:25:40.493453', '62', 'Vignesh', 2, '[{\"changed\": {\"fields\": [\"Groups\"]}}]', 6, 1),
(766, '2023-12-05 12:25:52.810235', '62', 'Vignesh', 2, '[{\"changed\": {\"fields\": [\"Groups\"]}}]', 6, 1),
(767, '2023-12-05 12:26:38.554549', '62', 'Vignesh', 2, '[{\"changed\": {\"fields\": [\"Superuser status\", \"Verified email\", \"Is staff\"]}}]', 6, 1),
(768, '2023-12-13 16:47:09.441333', '89', 'Sangeetham', 3, '', 40, 62),
(769, '2023-12-13 16:54:19.064983', '93', 'Isai', 3, '', 40, 62),
(770, '2023-12-13 16:54:56.958166', '92', 'Sangeetham', 3, '', 40, 62),
(771, '2023-12-13 16:55:15.685614', '88', 'Sangeetham', 3, '', 40, 62),
(772, '2023-12-13 16:55:59.914641', '65', 'New Event', 3, '', 40, 62),
(773, '2023-12-13 16:56:13.774486', '66', 'New Event', 3, '', 40, 62),
(774, '2023-12-13 16:56:24.531829', '67', 'New Event', 3, '', 40, 62),
(775, '2023-12-13 16:56:35.327329', '68', 'New Event', 3, '', 40, 62),
(776, '2023-12-13 16:56:46.275433', '69', 'New Event', 3, '', 40, 62),
(777, '2023-12-13 16:56:59.293371', '70', 'New Event', 3, '', 40, 62),
(778, '2023-12-13 16:57:07.198939', '71', 'New Event', 3, '', 40, 62),
(779, '2023-12-13 16:57:49.992676', '76', 'Madhan', 3, '', 40, 62),
(780, '2023-12-13 16:58:52.540505', '48', 'dd', 3, '', 40, 62),
(781, '2023-12-13 17:02:58.566650', '95', 'ISAI', 3, '', 40, 62),
(782, '2023-12-14 09:49:47.188321', '103', 'music events', 3, '', 40, 1),
(783, '2023-12-14 09:49:58.056905', '102', 'musics', 3, '', 40, 1),
(784, '2023-12-14 09:50:05.985177', '101', 'New Events', 3, '', 40, 1),
(785, '2023-12-14 09:50:15.135910', '100', 'New Events', 3, '', 40, 1),
(786, '2023-12-14 09:50:23.973159', '99', 'New Events', 3, '', 40, 1),
(787, '2023-12-14 09:50:34.476840', '98', 'New Events', 3, '', 40, 1),
(788, '2023-12-14 09:50:43.403284', '97', 'New Events', 3, '', 40, 1),
(789, '2023-12-14 09:50:52.422976', '96', 'New Events', 3, '', 40, 1),
(790, '2023-12-14 09:51:01.498386', '94', 'Isai', 3, '', 40, 1),
(791, '2023-12-14 09:51:11.846512', '91', 'Sangeetham', 3, '', 40, 1),
(792, '2023-12-14 09:51:22.359370', '87', 'Sangeetham', 3, '', 40, 1),
(793, '2023-12-14 09:51:29.903064', '86', 'Sangeetham', 3, '', 40, 1),
(794, '2023-12-14 09:51:36.797671', '85', 'Sangeetham', 3, '', 40, 1),
(795, '2023-12-14 09:51:43.533683', '84', 'Sangeetham', 3, '', 40, 1),
(796, '2023-12-14 09:51:50.162998', '83', 'Sangeetham', 3, '', 40, 1),
(797, '2023-12-14 09:51:56.369965', '82', 'Sangeetham', 3, '', 40, 1),
(798, '2023-12-14 09:52:04.089086', '81', 'Sangeetham', 3, '', 40, 1),
(799, '2023-12-14 09:52:11.223385', '80', 'Sangeetham', 3, '', 40, 1),
(800, '2023-12-14 09:52:18.010623', '79', 'Sangeetham', 3, '', 40, 1),
(801, '2023-12-14 09:52:24.360486', '78', 'Sangeetham', 3, '', 40, 1),
(802, '2023-12-14 09:52:31.067568', '77', 'Sangeetham', 3, '', 40, 1),
(803, '2023-12-14 09:54:09.341872', '90', 'Madhan', 3, '', 40, 1),
(804, '2023-12-14 09:56:00.494484', '66', 'Post object (66)', 1, '[{\"added\": {}}]', 28, 1),
(805, '2023-12-14 09:57:32.605954', '3349', 'uma sangavi', 3, '', 6, 1),
(806, '2023-12-14 09:57:41.501357', '3348', 'uma sangavi', 3, '', 6, 1),
(807, '2023-12-14 09:58:03.487486', '3351', 'umasangavi', 2, '[{\"changed\": {\"fields\": [\"First name\"]}}]', 6, 1),
(808, '2023-12-14 09:59:42.706119', '67', 'Post object (67)', 1, '[{\"added\": {}}]', 28, 1),
(809, '2023-12-14 10:05:09.221544', '106', 'Raagam', 2, '[]', 40, 1),
(810, '2023-12-14 10:26:04.802931', '73', 'kaatrin mozhi', 2, '[{\"changed\": {\"fields\": [\"Poster image\"]}}]', 40, 1),
(811, '2023-12-14 10:37:11.276397', '59', 'MARAKKUMA NENJAM', 2, '[{\"changed\": {\"fields\": [\"Poster image\"]}}]', 40, 1),
(812, '2023-12-14 11:13:34.832049', '109', 'Raagam', 3, '', 40, 1),
(813, '2023-12-14 11:14:06.475237', '110', 'Raagam', 2, '[{\"changed\": {\"fields\": [\"Poster image\"]}}]', 40, 1),
(814, '2023-12-15 09:13:05.598310', '116', 'New Event', 3, '', 40, 1),
(815, '2023-12-15 09:13:05.601438', '115', 'New Event', 3, '', 40, 1),
(816, '2023-12-15 09:13:05.604050', '114', 'New Event', 3, '', 40, 1),
(817, '2023-12-15 09:13:05.605584', '113', 'New Event', 3, '', 40, 1),
(818, '2023-12-15 09:13:05.607173', '112', 'New Event', 3, '', 40, 1),
(819, '2023-12-15 09:36:48.367652', '117', 'Raagam', 2, '[]', 40, 1),
(820, '2023-12-15 09:37:00.830661', '117', 'Raagam', 3, '', 40, 1),
(821, '2023-12-15 09:37:09.658056', '118', 'Raagam', 3, '', 40, 1),
(822, '2023-12-15 09:37:20.777746', '119', 'Raagam', 3, '', 40, 1),
(823, '2023-12-15 09:37:31.886671', '110', 'Raagam', 3, '', 40, 1),
(824, '2023-12-15 09:38:21.441743', '107', 'Raagam', 3, '', 40, 1),
(825, '2023-12-15 10:15:51.145723', '121', 'Raagam', 3, '', 40, 1),
(826, '2023-12-15 10:16:04.868159', '126', 'Raagam', 3, '', 40, 1),
(827, '2023-12-15 11:13:11.736471', '130', 'New Event', 3, '', 40, 1),
(828, '2023-12-15 11:13:21.753721', '138', 'test', 3, '', 40, 1),
(829, '2023-12-15 11:13:29.539341', '137', 'test', 3, '', 40, 1),
(830, '2023-12-15 11:13:36.943859', '136', 'test', 3, '', 40, 1),
(831, '2023-12-15 11:14:48.097849', '135', 'test', 3, '', 40, 1),
(832, '2023-12-15 11:15:09.768966', '134', 'test', 3, '', 40, 1),
(833, '2023-12-15 11:15:18.281635', '133', 'test', 3, '', 40, 1),
(834, '2023-12-15 11:16:23.849192', '132', 'New Event', 3, '', 40, 1),
(835, '2023-12-15 11:16:49.277786', '120', 'New Event', 3, '', 40, 1),
(836, '2023-12-15 11:17:05.726227', '129', 'New Event', 3, '', 40, 1),
(837, '2023-12-15 11:17:12.430157', '128', 'New Event', 3, '', 40, 1),
(838, '2023-12-15 11:17:18.607347', '127', 'New Event', 3, '', 40, 1),
(839, '2023-12-15 11:17:26.198742', '125', 'New Event', 3, '', 40, 1),
(840, '2023-12-15 11:17:39.389491', '124', 'New Event', 3, '', 40, 1),
(841, '2023-12-15 11:17:45.621452', '123', 'New Event', 3, '', 40, 1),
(842, '2023-12-15 11:17:53.007969', '122', 'New Event', 3, '', 40, 1),
(843, '2023-12-15 11:19:45.534975', '105', 'new events', 3, '', 40, 1),
(844, '2023-12-15 11:19:53.735951', '104', 'test', 3, '', 40, 1),
(845, '2023-12-16 15:00:31.412554', '88', 'Vignesh', 3, '', 44, 1),
(846, '2023-12-16 15:00:31.415706', '87', 'Vignesh', 3, '', 44, 1),
(847, '2023-12-16 15:00:31.417822', '86', 'Vignesh', 3, '', 44, 1),
(848, '2023-12-16 15:00:31.421748', '85', 'Vignesh', 3, '', 44, 1),
(849, '2023-12-16 15:00:31.424035', '84', 'Vignesh', 3, '', 44, 1),
(850, '2023-12-16 15:00:31.425648', '83', 'Vignesh', 3, '', 44, 1),
(851, '2023-12-16 15:00:31.427443', '82', 'Vignesh', 3, '', 44, 1),
(852, '2023-12-16 15:00:31.429100', '81', 'Vignesh', 3, '', 44, 1),
(853, '2023-12-16 15:00:31.430530', '80', 'Vignesh', 3, '', 44, 1),
(854, '2023-12-16 15:01:05.219043', '79', 'Vignesh', 3, '', 44, 1),
(855, '2023-12-16 15:01:05.223697', '73', 'Vignesh', 3, '', 44, 1),
(856, '2023-12-16 15:01:05.225777', '68', 'Vignesh', 3, '', 44, 1),
(857, '2023-12-16 15:01:05.227511', '61', 'Vignesh', 3, '', 44, 1),
(858, '2023-12-16 15:01:05.228785', '33', 'Vignesh', 3, '', 44, 1),
(859, '2023-12-16 15:01:05.232157', '32', 'Vignesh', 3, '', 44, 1),
(860, '2023-12-16 15:01:05.234184', '31', 'Vignesh', 3, '', 44, 1),
(861, '2023-12-16 15:02:11.679602', '156', 'test 1', 2, '[{\"changed\": {\"fields\": [\"Name\", \"Event type\", \"Event category\", \"Location\"]}}]', 40, 1),
(862, '2023-12-16 15:02:25.910716', '155', 'testing', 2, '[{\"changed\": {\"fields\": [\"Location\"]}}]', 40, 1),
(863, '2023-12-16 15:02:39.540728', '154', 'new musics', 2, '[{\"changed\": {\"fields\": [\"Location\"]}}]', 40, 1),
(864, '2023-12-18 10:39:01.361715', '156', 'test 1', 3, '', 40, 1),
(865, '2023-12-18 10:39:12.523668', '154', 'new musics', 3, '', 40, 1),
(866, '2023-12-18 10:39:22.635305', '152', 'new events', 3, '', 40, 1),
(867, '2023-12-18 10:39:30.391336', '151', 'test', 3, '', 40, 1),
(868, '2023-12-18 10:39:37.978326', '150', 'test', 3, '', 40, 1),
(869, '2023-12-18 10:39:45.572794', '147', 'test', 3, '', 40, 1),
(870, '2023-12-18 10:39:52.909189', '149', 'test', 3, '', 40, 1),
(871, '2023-12-18 10:39:59.066313', '148', 'test', 3, '', 40, 1),
(872, '2023-12-18 10:40:05.809022', '146', 'test', 3, '', 40, 1),
(873, '2023-12-18 10:40:12.967770', '144', 'test', 3, '', 40, 1),
(874, '2023-12-18 10:40:22.034956', '139', 'test', 3, '', 40, 1),
(875, '2023-12-18 10:40:28.746744', '145', 'New Event', 3, '', 40, 1),
(876, '2023-12-18 10:40:51.279432', '140', 'Raagam', 3, '', 40, 1),
(877, '2023-12-18 10:41:00.198427', '143', 'test', 3, '', 40, 1),
(878, '2023-12-18 10:41:09.722008', '141', 'Raagam', 3, '', 40, 1),
(879, '2023-12-18 17:13:03.601947', '3367', 'SriGuru', 2, '[{\"changed\": {\"fields\": [\"Verified email\"]}}]', 6, 62),
(880, '2023-12-18 17:13:44.148497', '3367', 'SriGuru', 2, '[]', 6, 62),
(881, '2023-12-19 09:24:08.002906', '22', 'Conversation object (22)', 3, '', 9, 1),
(882, '2023-12-19 09:24:08.008422', '17', 'Conversation object (17)', 3, '', 9, 1),
(883, '2023-12-19 09:47:50.982207', '34', 'Event_Performer object (34)', 2, '[{\"changed\": {\"fields\": [\"Troupe\"]}}]', 13, 1),
(884, '2023-12-19 09:47:59.801664', '35', 'Event_Performer object (35)', 2, '[{\"changed\": {\"fields\": [\"Troupe\"]}}]', 13, 1),
(885, '2023-12-19 09:48:08.187071', '38', 'Event_Performer object (38)', 2, '[{\"changed\": {\"fields\": [\"Troupe\"]}}]', 13, 1),
(886, '2023-12-19 09:48:16.773623', '39', 'Event_Performer object (39)', 3, '', 13, 1),
(887, '2023-12-19 15:38:49.102880', '3367', 'SriGuru', 3, '', 6, 62),
(888, '2023-12-19 15:38:59.833299', '3368', 'SriGuru', 3, '', 6, 62),
(889, '2023-12-19 15:55:39.702868', '3369', 'SriGuru', 2, '[{\"changed\": {\"fields\": [\"Address\", \"Mobile no\", \"Location\", \"Profile picture\"]}}, {\"added\": {\"name\": \"gurukulam\", \"object\": \"SriGuru\"}}]', 6, 62),
(890, '2023-12-20 09:36:20.340413', '3370', 'keer', 3, '', 6, 3365),
(891, '2023-12-20 09:38:40.261352', '3371', 'keer', 3, '', 6, 3365),
(892, '2023-12-20 09:41:09.891274', '3372', 'keer', 3, '', 6, 3365),
(895, '2023-12-22 17:00:52.606883', '39', 'Report_People object (39)', 2, '[{\"changed\": {\"fields\": [\"Report file\"]}}]', 37, 1),
(897, '2023-12-22 17:04:29.905293', '64', 'MADHANKUMAR', 2, '[{\"changed\": {\"fields\": [\"Verified email\"]}}, {\"changed\": {\"name\": \"musician\", \"object\": \"MADHANKUMAR\", \"fields\": [\"Gender\", \"Profession\", \"About me\"]}}]', 6, 1),
(898, '2023-12-22 17:05:14.122827', '73', 'madhan', 2, '[{\"changed\": {\"name\": \"musician\", \"object\": \"madhan\", \"fields\": [\"Gender\", \"Profession\", \"About me\"]}}]', 6, 1),
(899, '2023-12-22 17:06:52.959187', '63', 'Ramesh', 2, '[{\"changed\": {\"fields\": [\"Profile picture\"]}}]', 6, 1),
(900, '2023-12-22 17:07:51.387917', '246', 'SRIRAMAN', 2, '[{\"changed\": {\"fields\": [\"Address\", \"Profile picture\"]}}, {\"changed\": {\"name\": \"musician\", \"object\": \"SRIRAMAN\", \"fields\": [\"Gender\", \"About me\"]}}]', 6, 1),
(901, '2023-12-22 17:08:45.548756', '248', 'RAASHIKA RAJA', 2, '[{\"changed\": {\"fields\": [\"Address\", \"Profile picture\"]}}, {\"changed\": {\"name\": \"musician\", \"object\": \"RAASHIKA RAJA\", \"fields\": [\"Gender\", \"About me\"]}}]', 6, 1),
(902, '2023-12-22 17:09:26.805394', '251', 'PADMAPATHY', 2, '[{\"changed\": {\"fields\": [\"First name\", \"Profile picture\"]}}, {\"changed\": {\"name\": \"musician\", \"object\": \"PADMAPATHY\", \"fields\": [\"Gender\", \"About me\"]}}]', 6, 1),
(903, '2023-12-22 17:09:31.659905', '251', 'PADMAPATHY', 2, '[{\"changed\": {\"fields\": [\"Username\", \"Profile picture\"]}}]', 6, 1),
(904, '2023-12-22 17:09:38.931228', '248', 'RAASHIKA RAJA', 2, '[{\"changed\": {\"fields\": [\"Profile picture\"]}}]', 6, 1),
(905, '2023-12-22 17:13:08.781929', '71', 'Harish', 2, '[{\"changed\": {\"fields\": [\"First name\", \"Name\", \"Profile picture\"]}}, {\"added\": {\"name\": \"musician\", \"object\": \"Harish\"}}]', 6, 1),
(906, '2023-12-22 17:13:29.083034', '65', 'Indu', 2, '[{\"changed\": {\"fields\": [\"Profile picture\"]}}]', 6, 1),
(907, '2023-12-22 17:35:19.761301', '162', 'Indian classical music', 3, '', 40, 1),
(908, '2023-12-23 09:39:44.519072', '131', 'Raagam -1', 2, '[{\"changed\": {\"fields\": [\"Poster image\"]}}]', 40, 1),
(909, '2024-01-02 14:06:45.710473', '43', 'JAY', 3, '', 21, 1),
(910, '2024-01-02 14:06:45.716957', '7', 'Vignesh', 3, '', 21, 1),
(911, '2024-01-02 14:08:04.115070', '51', 'Event_Performer object (51)', 3, '', 13, 1),
(912, '2024-01-02 14:08:04.118161', '50', 'Event_Performer object (50)', 3, '', 13, 1),
(913, '2024-01-02 14:08:04.120126', '48', 'Event_Performer object (48)', 3, '', 13, 1),
(914, '2024-01-02 14:08:04.121607', '47', 'Event_Performer object (47)', 3, '', 13, 1),
(915, '2024-01-02 14:08:04.123085', '42', 'Event_Performer object (42)', 3, '', 13, 1),
(916, '2024-02-01 14:51:04.246674', '94', 'SHALINI RAJ', 2, '[{\"changed\": {\"fields\": [\"Gender\", \"About me\"]}}]', 23, 62),
(917, '2024-02-01 14:51:09.234925', '94', 'SHALINI RAJ', 2, '[]', 23, 62),
(918, '2024-06-06 17:55:17.117653', '6', 'Music Lover', 1, '[{\"added\": {}}]', 3, 1),
(919, '2024-06-07 09:18:00.854168', '3377', 'Test Lover', 3, '', 6, 1),
(920, '2024-06-08 10:15:22.179931', '3378', 'Ramesh Decoder', 2, '[{\"changed\": {\"fields\": [\"Verified email\"]}}]', 6, 1),
(921, '2024-06-08 10:15:59.227855', '3378', 'Ramesh Decoder', 2, '[{\"changed\": {\"fields\": [\"Active\"]}}]', 6, 1),
(922, '2024-06-14 11:46:23.477517', '3380', 'Mitun G', 2, '[{\"changed\": {\"fields\": [\"Verified email\", \"Active\"]}}]', 6, 3381),
(923, '2024-07-06 09:37:07.089562', '106', 'vignesh', 3, '', 44, 62),
(924, '2024-08-12 11:04:48.237731', '68', 'Alagu Raj', 2, '[{\"changed\": {\"fields\": [\"Password\"]}}]', 6, 1),
(925, '2024-08-12 11:07:27.177468', '68', 'Alagu Raj', 3, '', 6, 1),
(926, '2024-08-19 17:00:06.155733', '3391', 'lndumathi', 3, '', 6, 1),
(927, '2024-08-19 17:00:06.161363', '3390', 'Ridhushni', 3, '', 6, 1),
(928, '2024-08-19 17:00:06.166897', '3389', 'Navin Kumar', 3, '', 6, 1),
(929, '2024-08-20 13:15:48.183619', '64', 'MADHANKUMAR', 2, '[{\"changed\": {\"fields\": [\"Username\"]}}]', 6, 1),
(930, '2024-08-20 13:16:37.449389', '64', 'MADHANKUMAR', 2, '[{\"changed\": {\"fields\": [\"Username\", \"Email address\"]}}]', 6, 1),
(931, '2024-08-21 09:22:59.910241', '46', 'vignesh', 3, '', 43, 1),
(932, '2024-08-21 09:22:59.917576', '44', 'vignesh', 3, '', 43, 1),
(933, '2024-08-21 09:22:59.919737', '43', 'vignesh', 3, '', 43, 1),
(934, '2024-08-21 09:22:59.921853', '42', 'vignesh', 3, '', 43, 1),
(935, '2024-08-21 09:22:59.923777', '40', 'vignesh', 3, '', 43, 1),
(936, '2024-08-21 09:22:59.925862', '39', 'vignesh', 3, '', 43, 1),
(937, '2024-08-21 09:22:59.929322', '38', 'vignesh', 3, '', 43, 1),
(938, '2024-08-21 09:22:59.931634', '36', 'vignesh', 3, '', 43, 1),
(939, '2024-08-21 09:22:59.934612', '34', 'vignesh', 3, '', 43, 1),
(940, '2024-08-21 09:22:59.936759', '27', 'vignesh', 3, '', 43, 1),
(941, '2024-08-21 09:22:59.938477', '26', 'vignesh', 3, '', 43, 1),
(942, '2024-08-21 09:22:59.940665', '24', 'vignesh', 3, '', 43, 1),
(943, '2024-08-21 09:22:59.942513', '23', 'vignesh', 3, '', 43, 1),
(944, '2024-08-21 09:22:59.945551', '22', 'vignesh', 3, '', 43, 1),
(945, '2024-08-21 09:24:17.382104', '151', 'vignesh', 3, '', 44, 1),
(946, '2024-08-21 09:24:17.385505', '148', 'vignesh', 3, '', 44, 1),
(947, '2024-08-21 09:24:17.387435', '139', 'vignesh', 3, '', 44, 1),
(948, '2024-08-21 09:24:17.389345', '136', 'vignesh', 3, '', 44, 1),
(949, '2024-08-21 09:24:17.391149', '132', 'vignesh', 3, '', 44, 1),
(950, '2024-08-21 09:24:17.392894', '124', 'Ramesh', 3, '', 44, 1),
(951, '2024-08-21 09:24:17.395981', '123', 'vignesh', 3, '', 44, 1),
(952, '2024-08-21 09:24:17.398076', '122', 'vignesh', 3, '', 44, 1),
(953, '2024-08-21 09:24:17.399881', '113', 'vignesh', 3, '', 44, 1),
(954, '2024-08-21 09:24:17.401327', '112', 'vignesh', 3, '', 44, 1),
(955, '2024-08-21 09:24:17.403015', '111', 'vignesh', 3, '', 44, 1),
(956, '2024-08-21 09:24:17.404865', '103', 'vignesh', 3, '', 44, 1),
(957, '2024-08-21 09:24:17.406806', '101', 'vignesh', 3, '', 44, 1),
(958, '2024-08-21 09:24:17.408834', '99', 'vignesh', 3, '', 44, 1),
(959, '2024-08-21 09:24:17.410235', '91', 'vignesh', 3, '', 44, 1),
(960, '2024-08-21 09:24:17.412641', '54', 'vignesh', 3, '', 44, 1),
(961, '2024-08-21 09:24:17.414571', '45', 'vignesh', 3, '', 44, 1);

-- --------------------------------------------------------

--
-- Table structure for table `django_content_type`
--

CREATE TABLE `django_content_type` (
  `id` int NOT NULL,
  `app_label` varchar(100) NOT NULL,
  `model` varchar(100) NOT NULL
) ENGINE=InnoDB DEFAULT CHARSET=utf8mb4 COLLATE=utf8mb4_0900_ai_ci;

--
-- Dumping data for table `django_content_type`
--

INSERT INTO `django_content_type` (`id`, `app_label`, `model`) VALUES
(7, 'account', 'blocked_user'),
(8, 'account', 'chat'),
(9, 'account', 'conversation'),
(10, 'account', 'course'),
(11, 'account', 'event_organizer'),
(12, 'account', 'event_organizer_highlight'),
(13, 'account', 'event_performer'),
(14, 'account', 'gurukulam'),
(15, 'account', 'gurukulam_award'),
(16, 'account', 'gurukulam_skill'),
(17, 'account', 'gurukulam_teacher'),
(18, 'account', 'gurukulam_testimonial'),
(19, 'account', 'highlight'),
(20, 'account', 'highlight_category'),
(21, 'account', 'key_performer'),
(22, 'account', 'lecture_video'),
(39, 'account', 'location'),
(52, 'account', 'music_lover'),
(23, 'account', 'musician'),
(24, 'account', 'musician_award'),
(25, 'account', 'musician_gurukulam'),
(26, 'account', 'musician_highlight'),
(27, 'account', 'musician_skill'),
(28, 'account', 'post'),
(29, 'account', 'post_comment'),
(38, 'account', 'reply'),
(37, 'account', 'report_people'),
(30, 'account', 'skill'),
(31, 'account', 'skill_category'),
(32, 'account', 'skill_level'),
(33, 'account', 'troupe'),
(36, 'account', 'troupe_highlight'),
(35, 'account', 'troupe_skill'),
(6, 'account', 'user'),
(34, 'account', 'userfollowing'),
(1, 'admin', 'logentry'),
(3, 'auth', 'group'),
(2, 'auth', 'permission'),
(50, 'authtoken', 'token'),
(51, 'authtoken', 'tokenproxy'),
(4, 'contenttypes', 'contenttype'),
(54, 'event', 'bookmark'),
(40, 'event', 'event'),
(41, 'event', 'event_category'),
(49, 'event', 'event_photos'),
(48, 'event', 'event_skill'),
(42, 'event', 'event_type'),
(43, 'event', 'interest'),
(44, 'event', 'invitation'),
(47, 'event', 'message'),
(53, 'event', 'pin_event'),
(46, 'event', 'subscription'),
(45, 'event', 'subscription_type'),
(5, 'sessions', 'session');

-- --------------------------------------------------------

--
-- Table structure for table `django_migrations`
--

CREATE TABLE `django_migrations` (
  `id` int NOT NULL,
  `app` varchar(255) NOT NULL,
  `name` varchar(255) NOT NULL,
  `applied` datetime(6) NOT NULL
) ENGINE=InnoDB DEFAULT CHARSET=utf8mb4 COLLATE=utf8mb4_0900_ai_ci;

--
-- Dumping data for table `django_migrations`
--

INSERT INTO `django_migrations` (`id`, `app`, `name`, `applied`) VALUES
(1, 'account', '0001_initial', '2023-02-10 16:49:14.884417'),
(2, 'event', '0001_initial', '2023-02-10 16:49:37.147295'),
(3, 'contenttypes', '0001_initial', '2023-02-10 16:49:37.506392'),
(4, 'contenttypes', '0002_remove_content_type_name', '2023-02-10 16:49:38.242400'),
(5, 'auth', '0001_initial', '2023-02-10 16:49:42.318329'),
(6, 'auth', '0002_alter_permission_name_max_length', '2023-02-10 16:49:43.288203'),
(7, 'auth', '0003_alter_user_email_max_length', '2023-02-10 16:49:43.339972'),
(8, 'auth', '0004_alter_user_username_opts', '2023-02-10 16:49:43.374004'),
(9, 'auth', '0005_alter_user_last_login_null', '2023-02-10 16:49:43.434244'),
(10, 'auth', '0006_require_contenttypes_0002', '2023-02-10 16:49:43.502016'),
(11, 'auth', '0007_alter_validators_add_error_messages', '2023-02-10 16:49:43.556830'),
(12, 'auth', '0008_alter_user_username_max_length', '2023-02-10 16:49:43.594459'),
(13, 'auth', '0009_alter_user_last_name_max_length', '2023-02-10 16:49:43.628455'),
(14, 'auth', '0010_alter_group_name_max_length', '2023-02-10 16:49:43.818939'),
(15, 'auth', '0011_update_proxy_permissions', '2023-02-10 16:49:44.100182'),
(16, 'auth', '0012_alter_user_first_name_max_length', '2023-02-10 16:49:44.153283'),
(17, 'account', '0002_initial', '2023-02-10 16:50:34.719906'),
(18, 'account', '0003_musician_skill_performing', '2023-02-10 16:50:34.954806'),
(19, 'account', '0004_location_remove_user_city_remove_user_district', '2023-02-10 16:50:37.103587'),
(20, 'event', '0002_remove_event_city_remove_event_district_and_more', '2023-02-10 16:50:39.530374'),
(21, 'account', '0005_delete_city_user_location_alter_post_location_and_more', '2023-02-10 16:50:42.794627'),
(22, 'account', '0006_remove_highlight_highlight_category_and_more', '2023-02-10 16:50:43.968089'),
(23, 'account', '0007_remove_post_musician_highlight_post_highlight', '2023-02-10 16:50:46.568348'),
(24, 'account', '0008_rename_performing_musician_skill_perform', '2023-02-10 16:50:47.005627'),
(25, 'account', '0009_alter_troupe_user_alter_troupe_skill_troupe', '2023-02-10 16:50:47.134604'),
(26, 'admin', '0001_initial', '2023-02-10 16:50:49.916528'),
(27, 'admin', '0002_logentry_remove_auto_add', '2023-02-10 16:50:49.993069'),
(28, 'admin', '0003_logentry_add_action_flag_choices', '2023-02-10 16:50:50.033989'),
(29, 'event', '0003_event_auto_accept', '2023-02-10 16:50:50.186780'),
(30, 'sessions', '0001_initial', '2023-02-10 16:50:50.677800'),
(31, 'account', '0003_event_organizer_website', '2023-04-10 09:08:37.444061'),
(32, 'account', '0004_gurukulam_website', '2023-04-10 09:12:05.979985'),
(33, 'event', '0002_event_event_video', '2023-04-10 09:18:20.861211'),
(34, 'event', '0003_event_photos', '2023-04-10 09:49:46.824673'),
(35, 'account', '0005_alter_location_name', '2023-06-06 18:49:19.410971'),
(36, 'event', '0004_auto_20230606_1232', '2023-06-06 18:49:20.627810'),
(37, 'authtoken', '0001_initial', '2023-06-07 23:42:41.363446'),
(38, 'authtoken', '0002_auto_20160226_1747', '2023-06-07 23:42:42.334462'),
(39, 'authtoken', '0003_tokenproxy', '2023-06-07 23:42:43.494917'),
(40, 'account', '0006_auto_20230710_0910', '2023-07-10 09:10:43.580216'),
(41, 'event', '0004_auto_20230626_1405', '2023-07-10 11:17:58.010411'),
(42, 'account', '0007_user_webtour', '2023-07-12 17:51:05.465124'),
(43, 'account', '0008_user_email_subscription', '2023-07-13 09:24:03.018991'),
(44, 'event', '0005_auto_20230713_1108', '2023-07-13 11:17:48.266980'),
(45, 'event', '0006_auto_20230713_1138', '2023-07-13 11:38:47.697836'),
(46, 'account', '0009_auto_20230906_1505', '2023-09-06 15:05:30.863826'),
(47, 'account', '0010_alter_post_comment_post', '2024-06-05 19:24:50.657925'),
(48, 'authtoken', '0004_alter_tokenproxy_options', '2024-06-05 19:24:50.674539'),
(49, 'account', '0011_music_lover', '2024-06-06 18:39:02.188009'),
(50, 'event', '0007_auto_20240606_1838', '2024-06-06 18:40:03.523038'),
(51, 'event', '0008_remove_event_event_video_event_likes_and_more', '2024-07-04 13:57:16.967794'),
(52, 'event', '0009_remove_event_likes_remove_event_user_likes', '2024-07-04 13:57:17.246257'),
(53, 'event', '0010_event_event_video', '2024-07-04 13:57:17.378348'),
(54, 'event', '0011_remove_event_event_video', '2024-07-04 13:57:17.390110'),
(55, 'event', '0012_event_likes_event_user_likes', '2024-07-04 13:57:19.059414'),
(56, 'event', '0013_remove_event_event_video', '2024-07-04 13:57:19.077564'),
(57, 'event', '0014_remove_event_event_video_event_participants', '2024-07-05 14:51:18.109279'),
(58, 'event', '0015_remove_event_participants_event_user_bookmarks_and_more', '2024-07-06 10:07:11.186205'),
(59, 'event', '0016_rename_user_bookmarks_event_bookmarks', '2024-07-06 11:29:20.115148'),
(60, 'event', '0017_remove_event_bookmarks_bookmark', '2024-07-06 12:32:54.527224');

-- --------------------------------------------------------

--
-- Table structure for table `django_session`
--

CREATE TABLE `django_session` (
  `session_key` varchar(40) NOT NULL,
  `session_data` longtext NOT NULL,
  `expire_date` datetime(6) NOT NULL
) ENGINE=InnoDB DEFAULT CHARSET=utf8mb4 COLLATE=utf8mb4_0900_ai_ci;

--
-- Dumping data for table `django_session`
--

INSERT INTO `django_session` (`session_key`, `session_data`, `expire_date`) VALUES
('03wh2baehyq5dk3zec208hvvy0cpvw5x', '.eJxVjEEOwiAQRe_C2hCgRQaX7nsGMgwzUjVtUtqV8e7apAvd_vfef6mE21rT1nhJY1EXZdXpd8tID552UO443WZN87QuY9a7og_a9DAXfl4P9--gYqvfOgvbAMghZwDvIpQzQodexNpIZGJvyLnOhCjRxyBkxQT2HAQcFejV-wPujDf3:1pquz8:mMY9PehczY0nPTCOBA_V8EHw13eeH_cdAQHbsmQSq1U', '2023-05-08 17:37:58.797174'),
('05hjj1j3c4gzh5wd01baamlv7wrmhdzt', '.eJxVjMEOwiAQRP-FsyEFLBSP3v0GssvuStXQpLQn47_bJj3ocea9mbdKsC4lrY3nNJK6KKNOvx1CfnLdAT2g3iedp7rMI-pd0Qdt-jYRv66H-3dQoJVt7SM6LyFjz0QOGDwN7GyQLbgglkw3xA7ExmyRyMYzsTBEj8YIhF59vhIFOSk:1rFQrq:aCP6gKXUobGbVJOV3jWpYzIINJa3l4LXH8lNLJEk8Kc', '2024-01-02 09:04:02.414799'),
('06fy6u5srt20au564pq5fz4m5d32i7k0', 'MWY3OTVlOWZmMjUzOTY4YWRlMzc5ZmY5MGM0YzE2MGFjMTVmNDk0MDp7Il9hdXRoX3VzZXJfaWQiOiIxIiwiX2F1dGhfdXNlcl9oYXNoIjoiMThiNzMwZmZmOWVmNGVkOTI5YjE4YmE0MjEzZmU1NTk4Y2JhNWMzMSIsIl9hdXRoX3VzZXJfYmFja2VuZCI6ImRqYW5nby5jb250cmliLmF1dGguYmFja2VuZHMuTW9kZWxCYWNrZW5kIn0=', '2023-09-26 17:34:02.059492'),
('0c1sz62s0j388wqefajsnedmiub29wai', 'YWEwMWZhYzg0MzdmZWJjMjU2MzA2NTdmNGQyMDNmMGMyOGE5NDczNDp7Il9hdXRoX3VzZXJfYmFja2VuZCI6ImRqYW5nby5jb250cmliLmF1dGguYmFja2VuZHMuTW9kZWxCYWNrZW5kIiwiX2F1dGhfdXNlcl9oYXNoIjoiM2QyM2E3YTk4YTgzYTZmNjczZDdlMzVkM2ExYTU3NTRiNjE1YzQyOSIsIl9hdXRoX3VzZXJfaWQiOiI3In0=', '2023-06-30 09:45:02.620458'),
('0dxcy6iw8ytzjts0ht9qb4284dnqzk6g', 'ODUxZGQ3YmFlODA2MzQ3ZjM2NjcxOGE2MTg2MTdhNzlkZjEwYWEwNTp7Il9hdXRoX3VzZXJfaGFzaCI6IjE4YjczMGZmZjllZjRlZDkyOWIxOGJhNDIxM2ZlNTU5OGNiYTVjMzEiLCJfYXV0aF91c2VyX2lkIjoiNjUiLCJfYXV0aF91c2VyX2JhY2tlbmQiOiJkamFuZ28uY29udHJpYi5hdXRoLmJhY2tlbmRzLk1vZGVsQmFja2VuZCJ9', '2023-09-01 19:19:33.121061'),
('0keu37nb77i4n5nzlhrpk4m0jrgazke6', 'NmIwODFmNmE4ZWJhNTEwZDgzMTAzZjI0NTczOGRjMWIwMGIxNzQ3NDp7Il9hdXRoX3VzZXJfaGFzaCI6IjVkYTczNjQwMjg1YzU0ZDZiMDZiY2JjNDNhMDM4ZjlhYzI1YjA4ZDgiLCJfYXV0aF91c2VyX2JhY2tlbmQiOiJkamFuZ28uY29udHJpYi5hdXRoLmJhY2tlbmRzLk1vZGVsQmFja2VuZCIsIl9hdXRoX3VzZXJfaWQiOiI1In0=', '2023-04-18 09:22:29.050473'),
('0lvtgjfsf0ol3jz1borpng7tbjthp1mk', '.eJxVjMEOwiAQRP-FsyEFLBSP3v0GssvuStXQpLQn47_bJj3ocea9mbdKsC4lrY3nNJK6KKNOvx1CfnLdAT2g3iedp7rMI-pd0Qdt-jYRv66H-3dQoJVt7SM6LyFjz0QOGDwN7GyQLbgglkw3xA7ExmyRyMYzsTBEj8YIhF59vhIFOSk:1r7p9U:ur-H0FrkvZV6sVsrvsLMs0obylSnimv1kvq7CcMLMRQ', '2023-12-12 09:22:48.696849'),
('0n37werjcu1dx8c2az0xhk26vnt2yuhq', '.eJxVjEEOwiAQRe_C2pACMoBL9z0DmYGpVA0kpV0Z765NutDtf-_9l4i4rSVunZc4Z3ERoMXpdyRMD647yXestyZTq-syk9wVedAux5b5eT3cv4OCvXxr8kRZWyRHOWhGQGQ0xpnJKmIVnHIWhwkBgleG2SetmWFAOkNwAcT7AzXJOJs:1rEQyw:ATQcobZ6PPC8Ka-OQ2Fx9sW4mw2UAAJP7w5gh7erghw', '2023-12-30 14:59:14.881647'),
('0n9nii6tf0w72zqku3jk9aklvv8fs709', 'ZjlhMzhkZWViMWEyNmY5MGQwZmM2MGM1NmE0NWRiN2JhZjg0MDA2Mjp7Il9hdXRoX3VzZXJfaGFzaCI6IjNkMjNhN2E5OGE4M2E2ZjY3M2Q3ZTM1ZDNhMWE1NzU0YjYxNWM0MjkiLCJfYXV0aF91c2VyX2JhY2tlbmQiOiJkamFuZ28uY29udHJpYi5hdXRoLmJhY2tlbmRzLk1vZGVsQmFja2VuZCIsIl9hdXRoX3VzZXJfaWQiOiI3In0=', '2023-05-31 10:10:41.251359'),
('0qle8fv4dk3jlvn0rasd8urm53lwqa3i', '.eJxVjMsOwiAQRf-FtSG8BOrSvd_QzAyDVA0kpV0Z_92QdKHbe865bzHDvpV577zOSxIX4Y04_Y4I9OQ6SHpAvTdJrW7rgnIo8qBd3lri1_Vw_w4K9DJqhOwVBT8ZAzlbYsreJqTAaGLQzHpC7UCjshqiMsTOeXv2NoIjSOLzBToFOOE:1ql0SL:7RnOyeKLCwu8f-3v9XpZxT2V07Bd9eH-mWo4ZxbRoKU', '2023-10-10 10:47:57.718980'),
('0wovjctelpewfl0gwz1717j8l1o64sox', '.eJxVjMsOgjAUBf-la9NAb2jBpXu_gdynRU1JKKyI_25IWOj2zMzZ3Yjbmset6jJO4q4OIHbu8jsT8kvLweSJ5TF7nsu6TOQPxZ-0-vss-r6d7t9BxpqPuh96I23ZtBVjiA2TNsEkgg2JVTpA40iBKGifUkiA2DAKRREmc58votY63A:1rRoFg:5j-JWOE5-HY2T-zqqKbe4vPoQSkdF-B93xcV5nOPOIo', '2024-02-05 12:27:48.917458'),
('0xi8e580flsrs6tn4dp8dqioq1jw7ts8', '.eJxVjEEOwiAQRe_C2pCWAWbq0r1naAYGbNVAUtqV8e7apAvd_vfef6mRt3Uat5aWcRZ1VgBI6vQ7B46PVHYmdy63qmMt6zIHvSv6oE1fq6Tn5XD_DiZu07d2MrD0JmSSCB6tMTYSEGKfQvLeBXIBiJi77GyHRiw6zAzD0LvsEdX7A1BfN9U:1sQ1Ud:6yXBfUmHQHpPWvm0fymaLWIbtJFbTqL7VrFN7e5tg5g', '2024-07-20 14:44:07.617935'),
('0z1q94wmk4rw99eh45s3hpecwbecfyc5', 'MmVkMWU1MzkxOTM3YzU0NjlhZWJhYTQyZjE4NjUwOWFmYTc4MjdkYjp7Il9hdXRoX3VzZXJfaWQiOiI1IiwiX2F1dGhfdXNlcl9oYXNoIjoiZWM0NjVjNDU4YTBmMjMyYTkxM2YyYTgyMDM2YTcxM2JjNTBmMTMzNiIsIl9hdXRoX3VzZXJfYmFja2VuZCI6ImRqYW5nby5jb250cmliLmF1dGguYmFja2VuZHMuTW9kZWxCYWNrZW5kIn0=', '2023-07-05 12:40:25.195972'),
('13azwwhvfzlihu19gvwbjzfu1h0w54rc', 'NmIwODFmNmE4ZWJhNTEwZDgzMTAzZjI0NTczOGRjMWIwMGIxNzQ3NDp7Il9hdXRoX3VzZXJfaGFzaCI6IjVkYTczNjQwMjg1YzU0ZDZiMDZiY2JjNDNhMDM4ZjlhYzI1YjA4ZDgiLCJfYXV0aF91c2VyX2JhY2tlbmQiOiJkamFuZ28uY29udHJpYi5hdXRoLmJhY2tlbmRzLk1vZGVsQmFja2VuZCIsIl9hdXRoX3VzZXJfaWQiOiI1In0=', '2023-02-27 18:10:38.374690'),
('171gavm1lq5teblmb2xwzcfcpafsea1d', 'MzdkM2I2NmFlNjYxYzk0MWQ3OTc0NmM0ODJmMWY1MmM4MmE2NzNmYzp7Il9hdXRoX3VzZXJfaWQiOiIyIiwiX2F1dGhfdXNlcl9iYWNrZW5kIjoiZGphbmdvLmNvbnRyaWIuYXV0aC5iYWNrZW5kcy5Nb2RlbEJhY2tlbmQiLCJfYXV0aF91c2VyX2hhc2giOiJkMmM5YWE1MGU4MjFlZjU4ODNkOTU5ZDU5YTJlZWQ4OGMzMzA2ZGU5In0=', '2023-06-07 10:10:47.174531'),
('183tc27swq85w8ztdv6x48atj1idef4n', '.eJxVjMEOwiAQRP-FsyGFLkvx6L3fQFjYStVAUtqT8d9tkx40c5v3Zt7Ch23Nfmu8-DmJq0AjLr8lhfjkcpD0COVeZaxlXWaShyJP2uRYE79up_t3kEPL-3owSlnnuEO0WoE1_aTJsmEAhJgi2ckpB5gM6UGhhk4xAfa8JxkL4vMF1Gk20A:1r3tsn:aVRBuVJ7lmgizJAW4KUDE7jBAbr4o-in4QkfoMyE5DE', '2023-12-01 13:37:21.977891'),
('1alppit7hdnivsogx4ubi5t8a15c23hc', '.eJxVjEEOwiAQRe_C2pACMoBL9z0DmYGpVA0kpV0Z765NutDtf-_9l4i4rSVunZc4Z3ERoMXpdyRMD647yXestyZTq-syk9wVedAux5b5eT3cv4OCvXxr8kRZWyRHOWhGQGQ0xpnJKmIVnHIWhwkBgleG2SetmWFAOkNwAcT7AzXJOJs:1r4vII:ugweTxutunHGtYiEEs7FeMYL7_8BNtUWz_rb59KemHU', '2023-12-04 09:19:54.688046'),
('1bpeb4wd0o1smvnegevk2njmby1iyetp', '.eJxVjMEOwiAQRP-FsyEFLBSP3v0GssvuStXQpLQn47_bJj3ocea9mbdKsC4lrY3nNJK6KKNOvx1CfnLdAT2g3iedp7rMI-pd0Qdt-jYRv66H-3dQoJVt7SM6LyFjz0QOGDwN7GyQLbgglkw3xA7ExmyRyMYzsTBEj8YIhF59vhIFOSk:1rEQYq:ehhIZhUXyHTL7tbS0k5hdKvzEhEYiU9L17vBhZ7v4RA', '2023-12-30 14:32:16.805328'),
('1iyzi1h6akat7m3atr90s6gco4qqw8uy', '.eJxVjMsOwiAUBf-FtSG8Hy7d9xvIhQtSNZCUdmX8d9ukC92emTlvEmBba9hGXsKM5EqkYoJcfucI6ZnbwfAB7d5p6m1d5kgPhZ500Kljft1O9--gwqh7bY0qoL12BlEnLp3AyIAVJUBqVMkw6RMgd9yiL8qquFtCWrBaRsM5-XwBRQI30Q:1slANx:BRA2tKeBemOeHx5GPY32GBMPvZ6LIjEDVHkEJfws9vs', '2024-09-16 22:28:37.305212'),
('1ljdhocdbs37a518wydcs43eusln9tby', '.eJxVjMEOwiAQRP-FsyGFLkvx6L3fQFjYStVAUtqT8d9tkx40c5v3Zt7Ch23Nfmu8-DmJq0AjLr8lhfjkcpD0COVeZaxlXWaShyJP2uRYE79up_t3kEPL-3owSlnnuEO0WoE1_aTJsmEAhJgi2ckpB5gM6UGhhk4xAfa8JxkL4vMF1Gk20A:1qylDg:0tgb5KIpTF9SSWkkmTT1x-twijUoL38rk5qAXfRFZFk', '2023-11-17 09:21:40.583507'),
('1m9tkzre0htylbit47ez07490qzpub54', 'Mjc0ZWEzNDE3NzE5Mjg3MDhlNjhiMzUxYzllYWQ2YzEyZjczMTkwODp7Il9hdXRoX3VzZXJfaGFzaCI6IjdiMTU0NDQ1MjNlZTE1NTNlMWU0YjA3ZTNmMTJhZmE0ZjFiNzhhNmQiLCJfYXV0aF91c2VyX2JhY2tlbmQiOiJkamFuZ28uY29udHJpYi5hdXRoLmJhY2tlbmRzLk1vZGVsQmFja2VuZCIsIl9hdXRoX3VzZXJfaWQiOiIyIn0=', '2023-06-21 11:39:11.367491'),
('1ucro0jsy0tgyuww0qsinb8q0gnvehlt', 'OGY0OWJkNGE4ODQ1ODZjMzA3N2E1NWJmMTI1YzY2MGZkMThlZDE3Yjp7Il9hdXRoX3VzZXJfaWQiOiI2NSIsIl9hdXRoX3VzZXJfYmFja2VuZCI6ImRqYW5nby5jb250cmliLmF1dGguYmFja2VuZHMuTW9kZWxCYWNrZW5kIiwiX2F1dGhfdXNlcl9oYXNoIjoiMThiNzMwZmZmOWVmNGVkOTI5YjE4YmE0MjEzZmU1NTk4Y2JhNWMzMSJ9', '2023-08-23 11:18:22.376389'),
('1znocmdao352wknncooooqstnfqfaze3', 'NWQ0OTI4NWM5Y2ZkYTI3YzdmNDZlYWQ1N2FkZjg4ZTYxYThjZDJmNDp7Il9hdXRoX3VzZXJfaWQiOiI1IiwiX2F1dGhfdXNlcl9iYWNrZW5kIjoiZGphbmdvLmNvbnRyaWIuYXV0aC5iYWNrZW5kcy5Nb2RlbEJhY2tlbmQiLCJfYXV0aF91c2VyX2hhc2giOiJlYzQ2NWM0NThhMGYyMzJhOTEzZjJhODIwMzZhNzEzYmM1MGYxMzM2In0=', '2023-06-29 10:45:00.754691'),
('28rfk79l96w1gcahbfy3qbgjdqnsfe6z', '.eJxVjMsOwiAQRf-FtSEwvF269xvIAFOpGkhKuzL-uzbpQrf3nHNfLOK21rgNWuJc2JkBO_1uCfOD2g7KHdut89zbusyJ7wo_6ODXXuh5Ody_g4qjfmtyIiOi9wozSGs0hWQLBJGMtJMh4eUUhDPaeUyQDQCIYL1WUqsgPbD3B9Z1NoA:1pjd8l:0Kha9WHhvlrSuTj4lBp49Cwpl4dI5F_5jNlyktsNSR0', '2023-04-18 15:09:47.650850'),
('28tb434nd817ez79ohxaqs1sm6ncm5ml', 'MTMzMjFlZjA4NDVkODQzYTVmY2FlZmQ5YzQ5N2QwMTQ2ZWM0YmVlZjp7Il9hdXRoX3VzZXJfaGFzaCI6ImVjNDY1YzQ1OGEwZjIzMmE5MTNmMmE4MjAzNmE3MTNiYzUwZjEzMzYiLCJfYXV0aF91c2VyX2JhY2tlbmQiOiJkamFuZ28uY29udHJpYi5hdXRoLmJhY2tlbmRzLk1vZGVsQmFja2VuZCIsIl9hdXRoX3VzZXJfaWQiOiI1In0=', '2023-06-19 10:34:16.318321'),
('2ac9rr3ywtqoc80mp42lfmd8vd6ms5ni', '.eJxVjEEOwiAQRe_C2pACMoBL9z0DmYGpVA0kpV0Z765NutDtf-_9l4i4rSVunZc4Z3ERoMXpdyRMD647yXestyZTq-syk9wVedAux5b5eT3cv4OCvXxr8kRZWyRHOWhGQGQ0xpnJKmIVnHIWhwkBgleG2SetmWFAOkNwAcT7AzXJOJs:1r9Jcd:fM1tYk93d4cMhkJJPVg5xNNpEtbgeMRjO0EigXHfqSI', '2023-12-16 12:07:03.269110'),
('2gn3nh38vox5ekyn1xwwpf8ewxkqnl0o', '.eJxVjMEOwiAQRP-FsyGFLkvx6L3fQFjYStVAUtqT8d9tkx40c5v3Zt7Ch23Nfmu8-DmJq0AjLr8lhfjkcpD0COVeZaxlXWaShyJP2uRYE79up_t3kEPL-3owSlnnuEO0WoE1_aTJsmEAhJgi2ckpB5gM6UGhhk4xAfa8JxkL4vMF1Gk20A:1r8Cyz:OSVP7Bhc_jSvo9nWcqqgpiOHuAvCx9DgXKee3fUGq_o', '2023-12-13 10:49:33.449467'),
('2ihl2hfoujbxxj6jymq85din3orornkv', 'eyJfcGFzc3dvcmRfcmVzZXRfdG9rZW4iOiJjYzZyOWMtNDJkNDUxM2UwYjkzNGM2NGI0MTYzZmM1Y2IwZjM5ZjcifQ:1shCnH:5O-bcalwZpz9NO7yYe4pAZg9QZDY1tZg9XayF_R6HqM', '2024-09-06 00:14:23.739010'),
('2jg78j2z1b0mjf4sxosccwgv4e2ioof3', '.eJxVjMsOwiAQRf-FtSG8ZVy67zcQhgGpGkhKuzL-uzbpQrf3nHNfLMRtrWEbeQkzsQtzlp1-R4zpkdtO6B7brfPU27rMyHeFH3TwqVN-Xg_376DGUb-1d4pKlFL75CMJL9EZQgMoyXl7FiWBSs4WYw1JyCgUkFSoTQZHGTR7fwAGpDfm:1sI4uY:41db7iec9NrHk5b2N1cWc06blfgy7R5SZT-v8QCDvvs', '2024-06-28 16:46:02.119749'),
('2p01p8q6r2kxkm0ia53kl6jfoo8ia3n3', '.eJxVjEEOwiAQRe_C2pACMoBL9z0DmYGpVA0kpV0Z765NutDtf-_9l4i4rSVunZc4Z3ERoMXpdyRMD647yXestyZTq-syk9wVedAux5b5eT3cv4OCvXxr8kRZWyRHOWhGQGQ0xpnJKmIVnHIWhwkBgleG2SetmWFAOkNwAcT7AzXJOJs:1qt0Zr:8a-qXmLnkrXbwZsIXTga3kJ7KZWM4pprfH4UHDyJcxQ', '2023-11-01 12:32:47.125492'),
('2pgakw9sxn963atrp5r8o6c14ef9z4h6', '.eJxVjEEOwiAQAP_C2ZCyFQoevfuGZpdlpWogKe3J-HdD0oNeZybzVjPuW573ltZ5YXVRVp1-GWF8ptIFP7Dcq461bOtCuif6sE3fKqfX9Wj_Bhlb7luJxokbcfDkMIwoQ3Cc2Ap5mIwLBJaM9wlwAuZ4JgiCPgAxoJioPl_1pjia:1pxK9b:XaOl4j-NAoqilAKRil4xOn7mZwCaiF4y-CTrGKEnAMc', '2023-05-26 09:43:15.221864'),
('2q3henjcrva3voaw3u5azuqtp0stw7eh', '.eJxVjMsOwiAQRf-FtSG8BOrSvd_QzAyDVA0kpV0Z_92QdKHbe865bzHDvpV577zOSxIX4Y04_Y4I9OQ6SHpAvTdJrW7rgnIo8qBd3lri1_Vw_w4K9DJqhOwVBT8ZAzlbYsreJqTAaGLQzHpC7UCjshqiMsTOeXv2NoIjSOLzBToFOOE:1ql54d:jyDv7JCAH7AargafyD5ho7lo6hAWTifDUdlYnFbXZeY', '2023-10-10 15:43:47.805081'),
('2r0pxuqaixbdl4zg6aku2qp09vhsaht4', '.eJxVjMsOgjAUBf-la9NAb2jBpXu_gdynRU1JKKyI_25IWOj2zMzZ3Yjbmset6jJO4q4OIHbu8jsT8kvLweSJ5TF7nsu6TOQPxZ-0-vss-r6d7t9BxpqPuh96I23ZtBVjiA2TNsEkgg2JVTpA40iBKGifUkiA2DAKRREmc58votY63A:1rFpdy:vJtYt5YZIBHsFg_x7MFue43povv-1Crs6vPQYiW6fro', '2024-01-03 11:31:22.407999'),
('2rah1migvoznot32wbryqclqgy2iwpuo', '.eJxVjMEOwiAQRP-FsyGF7pbFo_d-A4EFpGpoUtqT8d9tkx70OPPezFs4v63FbS0tboriKlBcfrvg-ZnqAeLD1_ssea7rMgV5KPKkTY5zTK_b6f4dFN_KviaKiTODAQZlmTog1YdBYyakHhA7m8EohXpPEChoZvAxK5MGApvE5wvGtzcC:1qF6th:_B9UAfTKr5E1JKRHqM_s3iOt1j85j_R2s7b9Ouk7A8s', '2023-07-14 11:12:21.892853'),
('2us311ty1ff1n9o27qoukcheczcr1urf', 'eyJfcGFzc3dvcmRfcmVzZXRfdG9rZW4iOiJjY2tqdTgtNTJhMjc1ZTE4ZDQ4NmNkOTMzODRiMGZiNTE5OWVhYjMifQ:1sjuCC:3EHz4nDMiLJYgJ8tq08LSGiT5c5kmZRigtzhOiMKkRo', '2024-09-13 10:59:16.843489'),
('30ni1rdlmogwfxlxdt5gil6mo1pl71p8', '.eJxVjEEOwiAQRe_C2pAOlWHq0r1nIAMMUjU0Ke3KeHfbpAvdvvf-fyvP61L82mT2Y1IXBer0ywLHp9RdpAfX-6TjVJd5DHpP9GGbvk1JXtej_Tso3Mq25sAWhrMFRLIJSaATiL0kMgaJ-7wRRjYuE-YAYCU6cjZ3QGgDDurzBdPBN1Q:1scOGH:vbh3LNxefoYd0stiL-dt13Ncw2NdLKaC1R6RQurj77E', '2024-08-23 17:28:25.374192'),
('35qtara4fg6xg7ffkq5zik3sitg3r3e2', 'ZjczMGUzNzBiMTMyZmRlNDRhZGIxMzk5ZjA0MWZlMGY4OTJiMDViNjp7Il9hdXRoX3VzZXJfaWQiOiI2NSIsIl9hdXRoX3VzZXJfaGFzaCI6IjE4YjczMGZmZjllZjRlZDkyOWIxOGJhNDIxM2ZlNTU5OGNiYTVjMzEiLCJfYXV0aF91c2VyX2JhY2tlbmQiOiJkamFuZ28uY29udHJpYi5hdXRoLmJhY2tlbmRzLk1vZGVsQmFja2VuZCJ9', '2023-08-31 12:00:24.468163'),
('37ays0e7kqti0a1acc6qc8ga5c89xitw', '.eJxVjEEOwiAQRe_C2pACMoBL9z0DmYGpVA0kpV0Z765NutDtf-_9l4i4rSVunZc4Z3ERoMXpdyRMD647yXestyZTq-syk9wVedAux5b5eT3cv4OCvXxr8kRZWyRHOWhGQGQ0xpnJKmIVnHIWhwkBgleG2SetmWFAOkNwAcT7AzXJOJs:1qlNFH:qGylPS9SGqT68JOlmPwpWuprtBGfiQM2of2zpSEaCqg', '2023-10-11 11:07:59.570753'),
('3f3dezqkt0rbtua0qayguw2z96rc5z1b', '.eJxVjEEOwiAQRe_C2hCKUBiX7nsGMjOAVA0kpV0Z765NutDtf-_9lwi4rSVsPS1hjuIiRi1OvyMhP1LdSbxjvTXJra7LTHJX5EG7nFpMz-vh_h0U7OVbn5XhwVm0oF3MRIkzsfMIhAMxJ6PZaAU-EkQP1igYMxilrc-sEinx_gAmVDic:1scgcM:28Rq-Ry_9gePiT7y1NZu9FQRND9oVl1AZx7Zg_2QKvI', '2024-08-24 13:04:26.372531'),
('3npfeyyjkhcdl7bjxvu8e9a646thny89', 'Y2QwMmZlZjNjYmQwYjU2ZjRjMWNmZGVhZDhkZmIyZWNmNTZkMTFlNTp7Il9hdXRoX3VzZXJfaWQiOiIyIiwiX2F1dGhfdXNlcl9oYXNoIjoiODc0NDdiYjMxZTI4OTFhY2VjY2I4YjdmMjAyMDdlMTIzODk3ODBhNSIsIl9hdXRoX3VzZXJfYmFja2VuZCI6ImRqYW5nby5jb250cmliLmF1dGguYmFja2VuZHMuTW9kZWxCYWNrZW5kIn0=', '2023-04-05 09:06:55.163020'),
('3t6ahc3kibgxcxmin47ow2jp0bw60dru', 'NjE0ZTcwMzY4MmQyMzczMDE2MzNlOGQ5NjlmYWQ3MmI5NTUzMDU1ODp7Il9hdXRoX3VzZXJfYmFja2VuZCI6ImRqYW5nby5jb250cmliLmF1dGguYmFja2VuZHMuTW9kZWxCYWNrZW5kIiwiX2F1dGhfdXNlcl9oYXNoIjoiZDJjOWFhNTBlODIxZWY1ODgzZDk1OWQ1OWEyZWVkODhjMzMwNmRlOSIsIl9hdXRoX3VzZXJfaWQiOiIyIn0=', '2023-06-21 10:05:14.910469'),
('3v8r3tgpzfpplr7tgg1ev60um0rfwju2', 'eyJfcGFzc3dvcmRfcmVzZXRfdG9rZW4iOiJjY2trNWMtNDM2NWUyZDMyYTkxYjhiNGRiYzNjMDgxZGZhYmQ4MDQifQ:1sjuIl:7KUctUOjnJLSimNvPwupM63gjLANHC-hVUdrbPdHf58', '2024-09-13 11:06:03.655692'),
('43dkpo6tx891vze2t9q17yu714o3py81', '.eJxVjEEOwiAQRe_C2pACMoBL9z0DmYGpVA0kpV0Z765NutDtf-_9l4i4rSVunZc4Z3ERoMXpdyRMD647yXestyZTq-syk9wVedAux5b5eT3cv4OCvXxr8kRZWyRHOWhGQGQ0xpnJKmIVnHIWhwkBgleG2SetmWFAOkNwAcT7AzXJOJs:1qobjS:L6g27EOUaa6RjHydo-LlxKQJw3cfeC83JZf4tRh8CrI', '2023-10-20 09:12:30.912446'),
('440qhsbjw9rg3dgk7253vs6p8aqq2nrm', 'MTMzMjFlZjA4NDVkODQzYTVmY2FlZmQ5YzQ5N2QwMTQ2ZWM0YmVlZjp7Il9hdXRoX3VzZXJfaGFzaCI6ImVjNDY1YzQ1OGEwZjIzMmE5MTNmMmE4MjAzNmE3MTNiYzUwZjEzMzYiLCJfYXV0aF91c2VyX2JhY2tlbmQiOiJkamFuZ28uY29udHJpYi5hdXRoLmJhY2tlbmRzLk1vZGVsQmFja2VuZCIsIl9hdXRoX3VzZXJfaWQiOiI1In0=', '2023-07-04 09:39:51.753815'),
('47xh1l2a8mtucumj9a7ornukhhroeg2z', '.eJxVjMEOwiAQRP-FsyGFLkvx6L3fQFjYStVAUtqT8d9tkx40c5v3Zt7Ch23Nfmu8-DmJq0AjLr8lhfjkcpD0COVeZaxlXWaShyJP2uRYE79up_t3kEPL-3owSlnnuEO0WoE1_aTJsmEAhJgi2ckpB5gM6UGhhk4xAfa8JxkL4vMF1Gk20A:1qzwQy:ppyqywc5awgWB4laKq7YGoxgVqOopW2U7giAZYhHaHE', '2023-11-20 15:32:16.119541'),
('4el0ucar6ppw6egbbrruz1co5yvfrvl1', '.eJxVjDsOwjAQBe_iGln2-hdT0nMGa71e4wCKpXwqxN0hUgpo38y8l0i4rS1tC89pLOIsPIjT75iRHjztpNxxunVJfVrnMctdkQdd5LUXfl4O9--g4dK-tTGkbWBAjQxOAXtU3lGoJpPBCD4UYCyWbPRKVx9jjVDqoIdMRC6K9wcE5jg6:1sPg40:VyugEshmfynAoIhlig9YpChkD2le2XjAztsZWk4v4vA', '2024-07-19 15:51:12.210678'),
('4ib8q95u97j8t1ps7uesz8jx4cx9qxr6', '.eJxVjDsOgzAQRO_iOrJg_Vk7ZXrOYK3tJZBEtoShinL3gESRdKOZ9-YtAm3rFLbGS5izuAql0InLbx0pPbkcW35QuVeZalmXOcoDkefa5FAzv24n-3cwUZt2m4EAVepJI8CuRba-A9Ox8WCcHTsYTR91HMkegTVY75C882gyAonPF1AZOBk:1sGWXm:GE4j9kvcn_PT2vWeA1jfYBzaAd6TuKLpBvJUHN8DpgA', '2024-06-24 09:52:06.206910'),
('4ipg9mu4j5c7n2a2ij6iptoyk43g0ie4', '.eJxVjMEOwiAQRP-FsyEFLBSP3v0GssvuStXQpLQn47_bJj3ocea9mbdKsC4lrY3nNJK6KKNOvx1CfnLdAT2g3iedp7rMI-pd0Qdt-jYRv66H-3dQoJVt7SM6LyFjz0QOGDwN7GyQLbgglkw3xA7ExmyRyMYzsTBEj8YIhF59vhIFOSk:1rLEhm:ax7ymEJHSiZGRzkAzkN_1HF1oLcN1Mk6LKVDvN6q9H4', '2024-01-18 09:17:38.577466'),
('4ji662hmvmcyd73rx8sxszlrdx08rbtl', '.eJxVjDsOwjAQBe_iGllrO_5R0nMGa9cfHEC2FCcV4u4QKQW0b2beiwXc1hq2kZcwJ3ZmSinPTr8zYXzktrN0x3brPPa2LjPxXeEHHfzaU35eDvfvoOKo39rbAr54jKSFgRJBI2mpHfgITictnFQWBE7WOWUlIBKhnEyS0SQSkr0_P9w3zg:1qkzgC:_wN5VAtLRNLIjHcR33ChQymKP9NS4iCks1EmDcm6r1U', '2023-10-10 09:58:12.674767'),
('4mhnsp9utejwy4x2uhh4k4rn9wux58ht', '.eJxVjMEOwiAQRP-FsyGFLkvx6L3fQFjYStVAUtqT8d9tkx40c5v3Zt7Ch23Nfmu8-DmJq0AjLr8lhfjkcpD0COVeZaxlXWaShyJP2uRYE79up_t3kEPL-3owSlnnuEO0WoE1_aTJsmEAhJgi2ckpB5gM6UGhhk4xAfa8JxkL4vMF1Gk20A:1rF9qy:GcBVeZIcgk5Mp4H4hDPHRUJ2rZWMyQKblxhAF6RRUWA', '2024-01-01 14:54:00.543851'),
('4n8ped7ptob5apk7d1u1iv5sc3ztokz8', '.eJxVjEEOwiAQRe_C2pACMoBL9z0DmYGpVA0kpV0Z765NutDtf-_9l4i4rSVunZc4Z3ERoMXpdyRMD647yXestyZTq-syk9wVedAux5b5eT3cv4OCvXxr8kRZWyRHOWhGQGQ0xpnJKmIVnHIWhwkBgleG2SetmWFAOkNwAcT7AzXJOJs:1qy5Rk:lXykOc1toH2vvwvTYJIvrocHmw5yFMFsGtM2l1izWUw', '2023-11-15 12:45:24.033461'),
('4occ9f3rm1d9eug8eoo4t89a0pmoqoto', '.eJxVjEEOwiAQRe_C2pACMoBL9z0DmYGpVA0kpV0Z765NutDtf-_9l4i4rSVunZc4Z3ERoMXpdyRMD647yXestyZTq-syk9wVedAux5b5eT3cv4OCvXxr8kRZWyRHOWhGQGQ0xpnJKmIVnHIWhwkBgleG2SetmWFAOkNwAcT7AzXJOJs:1rA1oI:tI2awqCo41Dp261K5dGBgDsYaxkZvOyVPIi0tsAwYyk', '2023-12-18 11:18:02.841867'),
('4p7rpe0snqzljcuvszohztixbempf45x', 'eyJfcGFzc3dvcmRfcmVzZXRfdG9rZW4iOiJjY2tsbzEtYjZhZDI5ZDI4NzJiMjFhMjc0YjZiODFmODMwNDE2NGUifQ:1sjuoc:F413VXJ7kbjuGEAn3rCfuFZ2-Ud9shqgxTPOv91npgU', '2024-09-13 11:38:58.041373'),
('4q8qhwtpny7j2ljsh79w15a1rp7s24gc', '.eJxVjDsOwjAQBe_iGlne9QdCSc8ZInu9iwPIluKkQtwdIqWA9s3Me6kxrksZ187zOGV1VqAOv1uK9OC6gXyP9dY0tbrMU9Kbonfa9bVlfl529--gxF6-dfBiYbDkHAuBBGADeBQWY41xp8CGAlD26DE5IkH2DIEAE6ZohqTeH9hIN-A:1qJX9Q:12rvTeCyxEjhrHgWobQRq8F-obIKJt58Z1esJKVHn0g', '2023-07-26 16:02:52.310248'),
('4t0zp2mbs8qgi0thcf1x7foe25y34025', 'MjFiMjllNzk4YmY5NmE5NTQ5YzFlYmQ3OGFhZjJlNzdiZGNiOWI1Zjp7Il9hdXRoX3VzZXJfaWQiOiI2MiIsIl9hdXRoX3VzZXJfaGFzaCI6IjE4YjczMGZmZjllZjRlZDkyOWIxOGJhNDIxM2ZlNTU5OGNiYTVjMzEiLCJfYXV0aF91c2VyX2JhY2tlbmQiOiJkamFuZ28uY29udHJpYi5hdXRoLmJhY2tlbmRzLk1vZGVsQmFja2VuZCJ9', '2023-09-26 12:02:10.294453'),
('4x38o1iffx52u3wp1528p2zcq56z146r', 'NjE0ZTcwMzY4MmQyMzczMDE2MzNlOGQ5NjlmYWQ3MmI5NTUzMDU1ODp7Il9hdXRoX3VzZXJfYmFja2VuZCI6ImRqYW5nby5jb250cmliLmF1dGguYmFja2VuZHMuTW9kZWxCYWNrZW5kIiwiX2F1dGhfdXNlcl9oYXNoIjoiZDJjOWFhNTBlODIxZWY1ODgzZDk1OWQ1OWEyZWVkODhjMzMwNmRlOSIsIl9hdXRoX3VzZXJfaWQiOiIyIn0=', '2023-06-10 12:25:18.504878'),
('4zje5pq2u5yn8az67uhf41fafeutq2zd', 'NDI0ZmZhMTdjNDAwMWRhZGJiYWFiZWJmZjY4NzdiNWJiNzYxZjc1Mjp7Il9hdXRoX3VzZXJfYmFja2VuZCI6ImRqYW5nby5jb250cmliLmF1dGguYmFja2VuZHMuTW9kZWxCYWNrZW5kIiwiX2F1dGhfdXNlcl9oYXNoIjoiMWRiMzdlZDczODcyYjk0ZGU5Mjg5ZWE1MTczZTY4MDZjYWQzZTE0ZCIsIl9hdXRoX3VzZXJfaWQiOiI2In0=', '2023-06-07 11:38:29.242920'),
('50994kp2vmb3tbul240avwdmrd0piddl', '.eJxVjEEOwiAQRe_C2hCgRQaX7nsGMgwzUjVtUtqV8e7apAvd_vfef6mE21rT1nhJY1EXZdXpd8tID552UO443WZN87QuY9a7og_a9DAXfl4P9--gYqvfOgvbAMghZwDvIpQzQodexNpIZGJvyLnOhCjRxyBkxQT2HAQcFejV-wPujDf3:1pliMr:GnL33ULwelIaF196UumBy5-vakjNR2NhBogK_sC1yiE', '2023-04-24 09:08:57.149911'),
('51wcl5w78i35421ugl0yg3gebis6bl1q', 'YTg5NmY3MGI1ZTAxZGUwNjM1MjdjMzU5MWU5OGI5ZGRmMGYzOWY2Yzp7Il9hdXRoX3VzZXJfaWQiOiIyIiwiX2F1dGhfdXNlcl9oYXNoIjoiZDJjOWFhNTBlODIxZWY1ODgzZDk1OWQ1OWEyZWVkODhjMzMwNmRlOSIsIl9hdXRoX3VzZXJfYmFja2VuZCI6ImRqYW5nby5jb250cmliLmF1dGguYmFja2VuZHMuTW9kZWxCYWNrZW5kIn0=', '2023-06-20 22:04:02.301334'),
('576pc9xrinsun64lod06nivacrzd61q2', '.eJxVjMEOwiAQRP-FsyGFLkvx6L3fQFjYStVAUtqT8d9tkx40c5v3Zt7Ch23Nfmu8-DmJq0AjLr8lhfjkcpD0COVeZaxlXWaShyJP2uRYE79up_t3kEPL-3owSlnnuEO0WoE1_aTJsmEAhJgi2ckpB5gM6UGhhk4xAfa8JxkL4vMF1Gk20A:1r3XMH:GOhls97c19NB_Inp9f5DMQekH_XqwimkhoNJC3cZrW4', '2023-11-30 13:34:17.771350'),
('57xpx7pslpvpb5y442lu8x47y7cv8zb1', '.eJxVjMEOwiAQRP-FsyGFLkvx6L3fQFjYStVAUtqT8d9tkx40c5v3Zt7Ch23Nfmu8-DmJq0AjLr8lhfjkcpD0COVeZaxlXWaShyJP2uRYE79up_t3kEPL-3owSlnnuEO0WoE1_aTJsmEAhJgi2ckpB5gM6UGhhk4xAfa8JxkL4vMF1Gk20A:1r0JoK:XWBVFUDVgq58WhM5ZXuJEf8i1faibItl--TRe8PogNY', '2023-11-21 16:29:56.031830'),
('57yhyhnm0e39m6bs73h02k9tbkf24vxz', '.eJxVjMEOwiAQRP-FsyGFLkvx6L3fQFjYStVAUtqT8d9tkx40c5v3Zt7Ch23Nfmu8-DmJq0AjLr8lhfjkcpD0COVeZaxlXWaShyJP2uRYE79up_t3kEPL-3owSlnnuEO0WoE1_aTJsmEAhJgi2ckpB5gM6UGhhk4xAfa8JxkL4vMF1Gk20A:1r0ym6:we60nQ8kek_P51JVXPS-oY_TSCzvBfWqKwm6dvTv9uY', '2023-11-23 12:14:22.881782'),
('5aj6oxxtu8m7oydjzfmaskdaeyg4jljz', '.eJxVjMsOwiAQRf-FtSEMD6Eu3fcbyAwDUjU0Ke3K-O_apAvd3nPOfYmI21rj1vMSJxYXAeL0uxGmR2474Du22yzT3NZlIrkr8qBdjjPn5_Vw_w4q9vqtXUBr4EyIxYYCZHkozAiovVElBZ210wRZqcGjRacSmUAGPAVvik3i_QHyYjgY:1sFBw2:nJiPt3S3eKCYR3mRdHq8YyNppOCDU-8bKvMqBaOkBn0', '2024-06-20 17:39:38.686937'),
('5bcz18b954lqeehtunm2p3znf43erv52', '.eJxVjMEOwiAQRP-FsyGFLkvx6L3fQFjYStVAUtqT8d9tkx40c5v3Zt7Ch23Nfmu8-DmJq0AjLr8lhfjkcpD0COVeZaxlXWaShyJP2uRYE79up_t3kEPL-3owSlnnuEO0WoE1_aTJsmEAhJgi2ckpB5gM6UGhhk4xAfa8JxkL4vMF1Gk20A:1r4vOc:UbhymfAgqhM3Bg9dYmPrErp3CyoXpd0dhlkefNq39hM', '2023-12-04 09:26:26.610560'),
('5knnb8z17km121qsh48jz84x6tdl1gdg', '.eJxVjMEOwiAQRP-FsyGFLkvx6L3fQFjYStVAUtqT8d9tkx40c5v3Zt7Ch23Nfmu8-DmJq0AjLr8lhfjkcpD0COVeZaxlXWaShyJP2uRYE79up_t3kEPL-3owSlnnuEO0WoE1_aTJsmEAhJgi2ckpB5gM6UGhhk4xAfa8JxkL4vMF1Gk20A:1r4vC4:97VlpJ_HwVA23g7MfvcLuID0qzJcIZ-WJBUVvPuT-h0', '2023-12-04 09:13:28.576635'),
('5qcpcfcprpnu0w2tq33p9wj0g1txv6sq', '.eJxVjEEOwiAQRe_C2hCKUBiX7nsGMjOAVA0kpV0Z765NutDtf-_9lwi4rSVsPS1hjuIiRi1OvyMhP1LdSbxjvTXJra7LTHJX5EG7nFpMz-vh_h0U7OVbn5XhwVm0oF3MRIkzsfMIhAMxJ6PZaAU-EkQP1igYMxilrc-sEinx_gAmVDic:1sRl6B:J-LjbiGUKNcwnupgKr3idZKMWkbhn-4_CwKDBuPDuVY', '2024-07-25 09:38:03.374625'),
('5rn2dd0c9ts21c5e49hvg0w6laak15mc', '.eJxVjMEOwiAQRP-FsyGF7pbFo_d-A4EFpGpoUtqT8d9tkx70OPPezFs4v63FbS0tboriKlBcfrvg-ZnqAeLD1_ssea7rMgV5KPKkTY5zTK_b6f4dFN_KviaKiTODAQZlmTog1YdBYyakHhA7m8EohXpPEChoZvAxK5MGApvE5wvGtzcC:1qDf9r:_LOyMwH-nRFHOoLu1tfQF759PGRrQ_QoM_zwsHRhm4E', '2023-07-10 11:23:03.677996'),
('5rtioi6tmhxyebplk457jqt0n58y0g4v', 'MjkwOTdhN2MzZjg0ZDhjNDNiMWQyMzlhOWE2YTI4YWNmMmI1Yjc3NTp7Il9hdXRoX3VzZXJfYmFja2VuZCI6ImRqYW5nby5jb250cmliLmF1dGguYmFja2VuZHMuTW9kZWxCYWNrZW5kIiwiX2F1dGhfdXNlcl9pZCI6IjIiLCJfYXV0aF91c2VyX2hhc2giOiI4MWY0ZjczNjJhNDc2ZjQyZDM0MDEwMGRjNDU3ZDQwYTg2OTBmZTYyIn0=', '2023-07-05 10:46:11.264291'),
('5svrso9allg7cwoo65sn1oacsoyh29kf', 'YzA3MGQ2YTg4MmQxZDBlMjM3N2Y5NjkzMTVkMDg3NTFhYjk2MDU4NTp7Il9hdXRoX3VzZXJfYmFja2VuZCI6ImRqYW5nby5jb250cmliLmF1dGguYmFja2VuZHMuTW9kZWxCYWNrZW5kIiwiX2F1dGhfdXNlcl9pZCI6Ijc0IiwiX2F1dGhfdXNlcl9oYXNoIjoiMTI3OTVhZDdlOTk4NzBjM2Y0NWI0YjllOWI4ODY4NDhmMTU5YTE1MCJ9', '2023-08-24 11:25:19.689106'),
('5ve6ny23gledk5tfrvh0khx5kz8yoj8f', '.eJxVjMEOwiAQRP-FsyGFLkvx6L3fQFjYStVAUtqT8d9tkx40c5v3Zt7Ch23Nfmu8-DmJq0AjLr8lhfjkcpD0COVeZaxlXWaShyJP2uRYE79up_t3kEPL-3owSlnnuEO0WoE1_aTJsmEAhJgi2ckpB5gM6UGhhk4xAfa8JxkL4vMF1Gk20A:1r90Qp:eohd7VijVqCtsorP5P_YsHQ38fH3ZBCL39UEEcCBlD8', '2023-12-15 15:37:35.067791'),
('617sxvjujp76kcr13nuvb1gakf8hyng9', 'eyJfcGFzc3dvcmRfcmVzZXRfdG9rZW4iOiJjYzV0bG4tZWE3NTQzY2NjYzhmOWM2ZDQwNGU1NTczNWI5N2Q0NDEifQ:1sh1Yd:j5qIp9Z3FZ9X0Rsx01rtdIS8aWBrK6ihfNLMUfBcYO0', '2024-09-05 12:14:31.684509'),
('62s22hapz81t4ozwpiosi3u9lkxldidb', '.eJxVjMEOwiAQRP-FsyGFLkvx6L3fQFjYStVAUtqT8d9tkx40c5v3Zt7Ch23Nfmu8-DmJq0AjLr8lhfjkcpD0COVeZaxlXWaShyJP2uRYE79up_t3kEPL-3owSlnnuEO0WoE1_aTJsmEAhJgi2ckpB5gM6UGhhk4xAfa8JxkL4vMF1Gk20A:1rFRWz:h2iY80cdMm3jCWIyJRSnOx23-o7xS1oYCULQdWcUgWA', '2024-01-02 09:46:33.253725'),
('64192dxd86xlo2v8nitk9vajhqct7flr', '.eJxVjMEOwiAQRP-FsyEFLBSP3v0GssvuStXQpLQn47_bJj3ocea9mbdKsC4lrY3nNJK6KKNOvx1CfnLdAT2g3iedp7rMI-pd0Qdt-jYRv66H-3dQoJVt7SM6LyFjz0QOGDwN7GyQLbgglkw3xA7ExmyRyMYzsTBEj8YIhF59vhIFOSk:1qk0EF:mbMGo5DKd3eeripGeqmEI_21B1LyetuzDiWVXHYpwQA', '2023-10-07 16:21:15.668037'),
('6629gn9skomn7asa2c2dwi6nw9zvqdgp', '.eJxVjMEOwiAQRP-FsyGFLkvx6L3fQFjYStVAUtqT8d9tkx40c5v3Zt7Ch23Nfmu8-DmJq0AjLr8lhfjkcpD0COVeZaxlXWaShyJP2uRYE79up_t3kEPL-3owSlnnuEO0WoE1_aTJsmEAhJgi2ckpB5gM6UGhhk4xAfa8JxkL4vMF1Gk20A:1qyOvH:-0N_3lrrFggxDZ6YZrXRXxkzOrLuwfOy2VltSmvI6ak', '2023-11-16 09:33:11.967316'),
('66mp7lzer0zhy5libixhjp7p9tzky7mf', 'OGY0OWJkNGE4ODQ1ODZjMzA3N2E1NWJmMTI1YzY2MGZkMThlZDE3Yjp7Il9hdXRoX3VzZXJfaWQiOiI2NSIsIl9hdXRoX3VzZXJfYmFja2VuZCI6ImRqYW5nby5jb250cmliLmF1dGguYmFja2VuZHMuTW9kZWxCYWNrZW5kIiwiX2F1dGhfdXNlcl9oYXNoIjoiMThiNzMwZmZmOWVmNGVkOTI5YjE4YmE0MjEzZmU1NTk4Y2JhNWMzMSJ9', '2023-08-23 17:41:48.962632'),
('67rr6gwsvd1bsan3znsdc3sc4b20qdtd', '.eJxVjMEOwiAQRP-FsyGFLkvx6L3fQFjYStVAUtqT8d9tkx40c5v3Zt7Ch23Nfmu8-DmJq0AjLr8lhfjkcpD0COVeZaxlXWaShyJP2uRYE79up_t3kEPL-3owSlnnuEO0WoE1_aTJsmEAhJgi2ckpB5gM6UGhhk4xAfa8JxkL4vMF1Gk20A:1qiRLi:whThGKK593JUYDJPjlYIyrunWrKnc_3o5qEf3RVxxeU', '2023-10-03 08:54:30.910205'),
('690osnln321e7szd2nngjef2oolzorpx', 'NDdiYWJjNjQyNjFkN2YyZGYwMjJlNTQ1ZDcwYzU0YWZjZGEzYTIzZjp7Il9hdXRoX3VzZXJfaGFzaCI6ImVjNDY1YzQ1OGEwZjIzMmE5MTNmMmE4MjAzNmE3MTNiYzUwZjEzMzYiLCJfYXV0aF91c2VyX2lkIjoiNSIsIl9hdXRoX3VzZXJfYmFja2VuZCI6ImRqYW5nby5jb250cmliLmF1dGguYmFja2VuZHMuTW9kZWxCYWNrZW5kIn0=', '2023-06-01 09:07:26.749771'),
('6bdzwif1p0bo8tvxgpz7tk3xly4ua3nf', '.eJxVjMEOwiAQRP-FsyGFLkvx6L3fQFjYStVAUtqT8d9tkx40c5v3Zt7Ch23Nfmu8-DmJq0AjLr8lhfjkcpD0COVeZaxlXWaShyJP2uRYE79up_t3kEPL-3owSlnnuEO0WoE1_aTJsmEAhJgi2ckpB5gM6UGhhk4xAfa8JxkL4vMF1Gk20A:1r1IVh:gJqgLsFavUNmFikJWKpx8sziipah3qMcY5JVy9fUthM', '2023-11-24 09:18:45.541259'),
('6g2mcqsfj1cdbsqzjamh6bq2scd2jpib', 'eyJfcGFzc3dvcmRfcmVzZXRfdG9rZW4iOiJjY2tua3MtMmRlMmQxNDllY2YyOGJjYTBiZjE1ZmM4NWFlZjFmYmIifQ:1sjvSq:by2x_ut9-r9E0DK9bEP1ieNPKsPHoNE6XSW7AoqMaMk', '2024-09-13 12:20:32.603552'),
('6gt751rl20gh2uzl2wh2jcc6ew9ogdzl', 'MTMzMjFlZjA4NDVkODQzYTVmY2FlZmQ5YzQ5N2QwMTQ2ZWM0YmVlZjp7Il9hdXRoX3VzZXJfaGFzaCI6ImVjNDY1YzQ1OGEwZjIzMmE5MTNmMmE4MjAzNmE3MTNiYzUwZjEzMzYiLCJfYXV0aF91c2VyX2JhY2tlbmQiOiJkamFuZ28uY29udHJpYi5hdXRoLmJhY2tlbmRzLk1vZGVsQmFja2VuZCIsIl9hdXRoX3VzZXJfaWQiOiI1In0=', '2023-07-05 17:49:55.322043'),
('6gwjef2krsdtu037wb7g64wdk2vlv9qd', '.eJxVjMEOwiAQRP-FsyGFLkvx6L3fQFjYStVAUtqT8d9tkx40c5v3Zt7Ch23Nfmu8-DmJq0AjLr8lhfjkcpD0COVeZaxlXWaShyJP2uRYE79up_t3kEPL-3owSlnnuEO0WoE1_aTJsmEAhJgi2ckpB5gM6UGhhk4xAfa8JxkL4vMF1Gk20A:1r4zjk:Bd9REKSRX4xAmI4iTSezQto4W9XCc-D2XKSzL--8O0o', '2023-12-04 14:04:32.750817'),
('6h9rmc86vkfvd5nzefilknpyutzqcde0', 'MzdkM2I2NmFlNjYxYzk0MWQ3OTc0NmM0ODJmMWY1MmM4MmE2NzNmYzp7Il9hdXRoX3VzZXJfaWQiOiIyIiwiX2F1dGhfdXNlcl9iYWNrZW5kIjoiZGphbmdvLmNvbnRyaWIuYXV0aC5iYWNrZW5kcy5Nb2RlbEJhY2tlbmQiLCJfYXV0aF91c2VyX2hhc2giOiJkMmM5YWE1MGU4MjFlZjU4ODNkOTU5ZDU5YTJlZWQ4OGMzMzA2ZGU5In0=', '2023-05-29 12:03:40.611996'),
('6ithsqu0dqdex154jasim4s1e3mddbx1', '.eJxVjDsOwyAQBe9CHSHW5psyvc-AFhaCkwgkY1dR7h5bcpG0b2bem3nc1uK3nhY_E7sywy6_W8D4TPUA9MB6bzy2ui5z4IfCT9r51Ci9bqf7d1Cwl70WKBTk0SpSAYlolC4HEzVQhjA4q6UzzqDUADrbbEkMEXZROQNRjY59vukXN7c:1pQjn8:JI8KrXBxV0fippaSNzJXLD1qfmBhbpCRNHMBRDHTrbI', '2023-02-25 12:25:22.439972'),
('6iw87b2tkemqykcsfpqe77bul4aou4jj', 'NDdiYWJjNjQyNjFkN2YyZGYwMjJlNTQ1ZDcwYzU0YWZjZGEzYTIzZjp7Il9hdXRoX3VzZXJfaGFzaCI6ImVjNDY1YzQ1OGEwZjIzMmE5MTNmMmE4MjAzNmE3MTNiYzUwZjEzMzYiLCJfYXV0aF91c2VyX2lkIjoiNSIsIl9hdXRoX3VzZXJfYmFja2VuZCI6ImRqYW5nby5jb250cmliLmF1dGguYmFja2VuZHMuTW9kZWxCYWNrZW5kIn0=', '2023-05-26 16:49:45.568223'),
('6kxyskgzjbztkv5ddcnrac9glrvlsix5', '.eJxVjMEOwiAQRP-FsyEFLBSP3v0GssvuStXQpLQn47_bJj3ocea9mbdKsC4lrY3nNJK6KKNOvx1CfnLdAT2g3iedp7rMI-pd0Qdt-jYRv66H-3dQoJVt7SM6LyFjz0QOGDwN7GyQLbgglkw3xA7ExmyRyMYzsTBEj8YIhF59vhIFOSk:1qnz1A:HsPiPUnjG-RsLbpae4qW2XNrQlp45Lgr6JKU4kCP1O0', '2023-10-18 15:52:12.590846'),
('6n9c1asoi6pcr0x48mobeep4870wln3o', '.eJxVjMEOwiAQRP-FsyGFLkvx6L3fQFjYStVAUtqT8d9tkx40c5v3Zt7Ch23Nfmu8-DmJq0AjLr8lhfjkcpD0COVeZaxlXWaShyJP2uRYE79up_t3kEPL-3owSlnnuEO0WoE1_aTJsmEAhJgi2ckpB5gM6UGhhk4xAfa8JxkL4vMF1Gk20A:1r0J7p:650uqcCUOcNPF2iroyy1bDlu6FB6ujuu6rKRlWjBCMs', '2023-11-21 15:46:01.924762'),
('6ql2j2l3gi3b7kmbmat9bcbu0bnl83fl', 'NDg4ZGJkYWExYjVkYzdlOGZjNTViYWRlODJlZTYzNmY3ZjlhYmM2MDp7Il9hdXRoX3VzZXJfaGFzaCI6IjVkYTczNjQwMjg1YzU0ZDZiMDZiY2JjNDNhMDM4ZjlhYzI1YjA4ZDgiLCJfYXV0aF91c2VyX2lkIjoiNSIsIl9hdXRoX3VzZXJfYmFja2VuZCI6ImRqYW5nby5jb250cmliLmF1dGguYmFja2VuZHMuTW9kZWxCYWNrZW5kIn0=', '2023-04-05 09:21:17.259854'),
('6thxyhx2ls5ojy9mpzc8tpnooi8ujjq6', 'NWVjMzYxY2M1YzUyYzUxZDVhMDIwNjc3MDQ5OTcwMmI1OWU5NzM2ODp7Il9hdXRoX3VzZXJfaWQiOiIyIiwiX2F1dGhfdXNlcl9oYXNoIjoiODFmNGY3MzYyYTQ3NmY0MmQzNDAxMDBkYzQ1N2Q0MGE4NjkwZmU2MiIsIl9hdXRoX3VzZXJfYmFja2VuZCI6ImRqYW5nby5jb250cmliLmF1dGguYmFja2VuZHMuTW9kZWxCYWNrZW5kIn0=', '2023-06-30 14:48:11.310554'),
('6uuw2l7dart74yk5phmurcaybtxdu02o', 'ZmExNjg5ZTJlNzNlZDUwMDZhNzk0NTcxZjI4OGJlYWQ1MzljOGRkYjp7Il9hdXRoX3VzZXJfaWQiOiI2MiIsIl9hdXRoX3VzZXJfYmFja2VuZCI6ImRqYW5nby5jb250cmliLmF1dGguYmFja2VuZHMuTW9kZWxCYWNrZW5kIiwiX2F1dGhfdXNlcl9oYXNoIjoiMDI3ZGQ3MThhZGMwMDc2YmYzMmNjMTMzZmY0MjIxYjE4OWI3YTA0MiJ9', '2023-08-10 10:58:20.763553'),
('6xxsjj0lxoieue1xyhi371gvrd5t6v27', '.eJxVjEEOwiAQRe_C2pACw7S4dO8ZyMBMpGogKe3KeHdt0oVu_3vvv1SkbS1x67LEmdVZWXX63RLlh9Qd8J3qrenc6rrMSe-KPmjX18byvBzu30GhXr41iguSJxmdgBgPCARgOQCN2Qwo5LNIcpLYT4Ed5oTovQno7WCZQL0_6z033A:1pp1H7:7OD_yO_K5rQxwHtZxNCRBbLx7pscEqokWFmvX433Q_0', '2023-05-03 11:56:41.319654'),
('6ywc9id8awvdqw5732aiuo80uqefhwka', 'NzQ4ZWZhOTIwYmU5MTE3YmZjMGYzNmUyMWNhZTk1MDkyNzQ4OTlmYjp7Il9hdXRoX3VzZXJfYmFja2VuZCI6ImRqYW5nby5jb250cmliLmF1dGguYmFja2VuZHMuTW9kZWxCYWNrZW5kIiwiX2F1dGhfdXNlcl9oYXNoIjoiODFmNGY3MzYyYTQ3NmY0MmQzNDAxMDBkYzQ1N2Q0MGE4NjkwZmU2MiIsIl9hdXRoX3VzZXJfaWQiOiIyIn0=', '2023-07-03 16:21:42.204816'),
('6z39iltf954ec7h3zwe53jla8woet173', '.eJxVjMEOwiAQRP-FsyGFLkvx6L3fQFjYStVAUtqT8d9tkx40c5v3Zt7Ch23Nfmu8-DmJq0AjLr8lhfjkcpD0COVeZaxlXWaShyJP2uRYE79up_t3kEPL-3owSlnnuEO0WoE1_aTJsmEAhJgi2ckpB5gM6UGhhk4xAfa8JxkL4vMF1Gk20A:1rBSgk:4bm26j2wQU3-hJGTCLqtfnFu4q_dE9eaqOzgUcPEKuU', '2023-12-22 10:12:10.628856'),
('74eb6fikc6eyxcu8geltukxrio7przgf', 'NzQ4ZWZhOTIwYmU5MTE3YmZjMGYzNmUyMWNhZTk1MDkyNzQ4OTlmYjp7Il9hdXRoX3VzZXJfYmFja2VuZCI6ImRqYW5nby5jb250cmliLmF1dGguYmFja2VuZHMuTW9kZWxCYWNrZW5kIiwiX2F1dGhfdXNlcl9oYXNoIjoiODFmNGY3MzYyYTQ3NmY0MmQzNDAxMDBkYzQ1N2Q0MGE4NjkwZmU2MiIsIl9hdXRoX3VzZXJfaWQiOiIyIn0=', '2023-06-29 15:45:30.993176'),
('78799aj6qpgdcksy3wdgsxudbxpk1s71', '.eJxVjDsOwjAQBe_iGln-ZW0o6XMGa3dt4wBypDipEHeHSCmgfTPzXiLitta49bzEKYmL0OL0uxHyI7cdpDu22yx5busykdwVedAuxznl5_Vw_w4q9vqtFRdAGwJ4QAYDjm0oarDOeaUzYg7aF8cGDFsiJPBeDZBUAX2mBEm8P9A2N54:1pQgP2:7UmnCffzuN5kIAb21HqX4bHZp1Lp5yhYpxznfrLyzDc', '2023-02-25 08:48:16.392832'),
('7aednl4xu2zaodg8a9g667h04hj71xns', 'eyJfcGFzc3dvcmRfcmVzZXRfdG9rZW4iOiJjY21wczUtZThhZWUwZTYyZGYxNzNhYjlmYjk4YmJiN2ZiZDQ5Y2YifQ:1skKTP:D410_hBK9L3OdT_r7FqBr1j52N3BHxzCG6BKiafssAE', '2024-09-14 15:02:47.276271'),
('7blsc34y4gik2y0tfewkvja6yxkq08a5', '.eJxVjEEOwiAQRe_C2pAW7Di4dN8zkIEZpGogKe3KeHfbpAvdvvf-fytP65L92mT2E6urMur0ywLFp5Rd8IPKvepYyzJPQe-JPmzTY2V53Y727yBTy9s6oZhOZIjM3Bkbzn1ITBCJ3GDBYkR2JqIDB2jBbdgASUKCnuFiUX2-CLs4Tw:1qFT3k:LglO-ycPM74aNoEaMZ-G6djxzCICrLo6TJg3JzkceHg', '2023-07-15 10:52:12.936743'),
('7c01k8mxukwpjet4uj4twp92tdsng9h4', '.eJxVjMsOwiAQRf-FtSG8BOrSvd_QzAyDVA0kpV0Z_92QdKHbe865bzHDvpV577zOSxIX4Y04_Y4I9OQ6SHpAvTdJrW7rgnIo8qBd3lri1_Vw_w4K9DJqhOwVBT8ZAzlbYsreJqTAaGLQzHpC7UCjshqiMsTOeXv2NoIjSOLzBToFOOE:1qkyj7:g7mpTO1tB86clUTfNiFUIooZMYGXvZwikSKdzMubn4U', '2023-10-10 08:57:09.260894'),
('7el3yb26ysqijz5ym3s9igfsatei4nw6', '.eJxVjDsOwjAQRO_iGlk2iX-U9JzBWnt3cQDZUpxUiLuTSCmgGmnem3mLCOtS4tppjhOKi7BGnH7LBPlJdSf4gHpvMre6zFOSuyIP2uWtIb2uh_t3UKCXbR2UHj3ZwZlhS3I8MgdvlQ5svELQgCllQx4x8EAqMWSb1FkxsyNvxecLCvc45g:1sgLAx:6RaR8leUga1Yn57-udju5UL_G-R2xOGletI4gUBCy_c', '2024-09-03 14:59:15.185813'),
('7gcyxag1qhuo5jn7gfb3ayxbrni36zjs', '.eJxVjEsOAiEQBe_C2hCw-YhL956BdNMgowaSYWZlvLtOMgvdvqp6LxFxXWpcR57jxOIsrDj8boTpkdsG-I7t1mXqbZknkpsidzrktXN-Xnb376DiqN-aVAGvizNZUYBTLg6xBFLeKfKknbMmYQby4EGDKcxQXLDMgY-UyIj3B_AaOGg:1qCXfm:lzixn_iEQhRc9FA0KWwSOGGXdx90lfDFy93r9EXQ0z8', '2023-07-07 09:11:22.030305'),
('7jhcg7qipcme1out05m3rj6ig7fnmlee', '.eJxVjEEOwiAQAP_C2ZCyFQoevfuGZpdlpWogKe3J-HdD0oNeZybzVjPuW573ltZ5YXVRVp1-GWF8ptIFP7Dcq461bOtCuif6sE3fKqfX9Wj_Bhlb7luJxokbcfDkMIwoQ3Cc2Ap5mIwLBJaM9wlwAuZ4JgiCPgAxoJioPl_1pjia:1ppmlO:KcZDcWJPMe9HV1CM3JGxpZXNThZChGRk-0-v730givY', '2023-05-05 14:39:06.854177'),
('7kpv0inegsf96ljnugrj7n8dkrxj6i5n', 'Y2E5NTNmMmM4ODkwMDllYjdlNTVlNWEwM2IwYWM1ZDNiMzNlYjI5ODp7Il9hdXRoX3VzZXJfaGFzaCI6IjA3YzM3OTI0NTJhOTYyMDFiOTU4ZGNiMGViZTE4YWI0YWQyNmMxZTkiLCJfYXV0aF91c2VyX2lkIjoiNzIiLCJfYXV0aF91c2VyX2JhY2tlbmQiOiJkamFuZ28uY29udHJpYi5hdXRoLmJhY2tlbmRzLk1vZGVsQmFja2VuZCJ9', '2023-09-25 17:37:27.201010'),
('7kvyc5h0xf6u4o907vgambg3tcdykmk5', '.eJxVjMEOwiAQRP-FsyGFLkvx6L3fQFjYStVAUtqT8d9tkx40c5v3Zt7Ch23Nfmu8-DmJq0AjLr8lhfjkcpD0COVeZaxlXWaShyJP2uRYE79up_t3kEPL-3owSlnnuEO0WoE1_aTJsmEAhJgi2ckpB5gM6UGhhk4xAfa8JxkL4vMF1Gk20A:1rCf8L:VKr2frS4pokZxUKBF4fW3h4IyqUZQnQxfAUyvBvEUQE', '2023-12-25 17:41:37.279554'),
('7locqf8t1fss2p9eb8ee36um5s4jp2ju', '.eJxVjDsOwjAQBe_iGlmL_0tJzxks27vgALKlOKkQd4dIKaB9M_NeIqZ1qXEdPMeJxEkocfjdcioPbhuge2q3LktvyzxluSlyp0NeOvHzvLt_BzWN-q0hH3UohCawwszWB7JKITjLV0CdPFptKPhgnHVUChAEC6g0Z09eg3h_AMKDNs0:1pqulF:4MGtW9ql77SqFqxkiNy_VJu2eG802MMz9-jBPncV9t0', '2023-05-08 17:23:37.951011'),
('7oykgci4ktrmbio08ng8k6dbjmupvpzx', '.eJxVjMEOwiAQRP-FsyGFLkvx6L3fQFjYStVAUtqT8d9tkx40c5v3Zt7Ch23Nfmu8-DmJq0AjLr8lhfjkcpD0COVeZaxlXWaShyJP2uRYE79up_t3kEPL-3owSlnnuEO0WoE1_aTJsmEAhJgi2ckpB5gM6UGhhk4xAfa8JxkL4vMF1Gk20A:1rAlKx:qu_Ynm_w69TP4TCs2ilpekjyMUem9fjPVX5kMiABpZo', '2023-12-20 11:54:47.912095'),
('7pfkjntthbgm6h629nyfs1ntbt6x2lem', '.eJxVjEEOwiAQRe_C2pACMoBL9z0DmYGpVA0kpV0Z765NutDtf-_9l4i4rSVunZc4Z3ERoMXpdyRMD647yXestyZTq-syk9wVedAux5b5eT3cv4OCvXxr8kRZWyRHOWhGQGQ0xpnJKmIVnHIWhwkBgleG2SetmWFAOkNwAcT7AzXJOJs:1rBq4G:1apnGIcvMQ3-N3YoxpnfPA0Palxw35U1rz_3n-fprAw', '2023-12-23 11:10:00.624364'),
('7v7blrk87z19qpl4h8cn61rdn6dyd8y6', 'NDM3YjJmNzc3MDgwZGE5MDUzNGU4ZGI5NjE4ZjY3YTkzM2IxNjU1Mzp7Il9hdXRoX3VzZXJfaWQiOiIyIiwiX2F1dGhfdXNlcl9iYWNrZW5kIjoiZGphbmdvLmNvbnRyaWIuYXV0aC5iYWNrZW5kcy5Nb2RlbEJhY2tlbmQiLCJfYXV0aF91c2VyX2hhc2giOiI4MWY0ZjczNjJhNDc2ZjQyZDM0MDEwMGRjNDU3ZDQwYTg2OTBmZTYyIn0=', '2023-06-24 12:03:26.421740'),
('7yebiqcw1sk47lwhq4allezfu7zuiqta', '.eJxVjDsOwjAQRO_iGln-4WQp6TmDtd61cQDZUpxUiLuTSCmgG817M28RcF1KWHuaw8TiIrQ4_XYR6ZnqDviB9d4ktbrMU5S7Ig_a5a1xel0P9--gYC_bGizY7HLUg9pCdonRocWzGQGQKWcAzZbt4NEAK-sdZTaQVCIzRk_i8wXwfTh4:1qFA3H:Bt-dqHy-BztS_UOR0hhrqSEZJUjcSfCRmneJ__geod0', '2023-07-14 14:34:27.090392'),
('80295y2303k05gw4s826bbknjf6xhf9i', '.eJxVjMEOwiAQRP-FsyGFLkvx6L3fQFjYStVAUtqT8d9tkx40c5v3Zt7Ch23Nfmu8-DmJq0AjLr8lhfjkcpD0COVeZaxlXWaShyJP2uRYE79up_t3kEPL-3owSlnnuEO0WoE1_aTJsmEAhJgi2ckpB5gM6UGhhk4xAfa8JxkL4vMF1Gk20A:1qtQDm:YV-LBjX-9E7Ia9t6g3BBKTz7a0pxGDhHG60U7IQ2RVc', '2023-11-02 15:55:42.294058'),
('84eq7ccl6pdlgoojfgeht03gazmkaj58', 'YTg5NmY3MGI1ZTAxZGUwNjM1MjdjMzU5MWU5OGI5ZGRmMGYzOWY2Yzp7Il9hdXRoX3VzZXJfaWQiOiIyIiwiX2F1dGhfdXNlcl9oYXNoIjoiZDJjOWFhNTBlODIxZWY1ODgzZDk1OWQ1OWEyZWVkODhjMzMwNmRlOSIsIl9hdXRoX3VzZXJfYmFja2VuZCI6ImRqYW5nby5jb250cmliLmF1dGguYmFja2VuZHMuTW9kZWxCYWNrZW5kIn0=', '2023-06-12 10:57:34.719720'),
('852tu0dzlgc807ywqmg9rbii54cpsec5', '.eJxVjDsOwyAQBe9CHSHW5psyvc-AFhaCkwgkY1dR7h5bcpG0b2bem3nc1uK3nhY_E7sywy6_W8D4TPUA9MB6bzy2ui5z4IfCT9r51Ci9bqf7d1Cwl70WKBTk0SpSAYlolC4HEzVQhjA4q6UzzqDUADrbbEkMEXZROQNRjY59vukXN7c:1pQhKf:cEnWt2azYueVvO5P-MBnTHSQFWujcrVesu-LmisNfWk', '2023-02-25 09:47:49.982999'),
('85n21rpbt8w2eb07t5195k5jkw47hzyb', 'eyJfcGFzc3dvcmRfcmVzZXRfdG9rZW4iOiJjY2trNWMtNDM2NWUyZDMyYTkxYjhiNGRiYzNjMDgxZGZhYmQ4MDQifQ:1sjuIm:WZerT9P3wJ2QozpeXmrEhfB4QdujY9M_CnF4kgsE7hk', '2024-09-13 11:06:04.363499'),
('89t9juhwiqs7oqndcu0a1q9as7lk8uoq', '.eJxVjMEOwiAQRP-FsyGFLkvx6L3fQFjYStVAUtqT8d9tkx40c5v3Zt7Ch23Nfmu8-DmJq0AjLr8lhfjkcpD0COVeZaxlXWaShyJP2uRYE79up_t3kEPL-3owSlnnuEO0WoE1_aTJsmEAhJgi2ckpB5gM6UGhhk4xAfa8JxkL4vMF1Gk20A:1rA4pB:PmiViUKOmFKyz5bYquIGrbIROfKz2nJczfQ071e0o_w', '2023-12-18 14:31:09.745506'),
('8af8s8dxv7m2kipg0cu8rlyiq9ynwj5v', '.eJxVjDsOwjAQBe_iGln-ZW0o6XMGa3dt4wBypDipEHeHSCmgfTPzXiLitta49bzEKYmL0OL0uxHyI7cdpDu22yx5busykdwVedAuxznl5_Vw_w4q9vqtFRdAGwJ4QAYDjm0oarDOeaUzYg7aF8cGDFsiJPBeDZBUAX2mBEm8P9A2N54:1pRSGO:3k-zQf6MTb5iXmzdv1n865JkFgG3tuBRTbmkSWqQzDM', '2023-02-27 11:54:32.752621'),
('8azjh6aipyb0931y6e2sik9e9ztg1x27', '.eJxVjEEOwiAQRe_C2pACMoBL9z0DmYGpVA0kpV0Z765NutDtf-_9l4i4rSVunZc4Z3ERoMXpdyRMD647yXestyZTq-syk9wVedAux5b5eT3cv4OCvXxr8kRZWyRHOWhGQGQ0xpnJKmIVnHIWhwkBgleG2SetmWFAOkNwAcT7AzXJOJs:1r6NZ6:JnfAOa44oM9sWOYGGuMQYmt1MoAYx4jUtu7sZ6nyXz4', '2023-12-08 09:43:16.003035'),
('8gii75dlwb1wx4e4iegkz9vfzx3klity', 'YjYzZWYwNDk5MThiNDlkNmIwMGRhZDAxZTAwMjIzNjA1MWM2N2E1MDp7Il9hdXRoX3VzZXJfaWQiOiI2MiIsIl9hdXRoX3VzZXJfYmFja2VuZCI6ImRqYW5nby5jb250cmliLmF1dGguYmFja2VuZHMuTW9kZWxCYWNrZW5kIiwiX2F1dGhfdXNlcl9oYXNoIjoiMThiNzMwZmZmOWVmNGVkOTI5YjE4YmE0MjEzZmU1NTk4Y2JhNWMzMSJ9', '2023-09-28 13:50:12.289830'),
('8jqw1im656jpd1ghhydmic5ikl4jdk8e', '.eJxVjEEOwiAQRe_C2pACMoBL9z0DmYGpVA0kpV0Z765NutDtf-_9l4i4rSVunZc4Z3ERoMXpdyRMD647yXestyZTq-syk9wVedAux5b5eT3cv4OCvXxr8kRZWyRHOWhGQGQ0xpnJKmIVnHIWhwkBgleG2SetmWFAOkNwAcT7AzXJOJs:1qz8Er:_OnAHtFYTQGrxgdx6Ht5NpPhnReCf6Nd49Q7Zw2hQ3c', '2023-11-18 09:56:25.351429'),
('8nmdpdq38zlrjpxhkx1ibl05luyckfpq', '.eJxVjMEOwiAQRP-FsyGFLkvx6L3fQFjYStVAUtqT8d9tkx40c5v3Zt7Ch23Nfmu8-DmJq0AjLr8lhfjkcpD0COVeZaxlXWaShyJP2uRYE79up_t3kEPL-3owSlnnuEO0WoE1_aTJsmEAhJgi2ckpB5gM6UGhhk4xAfa8JxkL4vMF1Gk20A:1rLxnw:BwDWEzhlH3tLLFlPzC21jYrHkhM_zjeqBX82hzelBO8', '2024-01-20 09:27:00.943060'),
('8opl4khnosvlfpt79dzzwys1ab04gwzh', 'OWI5ZjI0ZGIwZDU5ZDVhYzkyMzBmOTBjZTNhMzhiMWNjMTQxZjUyODp7Il9hdXRoX3VzZXJfYmFja2VuZCI6ImRqYW5nby5jb250cmliLmF1dGguYmFja2VuZHMuTW9kZWxCYWNrZW5kIiwiX2F1dGhfdXNlcl9pZCI6IjY1IiwiX2F1dGhfdXNlcl9oYXNoIjoiMThiNzMwZmZmOWVmNGVkOTI5YjE4YmE0MjEzZmU1NTk4Y2JhNWMzMSJ9', '2023-09-04 19:01:39.298994'),
('8pfpsl92kikhtd4xuzidw3jo1kidcqnx', '.eJxVjEEOwiAQRe_C2pACMoBL9z0DmYGpVA0kpV0Z765NutDtf-_9l4i4rSVunZc4Z3ERoMXpdyRMD647yXestyZTq-syk9wVedAux5b5eT3cv4OCvXxr8kRZWyRHOWhGQGQ0xpnJKmIVnHIWhwkBgleG2SetmWFAOkNwAcT7AzXJOJs:1qli0s:-rruC483FbAcoxShe-fRnX1BSzIg8zb067TWPUA-mqE', '2023-10-12 09:18:30.117919'),
('8sq4t4jyzv3pb89mqeezqgmm32ct119v', '.eJxVjEEOwiAQRe_C2pACMoBL9z0DmYGpVA0kpV0Z765NutDtf-_9l4i4rSVunZc4Z3ERoMXpdyRMD647yXestyZTq-syk9wVedAux5b5eT3cv4OCvXxr8kRZWyRHOWhGQGQ0xpnJKmIVnHIWhwkBgleG2SetmWFAOkNwAcT7AzXJOJs:1qrWHS:MbZTDES43A2D0MMaL3WcjbVz7cfn04TV0WS_Q8FLZUA', '2023-10-28 09:59:38.648302'),
('8ynkn9k5i3ch4e6u3suh3x0nbj8mnjjn', '.eJxVjMsOwiAQRf-FtSG8BOrSvd_QzAyDVA0kpV0Z_92QdKHbe865bzHDvpV577zOSxIX4Y04_Y4I9OQ6SHpAvTdJrW7rgnIo8qBd3lri1_Vw_w4K9DJqhOwVBT8ZAzlbYsreJqTAaGLQzHpC7UCjshqiMsTOeXv2NoIjSOLzBToFOOE:1qkeyV:vKpxPXgq0UjAXMklJtZg_MrIuC_-6HdUEB7jGjQ6Ayw', '2023-10-09 11:51:43.729951'),
('90obdqejx70wacjupukem6ncxhmd8vnm', '.eJxVjEEOwiAQRe_C2pACMoBL9z0DmYGpVA0kpV0Z765NutDtf-_9l4i4rSVunZc4Z3ERoMXpdyRMD647yXestyZTq-syk9wVedAux5b5eT3cv4OCvXxr8kRZWyRHOWhGQGQ0xpnJKmIVnHIWhwkBgleG2SetmWFAOkNwAcT7AzXJOJs:1qzsUf:1PvcuOxwZSztqZn0S4q1h7_PUce_Q49rrd3QbkC2wyI', '2023-11-20 11:19:49.551447'),
('93j75pkvdpxlbl547ydh09264cb7dxrt', '.eJxVjMsOwiAQRf-FtSEFpjxcuvcbGmYGpGogKe3K-O_apAvd3nPOfYkpbmuZtp6WaWZxFsYEL06_M0Z6pLozvsd6a5JaXZcZ5a7Ig3Z5bZyel8P9Oyixl2-NmhyiGbIafXZgh8Tk2aMzIWgEYwONPCQATcaTdQQJnULOPqoAYMX7A2BPOIc:1sgcXa:BZ5Q1WTWnUtjSVw3-JYXrFfF8fgS0CGb0alv-r4taaE', '2024-09-04 09:31:46.322660'),
('94muswbluk6rjzbdw7uoo4w2gwg76vp2', '.eJxVjEEOwiAQRe_C2pACMoBL9z0DmYGpVA0kpV0Z765NutDtf-_9l4i4rSVunZc4Z3ERoMXpdyRMD647yXestyZTq-syk9wVedAux5b5eT3cv4OCvXxr8kRZWyRHOWhGQGQ0xpnJKmIVnHIWhwkBgleG2SetmWFAOkNwAcT7AzXJOJs:1r5fpe:nSGuflURAdhFWHndEdXczUsroAFidCZvgcIxg8ELWfA', '2023-12-06 11:01:26.614401'),
('96edh7dcd1ao7h0btedseosle7n6i7ye', 'NWQ0OTI4NWM5Y2ZkYTI3YzdmNDZlYWQ1N2FkZjg4ZTYxYThjZDJmNDp7Il9hdXRoX3VzZXJfaWQiOiI1IiwiX2F1dGhfdXNlcl9iYWNrZW5kIjoiZGphbmdvLmNvbnRyaWIuYXV0aC5iYWNrZW5kcy5Nb2RlbEJhY2tlbmQiLCJfYXV0aF91c2VyX2hhc2giOiJlYzQ2NWM0NThhMGYyMzJhOTEzZjJhODIwMzZhNzEzYmM1MGYxMzM2In0=', '2023-06-21 10:06:58.612637'),
('96hj7ry66l7lg1z35jl2ytoxs9cy9cgm', 'MDRiMWQ5ODJkZGJiOTIxMWUyY2UzMzBlMWVhYTY2NGI5NzI0NDlkMTp7Il9hdXRoX3VzZXJfYmFja2VuZCI6ImRqYW5nby5jb250cmliLmF1dGguYmFja2VuZHMuTW9kZWxCYWNrZW5kIiwiX2F1dGhfdXNlcl9pZCI6IjUiLCJfYXV0aF91c2VyX2hhc2giOiJmZTJjMDg3ZDg3OTRlOTYwNzc1MGJmMzExOTY2ZDY0MmYxZTQ0NGE0In0=', '2023-07-28 12:33:26.258485'),
('96sybmz01ptjv537kf036l124y4kj1hh', '.eJxVjEEOwiAQRe_C2pACMoBL9z0DmYGpVA0kpV0Z765NutDtf-_9l4i4rSVunZc4Z3ERoMXpdyRMD647yXestyZTq-syk9wVedAux5b5eT3cv4OCvXxr8kRZWyRHOWhGQGQ0xpnJKmIVnHIWhwkBgleG2SetmWFAOkNwAcT7AzXJOJs:1qnaD7:Eboi_tNyYoHwGa3Ut6niud2XcocVsD1-4msEHO-AN2o', '2023-10-17 13:22:53.434822'),
('99d6r0ztl14pg88d05borbiplnc68age', '.eJxVjEEOwiAQRe_C2hCKUBiX7nsGMjOAVA0kpV0Z765NutDtf-_9lwi4rSVsPS1hjuIiRi1OvyMhP1LdSbxjvTXJra7LTHJX5EG7nFpMz-vh_h0U7OVbn5XhwVm0oF3MRIkzsfMIhAMxJ6PZaAU-EkQP1igYMxilrc-sEinx_gAmVDic:1shLyV:WbnUGeIPmrh1s5h3Vx0iFFUdavxpfhL9OR2qSpfKmdY', '2024-09-06 10:02:35.507944'),
('9a9tnxdrdisqlo9n8v86hs2pjldvm43f', '.eJxVjEsOAiEQBe_C2hCw-YhL956BdNMgowaSYWZlvLtOMgvdvqp6LxFxXWpcR57jxOIsrDj8boTpkdsG-I7t1mXqbZknkpsidzrktXN-Xnb376DiqN-aVAGvizNZUYBTLg6xBFLeKfKknbMmYQby4EGDKcxQXLDMgY-UyIj3B_AaOGg:1qCXps:0YWUiMhWAkl-5Dad1Yz0hMwOkFADw1lG0OrUnFmi4Nc', '2023-07-07 09:21:48.691213'),
('9afbr9ipnibbhpf4ntr81kvi6exsnzag', '.eJxVjDsOwjAQBe_iGlmL_0tJzxks27vgALKlOKkQd4dIKaB9M_NeIqZ1qXEdPMeJxEkocfjdcioPbhuge2q3LktvyzxluSlyp0NeOvHzvLt_BzWN-q0hH3UohCawwszWB7JKITjLV0CdPFptKPhgnHVUChAEC6g0Z09eg3h_AMKDNs0:1pwzSo:ipgg_4WWMjjZZ8CGbCt8ks2kA-UpFGbQInvV-AJWoCY', '2023-05-25 11:37:42.627537'),
('9f1rh1v5gc90exeroos9nerskwwsp7li', '.eJxVjDsOwjAQBe_iGln2-hdT0nMGa71e4wCKpXwqxN0hUgpo38y8l0i4rS1tC89pLOIsPIjT75iRHjztpNxxunVJfVrnMctdkQdd5LUXfl4O9--g4dK-tTGkbWBAjQxOAXtU3lGoJpPBCD4UYCyWbPRKVx9jjVDqoIdMRC6K9wcE5jg6:1sPLlZ:uCftznWTW_4pJF7by_hUEQuCwVyD5-aSx3dMuRfNlp8', '2024-07-18 18:10:49.517276'),
('9fk8ljw1q0h5th5rt8bc2gpay4rerhyx', 'NzMyZDIzZmUxY2UxMmFiYjQ3OWY3ODNkOWJhNjVmMzJlOWRiNmVlYTp7Il9hdXRoX3VzZXJfYmFja2VuZCI6ImRqYW5nby5jb250cmliLmF1dGguYmFja2VuZHMuTW9kZWxCYWNrZW5kIiwiX2F1dGhfdXNlcl9pZCI6IjUiLCJfYXV0aF91c2VyX2hhc2giOiJlYzQ2NWM0NThhMGYyMzJhOTEzZjJhODIwMzZhNzEzYmM1MGYxMzM2In0=', '2023-07-05 15:50:35.941543'),
('9iu8ub5ekc82np9979vpa8thdxrqb4dm', '.eJxVjMEOwiAQRP-FsyGFLkvx6L3fQFjYStVAUtqT8d9tkx40c5v3Zt7Ch23Nfmu8-DmJq0AjLr8lhfjkcpD0COVeZaxlXWaShyJP2uRYE79up_t3kEPL-3owSlnnuEO0WoE1_aTJsmEAhJgi2ckpB5gM6UGhhk4xAfa8JxkL4vMF1Gk20A:1qtRUL:XItkaeljFGSycZ7TL5PSVGHI5JSS6mD9mwz0WuagZmg', '2023-11-02 17:16:53.502114'),
('9jefci4kxuqtkb5apycpgafugcpe2eiw', '.eJxVjMEOwiAQRP-FsyEFLBSP3v0GssvuStXQpLQn47_bJj3ocea9mbdKsC4lrY3nNJK6KKNOvx1CfnLdAT2g3iedp7rMI-pd0Qdt-jYRv66H-3dQoJVt7SM6LyFjz0QOGDwN7GyQLbgglkw3xA7ExmyRyMYzsTBEj8YIhF59vhIFOSk:1qh1z5:9bAq4-vaSrfhH-oEzlzsP3VQC22j5tpW8zzZQHBo5OU', '2023-09-29 11:37:19.908922'),
('9nd46bige4mbu34x3zzf0f4ncj9q2ovs', 'YTg5NmY3MGI1ZTAxZGUwNjM1MjdjMzU5MWU5OGI5ZGRmMGYzOWY2Yzp7Il9hdXRoX3VzZXJfaWQiOiIyIiwiX2F1dGhfdXNlcl9oYXNoIjoiZDJjOWFhNTBlODIxZWY1ODgzZDk1OWQ1OWEyZWVkODhjMzMwNmRlOSIsIl9hdXRoX3VzZXJfYmFja2VuZCI6ImRqYW5nby5jb250cmliLmF1dGguYmFja2VuZHMuTW9kZWxCYWNrZW5kIn0=', '2023-05-31 19:25:28.334176'),
('9qj57kpkh2syx5rl7xvs26x2degl8qsf', '.eJxVjMEOwiAQRP-FsyGFLkvx6L3fQFjYStVAUtqT8d9tkx40c5v3Zt7Ch23Nfmu8-DmJq0AjLr8lhfjkcpD0COVeZaxlXWaShyJP2uRYE79up_t3kEPL-3owSlnnuEO0WoE1_aTJsmEAhJgi2ckpB5gM6UGhhk4xAfa8JxkL4vMF1Gk20A:1r610v:fbAs4e1OGxEmnA4wScQH0veHzIo5-BUWpJNUazYO_CA', '2023-12-07 09:38:29.509882'),
('9r16keut4i7qxnktd15p2h7szaimyvdm', 'ODAyZmMyY2QwYTZlNzRiNDkyYTUwNzE3MWJhY2MzZWZiM2IwNjUzODp7Il9hdXRoX3VzZXJfaGFzaCI6ImQyYzlhYTUwZTgyMWVmNTg4M2Q5NTlkNTlhMmVlZDg4YzMzMDZkZTkiLCJfYXV0aF91c2VyX2lkIjoiMiIsIl9hdXRoX3VzZXJfYmFja2VuZCI6ImRqYW5nby5jb250cmliLmF1dGguYmFja2VuZHMuTW9kZWxCYWNrZW5kIn0=', '2023-06-07 15:08:24.696671'),
('9rxe0ehyhof0nl72cxasv8lihzh5kwfl', '.eJxVjMEOwiAQRP-FsyGFLkvx6L3fQFjYStVAUtqT8d9tkx40c5v3Zt7Ch23Nfmu8-DmJq0AjLr8lhfjkcpD0COVeZaxlXWaShyJP2uRYE79up_t3kEPL-3owSlnnuEO0WoE1_aTJsmEAhJgi2ckpB5gM6UGhhk4xAfa8JxkL4vMF1Gk20A:1rElfH:ApNvYBfw-P87P5_lT4H0zNXxU2yxetTh_ogQ-8G5N60', '2023-12-31 13:04:19.550238'),
('9upjn0kdlv92txo6vcatcz928uk5guba', 'MWVhNmVkN2I3MGFhOWQ1YTA0YzNjNmIyMWNkYjc4ZDhhODc0MjBjYzp7Il9hdXRoX3VzZXJfaGFzaCI6IjE4YjczMGZmZjllZjRlZDkyOWIxOGJhNDIxM2ZlNTU5OGNiYTVjMzEiLCJfYXV0aF91c2VyX2JhY2tlbmQiOiJkamFuZ28uY29udHJpYi5hdXRoLmJhY2tlbmRzLk1vZGVsQmFja2VuZCIsIl9hdXRoX3VzZXJfaWQiOiI2MiJ9', '2023-08-16 17:30:36.394116'),
('9xriu1p7q9qeijpyh2wn47bn7wi65la3', '.eJxVjDsOwjAQBe_iGln2-hdT0nMGa71e4wCKpXwqxN0hUgpo38y8l0i4rS1tC89pLOIsPIjT75iRHjztpNxxunVJfVrnMctdkQdd5LUXfl4O9--g4dK-tTGkbWBAjQxOAXtU3lGoJpPBCD4UYCyWbPRKVx9jjVDqoIdMRC6K9wcE5jg6:1sPwde:ssr1psOHWPTiXi0Kq6PCiJQnjmeBzv6n9SOYo6aGPg8', '2024-07-20 09:33:06.506982'),
('ab5l4nspmoreq0t8ljn7xkw0f2ec2fbf', 'MzdkM2I2NmFlNjYxYzk0MWQ3OTc0NmM0ODJmMWY1MmM4MmE2NzNmYzp7Il9hdXRoX3VzZXJfaWQiOiIyIiwiX2F1dGhfdXNlcl9iYWNrZW5kIjoiZGphbmdvLmNvbnRyaWIuYXV0aC5iYWNrZW5kcy5Nb2RlbEJhY2tlbmQiLCJfYXV0aF91c2VyX2hhc2giOiJkMmM5YWE1MGU4MjFlZjU4ODNkOTU5ZDU5YTJlZWQ4OGMzMzA2ZGU5In0=', '2023-06-20 17:48:12.110211'),
('afntf49wdrn0jexb847s3opds43c7qnp', '.eJxVjEEOwiAQAP_C2ZCyFQoevfuGZpdlpWogKe3J-HdD0oNeZybzVjPuW573ltZ5YXVRVp1-GWF8ptIFP7Dcq461bOtCuif6sE3fKqfX9Wj_Bhlb7luJxokbcfDkMIwoQ3Cc2Ap5mIwLBJaM9wlwAuZ4JgiCPgAxoJioPl_1pjia:1pwGNQ:X08QavL-sKdTK2qijj_NiXrU7OMFN4Jt6pROtnLUxbs', '2023-05-23 11:29:08.775227'),
('aj9u0sjia5dy17j8n99o58s9in1s3fmk', 'NzJhZmU0Nzc0NmFhMTgyNzc3M2JkN2NhOTIxNTg1MzE2MjhhMjI2ODp7Il9hdXRoX3VzZXJfYmFja2VuZCI6ImRqYW5nby5jb250cmliLmF1dGguYmFja2VuZHMuTW9kZWxCYWNrZW5kIiwiX2F1dGhfdXNlcl9oYXNoIjoiZmI4ODU2MDMzNGM0MGNkYjZlZDk1NDY0NDY3NjkwYmE2NjYxOWQ4ZCIsIl9hdXRoX3VzZXJfaWQiOiI3In0=', '2023-02-27 17:46:10.582490'),
('ajge6cg2f98917wy3e1206kug3gpusxd', '.eJxVjMEOwiAQRP-FsyGFLkvx6L3fQFjYStVAUtqT8d9tkx40c5v3Zt7Ch23Nfmu8-DmJq0AjLr8lhfjkcpD0COVeZaxlXWaShyJP2uRYE79up_t3kEPL-3owSlnnuEO0WoE1_aTJsmEAhJgi2ckpB5gM6UGhhk4xAfa8JxkL4vMF1Gk20A:1r5gbq:rE-oXnQeTt6PMqiwXUyHqFNDfhw-pqGdKHgrc1Khd8Q', '2023-12-06 11:51:14.322170'),
('amq1juqrvxtrfdz2o9hi6dqo0ihkc30a', '.eJxVjMEOwiAQRP-FsyGFLkvx6L3fQFjYStVAUtqT8d9tkx40c5v3Zt7Ch23Nfmu8-DmJq0AjLr8lhfjkcpD0COVeZaxlXWaShyJP2uRYE79up_t3kEPL-3owSlnnuEO0WoE1_aTJsmEAhJgi2ckpB5gM6UGhhk4xAfa8JxkL4vMF1Gk20A:1qsgj8:4TLMqQhH1cNUnzRZvOy19o6dgFKsEgvnlq3j7oDBQYc', '2023-10-31 15:21:02.355653'),
('aohkq7xcmtf2rhwnx2fovc6onnlcc78z', 'ODAyZmMyY2QwYTZlNzRiNDkyYTUwNzE3MWJhY2MzZWZiM2IwNjUzODp7Il9hdXRoX3VzZXJfaGFzaCI6ImQyYzlhYTUwZTgyMWVmNTg4M2Q5NTlkNTlhMmVlZDg4YzMzMDZkZTkiLCJfYXV0aF91c2VyX2lkIjoiMiIsIl9hdXRoX3VzZXJfYmFja2VuZCI6ImRqYW5nby5jb250cmliLmF1dGguYmFja2VuZHMuTW9kZWxCYWNrZW5kIn0=', '2023-06-01 12:09:09.246207'),
('asjyzdmmj7brba1agwmvpvsa9xil4c2z', '.eJxVjEEOwiAQRe_C2pACMoBL9z0DmYGpVA0kpV0Z765NutDtf-_9l4i4rSVunZc4Z3ERoMXpdyRMD647yXestyZTq-syk9wVedAux5b5eT3cv4OCvXxr8kRZWyRHOWhGQGQ0xpnJKmIVnHIWhwkBgleG2SetmWFAOkNwAcT7AzXJOJs:1qodS6:QOaXJaP3HtSJoXN9TgoOevgJWdDal3nCXPT7KKttgog', '2023-10-20 11:02:42.587265'),
('at70q61pkwvh3txk2pvaqerb4q9ckj08', '.eJxVjEEOwiAQRe_C2pACMoBL9z0DmYGpVA0kpV0Z765NutDtf-_9l4i4rSVunZc4Z3ERoMXpdyRMD647yXestyZTq-syk9wVedAux5b5eT3cv4OCvXxr8kRZWyRHOWhGQGQ0xpnJKmIVnHIWhwkBgleG2SetmWFAOkNwAcT7AzXJOJs:1qrX9T:JMhR2IhlHWNI2qIrsWxnMBm6NmbDK83eNue7beQltrE', '2023-10-28 10:55:27.189357'),
('b4df426v80lmee3ydpnka5vnbtypccpi', 'MWY3OTVlOWZmMjUzOTY4YWRlMzc5ZmY5MGM0YzE2MGFjMTVmNDk0MDp7Il9hdXRoX3VzZXJfaWQiOiIxIiwiX2F1dGhfdXNlcl9oYXNoIjoiMThiNzMwZmZmOWVmNGVkOTI5YjE4YmE0MjEzZmU1NTk4Y2JhNWMzMSIsIl9hdXRoX3VzZXJfYmFja2VuZCI6ImRqYW5nby5jb250cmliLmF1dGguYmFja2VuZHMuTW9kZWxCYWNrZW5kIn0=', '2023-08-16 17:17:35.209794'),
('b56w96qkpmmtafl80i9thnx20rdhiwsc', '.eJxVjMEOwiAQRP-FsyEFLBSP3v0GssvuStXQpLQn47_bJj3ocea9mbdKsC4lrY3nNJK6KKNOvx1CfnLdAT2g3iedp7rMI-pd0Qdt-jYRv66H-3dQoJVt7SM6LyFjz0QOGDwN7GyQLbgglkw3xA7ExmyRyMYzsTBEj8YIhF59vhIFOSk:1rCtvW:_RiM-tyJuKbvPPZgsb3BtrMGE4WUjrQ7c1U0t-9JyCg', '2023-12-26 09:29:22.675524'),
('b78qq0dcadgs105v0jfql4hsw5bb7rl6', 'eyJfcGFzc3dvcmRfcmVzZXRfdG9rZW4iOiJjYzV0bG4tZWE3NTQzY2NjYzhmOWM2ZDQwNGU1NTczNWI5N2Q0NDEifQ:1sh1Qg:ZdMj6MnC_6coutmEKcoPpvLvKRzmeexJJuhkWQr7VL0', '2024-09-05 12:06:18.487920'),
('b7u04xpta98safvc74dzul4yqo5nuedr', '.eJxVjEEOwiAQRe_C2pACMoBL9z0DmYGpVA0kpV0Z765NutDtf-_9l4i4rSVunZc4Z3ERoMXpdyRMD647yXestyZTq-syk9wVedAux5b5eT3cv4OCvXxr8kRZWyRHOWhGQGQ0xpnJKmIVnHIWhwkBgleG2SetmWFAOkNwAcT7AzXJOJs:1rLF9V:CjTrjobg7NQaVMeVMkHBr-FX-cgAK4uWWwz8ic-ci2w', '2024-01-18 09:46:17.028563'),
('bbd1t3yvso6i8khi3dy92kwkom6epft0', '.eJxVjDsOwjAQBe_iGln2Ov5R0nMGa-1dkwCKpTipEHeHSCmgfTPzXiLhto5p67ykicRZGGO1OP3OGcuD553RHedbk6XN6zJluSvyoF1eG_Hzcrh_ByP28VtXV0ME1mAUFJMRGaKz2sJQlQscyQ-WvIlcPdSC1jEhBHSRsyarqnh_AEynOKw:1rCcXc:N_HnCxsELkdEPY9-qEklSivb32B0qlnv0mqbGDp7Rc0', '2023-12-25 14:55:32.131881'),
('bd5m3rk7o20idvzaqsbgrl1by9wqgajd', 'ZDgyOWVmZmM0YThmNDM5NTc0ZjRjMjQwMmNjMGQzNDFkMjk5YjJhOTp7Il9hdXRoX3VzZXJfaWQiOiI2MiIsIl9hdXRoX3VzZXJfaGFzaCI6ImY4MzMxYmU3YmEwNGJlZmQ2YjA4YjkxZjJlOGNjOTVhNThiYTE2ZTMiLCJfYXV0aF91c2VyX2JhY2tlbmQiOiJkamFuZ28uY29udHJpYi5hdXRoLmJhY2tlbmRzLk1vZGVsQmFja2VuZCJ9', '2023-07-31 14:29:28.000437'),
('bfj23kpm5ibzxg972gc3vzg7ejvwg6la', '.eJxVjE0OwiAYBe_C2hCggYJL956B8P0gVQNJaVeNd7dNutDtm5m3iZjWpcS18xwnElcxDF6Ly-8MCV9cD0bPVB9NYqvLPIE8FHnSLu-N-H073b-DknrZa2DvOFvPxhF4yzZnMiNqtqSVouBd0Iy8a2iJwGafFBiEUbkwIKH4fAGJozoB:1sI0DE:pgNXyFq-SuKrGBvpAF6x_wfhGjSCfFyxeNLsYwX4rfA', '2024-06-28 11:45:00.592118'),
('bfx9a3onh4oyuj573tdkyfvxep9g7005', '.eJxVjMEOwiAQRP-FsyGFLkvx6L3fQFjYStVAUtqT8d9tkx40c5v3Zt7Ch23Nfmu8-DmJq0AjLr8lhfjkcpD0COVeZaxlXWaShyJP2uRYE79up_t3kEPL-3owSlnnuEO0WoE1_aTJsmEAhJgi2ckpB5gM6UGhhk4xAfa8JxkL4vMF1Gk20A:1rKyl2:oi8v2e_ScDC4ISiUuD7fFYv1FQlE8CYi-tIMobYGRQs', '2024-01-17 16:15:56.735590'),
('brg9xrapzzg7q45zygxj8mgntih1w6f3', '.eJxVjMEOwiAQRP-FsyGFLkvx6L3fQFjYStVAUtqT8d9tkx40c5v3Zt7Ch23Nfmu8-DmJq0AjLr8lhfjkcpD0COVeZaxlXWaShyJP2uRYE79up_t3kEPL-3owSlnnuEO0WoE1_aTJsmEAhJgi2ckpB5gM6UGhhk4xAfa8JxkL4vMF1Gk20A:1rTc4s:b-oHdGUVRjJkkWFNII7grKLntxUVxllVRzgk2rP0E9c', '2024-02-10 11:52:06.474908'),
('c0jcu8tqmhb54m25rm5wk6r8372dzv7i', 'YzgyMGJhZjIzODc5NTcxNzk4ZTcyYTE2ZGZjZGNkNjhmMjk1YzMyOTp7Il9hdXRoX3VzZXJfaGFzaCI6IjE4YjczMGZmZjllZjRlZDkyOWIxOGJhNDIxM2ZlNTU5OGNiYTVjMzEiLCJfYXV0aF91c2VyX2lkIjoiMSIsIl9hdXRoX3VzZXJfYmFja2VuZCI6ImRqYW5nby5jb250cmliLmF1dGguYmFja2VuZHMuTW9kZWxCYWNrZW5kIn0=', '2023-08-25 13:50:49.274540'),
('c4mbfv1mi2t3hw2hbf33xsb0hm8rskzm', 'ODAyZmMyY2QwYTZlNzRiNDkyYTUwNzE3MWJhY2MzZWZiM2IwNjUzODp7Il9hdXRoX3VzZXJfaGFzaCI6ImQyYzlhYTUwZTgyMWVmNTg4M2Q5NTlkNTlhMmVlZDg4YzMzMDZkZTkiLCJfYXV0aF91c2VyX2lkIjoiMiIsIl9hdXRoX3VzZXJfYmFja2VuZCI6ImRqYW5nby5jb250cmliLmF1dGguYmFja2VuZHMuTW9kZWxCYWNrZW5kIn0=', '2023-05-27 16:10:48.780893'),
('c6aan93dg2jws2f9x61x3vqhvm7w281d', '.eJxVjMEOwiAQRP-FsyFdkFY8eu83kGWXlaqhSWlPxn-XJj3oaZJ5b-atAm5rDltNS5hYXZU13qvTbx2RnqnsjB9Y7rOmuazLFPWu6INWPc6cXrfD_TvIWHNbGxrEGkEHLAOI2M4lZgsQO4cXApKWPRpEIQDrnUNK0BD73pwTqc8Xdkw5Rw:1qkzVa:HLd-GUgf143Vczldhd0z73a0djmtLIFUIh6QHKK5X7g', '2023-10-10 09:47:14.995031'),
('c7iyq3yju0zcxmtsz7zjsh6v5sw49o1c', 'NDdiYWJjNjQyNjFkN2YyZGYwMjJlNTQ1ZDcwYzU0YWZjZGEzYTIzZjp7Il9hdXRoX3VzZXJfaGFzaCI6ImVjNDY1YzQ1OGEwZjIzMmE5MTNmMmE4MjAzNmE3MTNiYzUwZjEzMzYiLCJfYXV0aF91c2VyX2lkIjoiNSIsIl9hdXRoX3VzZXJfYmFja2VuZCI6ImRqYW5nby5jb250cmliLmF1dGguYmFja2VuZHMuTW9kZWxCYWNrZW5kIn0=', '2023-06-28 10:43:18.795618'),
('cf559h4a20x06ojn08ugwoeug23tm54i', 'eyJfcGFzc3dvcmRfcmVzZXRfdG9rZW4iOiJjY2trejMtMDA4YTAzOTczMzRhMzRhNjliNWNhYmVmMjZmOTU4MjMifQ:1sjuZz:ftfbZU3GneecBPpVOSicy0FhxjMyXz88VW_D3woJLcE', '2024-09-13 11:23:51.562294'),
('cn09ls4dymh7klwyv0o6gja0l0owzys3', '.eJxVjMEOwiAQRP-FsyGFLkvx6L3fQFjYStVAUtqT8d9tkx40c5v3Zt7Ch23Nfmu8-DmJq0AjLr8lhfjkcpD0COVeZaxlXWaShyJP2uRYE79up_t3kEPL-3owSlnnuEO0WoE1_aTJsmEAhJgi2ckpB5gM6UGhhk4xAfa8JxkL4vMF1Gk20A:1r5HV0:Kc0shDznHHNoUWLcs2SgB0fGCAafvJZNomjZ-ktyVtg', '2023-12-05 09:02:30.998618'),
('cq461fk3v6n223csrl5qowh7wxq54w3f', '.eJxVjMEOwiAQRP-FsyGFLkvx6L3fQFjYStVAUtqT8d9tkx40c5v3Zt7Ch23Nfmu8-DmJq0AjLr8lhfjkcpD0COVeZaxlXWaShyJP2uRYE79up_t3kEPL-3owSlnnuEO0WoE1_aTJsmEAhJgi2ckpB5gM6UGhhk4xAfa8JxkL4vMF1Gk20A:1qyq8C:inl88ioqDszFdc4MHzRLR3PyXorFHVqAuRSMpbbRi_g', '2023-11-17 14:36:20.341806'),
('czd559yc18fwg8czg2pvydnon0ovpt9o', '.eJxVjMsOwiAQRf-FtSG8BOrSvd_QzAyDVA0kpV0Z_92QdKHbe865bzHDvpV577zOSxIX4Y04_Y4I9OQ6SHpAvTdJrW7rgnIo8qBd3lri1_Vw_w4K9DJqhOwVBT8ZAzlbYsreJqTAaGLQzHpC7UCjshqiMsTOeXv2NoIjSOLzBToFOOE:1qkf3X:QgHCzfjpa1L8JBTl4gsKDx1HHQcE0Bcd4UdaGg-EKgU', '2023-10-09 11:56:55.494215'),
('d39jmy759esve615xv3zmn47tkwjh54z', '.eJxVjMEOwiAQRP-FsyGFLkvx6L3fQFjYStVAUtqT8d9tkx40c5v3Zt7Ch23Nfmu8-DmJq0AjLr8lhfjkcpD0COVeZaxlXWaShyJP2uRYE79up_t3kEPL-3owSlnnuEO0WoE1_aTJsmEAhJgi2ckpB5gM6UGhhk4xAfa8JxkL4vMF1Gk20A:1rKaF2:pYh7ioqy65cnCPYxMZ5WvCsBsnqM_RcANLpfoRp3bqU', '2024-01-16 14:05:16.739805');
INSERT INTO `django_session` (`session_key`, `session_data`, `expire_date`) VALUES
('d62n1q54abexnflzqjzocdn3twmdt1i3', '.eJxVjMEOwiAQRP-FsyGFLkvx6L3fQFjYStVAUtqT8d9tkx40c5v3Zt7Ch23Nfmu8-DmJq0AjLr8lhfjkcpD0COVeZaxlXWaShyJP2uRYE79up_t3kEPL-3owSlnnuEO0WoE1_aTJsmEAhJgi2ckpB5gM6UGhhk4xAfa8JxkL4vMF1Gk20A:1r0doo:fBGK7fNK2L2vfG-tYJM8cSvfTpUiP0T2p49ejE1aSE4', '2023-11-22 13:51:46.397390'),
('d6emvw27mhwzvf1hn2rqxnu80j6a9aql', 'eyJfcGFzc3dvcmRfcmVzZXRfdG9rZW4iOiJjYzVvY20tYjVkOTE0YzUwNmMxZmJjNjg1MzFkMjg0OGI2YjQ0Y2MifQ:1sgzeq:v_KUKC8xfrGkqqIB6hCcLAHjG67FgL9_287zEjvIe0Q', '2024-09-05 10:12:48.993383'),
('d86xbk7tw4wim77qhvrw7yccy7qxm0fz', '.eJxVjEEOwiAQRe_C2pACMoBL9z0DmYGpVA0kpV0Z765NutDtf-_9l4i4rSVunZc4Z3ERoMXpdyRMD647yXestyZTq-syk9wVedAux5b5eT3cv4OCvXxr8kRZWyRHOWhGQGQ0xpnJKmIVnHIWhwkBgleG2SetmWFAOkNwAcT7AzXJOJs:1qnscJ:n6KmS_OIn-KqnEW3lKd6BYd8cjS6f25pv27Atn-dt6s', '2023-10-18 09:02:07.819032'),
('d87v3a0zgeshxp82omy0f2jdepilyl4t', '.eJxVjEEOwiAQRe_C2hCKUBiX7nsGMjOAVA0kpV0Z765NutDtf-_9lwi4rSVsPS1hjuIiRi1OvyMhP1LdSbxjvTXJra7LTHJX5EG7nFpMz-vh_h0U7OVbn5XhwVm0oF3MRIkzsfMIhAMxJ6PZaAU-EkQP1igYMxilrc-sEinx_gAmVDic:1sR34U:JCnZCG_HjlCD0sxJNnjwyZBpGMzZIVtpazoZFSg3kfk', '2024-07-23 10:37:22.287991'),
('d8zg39b6c67nn1874rhnwoiyz7htsgyk', '.eJxVjMEOwiAQRP-FsyGFLkvx6L3fQFjYStVAUtqT8d9tkx40c5v3Zt7Ch23Nfmu8-DmJq0AjLr8lhfjkcpD0COVeZaxlXWaShyJP2uRYE79up_t3kEPL-3owSlnnuEO0WoE1_aTJsmEAhJgi2ckpB5gM6UGhhk4xAfa8JxkL4vMF1Gk20A:1qsIZb:3DPKusT6DXkOCYLMwPV1en5tvItafbq26c31lZuzcJs', '2023-10-30 13:33:35.803760'),
('d9crlvajjepfow5nmx8wnqpdopbpqane', 'eyJfcGFzc3dvcmRfcmVzZXRfdG9rZW4iOiJjY2tua3MtMmRlMmQxNDllY2YyOGJjYTBiZjE1ZmM4NWFlZjFmYmIifQ:1sjvT9:7uH6yyUOqIQa_jHEyOHI2YVW3TcL6sRt16BJ9-e99xQ', '2024-09-13 12:20:51.970325'),
('d9v6m882eegq3ygmp2jls2q382lrup5s', '.eJxVjMEOwiAQRP-FsyGFLkvx6L3fQFjYStVAUtqT8d9tkx40c5v3Zt7Ch23Nfmu8-DmJq0AjLr8lhfjkcpD0COVeZaxlXWaShyJP2uRYE79up_t3kEPL-3owSlnnuEO0WoE1_aTJsmEAhJgi2ckpB5gM6UGhhk4xAfa8JxkL4vMF1Gk20A:1qzqcO:l564J0YavhTK0pQqz6sLrWYd7tMhmxKDI9l9YR5MWFc', '2023-11-20 09:19:40.552002'),
('de0c8hu2x2ojbbi9gqtupj3t2ksnskyd', '.eJxVjMsOwiAQRf-FtSG8BOrSvd_QzAyDVA0kpV0Z_92QdKHbe865bzHDvpV577zOSxIX4Y04_Y4I9OQ6SHpAvTdJrW7rgnIo8qBd3lri1_Vw_w4K9DJqhOwVBT8ZAzlbYsreJqTAaGLQzHpC7UCjshqiMsTOeXv2NoIjSOLzBToFOOE:1qkiaF:M3IQ05g_fzSunLlkw8ZxsSescyt4gEKS8Y-ej-uPPcY', '2023-10-09 15:42:55.784329'),
('de5e1o4in8t8uw62ljgugw2ztk2199i6', '.eJxVjEEOwiAQRe_C2pACMoBL9z0DmYGpVA0kpV0Z765NutDtf-_9l4i4rSVunZc4Z3ERoMXpdyRMD647yXestyZTq-syk9wVedAux5b5eT3cv4OCvXxr8kRZWyRHOWhGQGQ0xpnJKmIVnHIWhwkBgleG2SetmWFAOkNwAcT7AzXJOJs:1rLmfy:bb2y918G6dtbYLcRUF3igGexOCC1c4mBwAAHKll9LVw', '2024-01-19 21:34:02.493719'),
('debzrsf6swysim0k84g6ofxo0lfl5s9j', '.eJxVjMEOwiAQRP-FsyFdkFY8eu83kGWXlaqhSWlPxn-XJj3oaZJ5b-atAm5rDltNS5hYXZU13qvTbx2RnqnsjB9Y7rOmuazLFPWu6INWPc6cXrfD_TvIWHNbGxrEGkEHLAOI2M4lZgsQO4cXApKWPRpEIQDrnUNK0BD73pwTqc8Xdkw5Rw:1qkzPK:9xzWqHHuE4VX-v6AlclNUbreB-4MH5j7NNZJcvOAcy0', '2023-10-10 09:40:46.783831'),
('deif2ug77teaxgvrbnwzex5v19u0uqqn', '.eJxVjEEOwiAQRe_C2pCO48Dg0r1nIMCAVA1NSrsy3l2bdKHb_977L-XDulS_9jz7UdRZ4Wmw6vA7x5AeuW1M7qHdJp2mtsxj1Juid9r1dZL8vOzu30ENvX7rwYhkkwkFIVGEiE4KMEU2BYGNEwcUCMSVYh1BwaPhVJDROiYO6v0BVJE4CQ:1skKU4:YPJ5_afWhcX4vsBtt_Jqx55RNRYsf0HLdsfdndl0Jh4', '2024-09-14 15:03:28.996916'),
('df1ohkin8138szsut7my20xh36hi0u3h', 'MTMzMjFlZjA4NDVkODQzYTVmY2FlZmQ5YzQ5N2QwMTQ2ZWM0YmVlZjp7Il9hdXRoX3VzZXJfaGFzaCI6ImVjNDY1YzQ1OGEwZjIzMmE5MTNmMmE4MjAzNmE3MTNiYzUwZjEzMzYiLCJfYXV0aF91c2VyX2JhY2tlbmQiOiJkamFuZ28uY29udHJpYi5hdXRoLmJhY2tlbmRzLk1vZGVsQmFja2VuZCIsIl9hdXRoX3VzZXJfaWQiOiI1In0=', '2023-07-06 15:54:50.263915'),
('dhdrmgyuytw5h8pgiwltnxikm3jxyavx', '.eJxVjMEOwiAQRP-FsyGFLkvx6L3fQFjYStVAUtqT8d9tkx40c5v3Zt7Ch23Nfmu8-DmJq0AjLr8lhfjkcpD0COVeZaxlXWaShyJP2uRYE79up_t3kEPL-3owSlnnuEO0WoE1_aTJsmEAhJgi2ckpB5gM6UGhhk4xAfa8JxkL4vMF1Gk20A:1rE169:B7Zf5mzUyOp8lEPJLEBF5HkaAKlu4bp_k3j6H5TAJsU', '2023-12-29 11:20:57.089233'),
('dic4g964syag7augu07ehj6x836nkadh', '.eJxVjMsOgjAUBf-la9NAb2jBpXu_gdynRU1JKKyI_25IWOj2zMzZ3Yjbmset6jJO4q4OIHbu8jsT8kvLweSJ5TF7nsu6TOQPxZ-0-vss-r6d7t9BxpqPuh96I23ZtBVjiA2TNsEkgg2JVTpA40iBKGifUkiA2DAKRREmc58votY63A:1rGWKK:QF5xJthyYDkOTOeNq_oRCHTwoH5nn5S4nHjxlLZGCHY', '2024-01-05 09:05:56.041956'),
('dlk92sl0e76fnjgfpcfx1l085ogqqz8q', 'YzNlYzkxMzNiZTAzNjIwZWE5MWNkOTA3NDNkMGNiNGI5MTNjMjFlNzp7Il9hdXRoX3VzZXJfaGFzaCI6IjgxZjRmNzM2MmE0NzZmNDJkMzQwMTAwZGM0NTdkNDBhODY5MGZlNjIiLCJfYXV0aF91c2VyX2lkIjoiMiIsIl9hdXRoX3VzZXJfYmFja2VuZCI6ImRqYW5nby5jb250cmliLmF1dGguYmFja2VuZHMuTW9kZWxCYWNrZW5kIn0=', '2023-07-05 10:40:49.153023'),
('douk1avyef6gsvdv4bil7e2u85iyzoqq', 'MjFiMjllNzk4YmY5NmE5NTQ5YzFlYmQ3OGFhZjJlNzdiZGNiOWI1Zjp7Il9hdXRoX3VzZXJfaWQiOiI2MiIsIl9hdXRoX3VzZXJfaGFzaCI6IjE4YjczMGZmZjllZjRlZDkyOWIxOGJhNDIxM2ZlNTU5OGNiYTVjMzEiLCJfYXV0aF91c2VyX2JhY2tlbmQiOiJkamFuZ28uY29udHJpYi5hdXRoLmJhY2tlbmRzLk1vZGVsQmFja2VuZCJ9', '2023-08-31 21:24:56.862266'),
('dpzqfue2mrz31xos715k5ku3ro34tlpm', 'MzdkM2I2NmFlNjYxYzk0MWQ3OTc0NmM0ODJmMWY1MmM4MmE2NzNmYzp7Il9hdXRoX3VzZXJfaWQiOiIyIiwiX2F1dGhfdXNlcl9iYWNrZW5kIjoiZGphbmdvLmNvbnRyaWIuYXV0aC5iYWNrZW5kcy5Nb2RlbEJhY2tlbmQiLCJfYXV0aF91c2VyX2hhc2giOiJkMmM5YWE1MGU4MjFlZjU4ODNkOTU5ZDU5YTJlZWQ4OGMzMzA2ZGU5In0=', '2023-06-07 10:10:15.293656'),
('dr6yr5vyeo7m9k1nkioadhqjbyek9qt5', '.eJxVjDsOwjAQRO_iGlk2iX-U9JzBWnt3cQDZUpxUiLuTSCmgGmnem3mLCOtS4tppjhOKi7BGnH7LBPlJdSf4gHpvMre6zFOSuyIP2uWtIb2uh_t3UKCXbR2UHj3ZwZlhS3I8MgdvlQ5svELQgCllQx4x8EAqMWSb1FkxsyNvxecLCvc45g:1t3TK7:19IAfJ76qF6WnceL-05kk3TRf3uE6ptjxfpCwoBw_Qs', '2024-11-06 10:20:19.961013'),
('dyj6hmavcbjr6pj7zxwr2yxt9zy7kr90', '.eJxVjMEOwiAQRP-FsyGFLkvx6L3fQFjYStVAUtqT8d9tkx40c5v3Zt7Ch23Nfmu8-DmJq0AjLr8lhfjkcpD0COVeZaxlXWaShyJP2uRYE79up_t3kEPL-3owSlnnuEO0WoE1_aTJsmEAhJgi2ckpB5gM6UGhhk4xAfa8JxkL4vMF1Gk20A:1rRmFZ:fiqSUky4432A_l_ezBocLDFa8sRcLUprCqlVNAnRgAc', '2024-02-05 10:19:33.172957'),
('dyr2bt0wlwzqha165ae75938696kwaj8', '.eJxVjDsOwjAQBe_iGln2Ov5R0nMGa-1dkwCKpTipEHeHSCmgfTPzXiLhto5p67ykicRZGGO1OP3OGcuD553RHedbk6XN6zJluSvyoF1eG_Hzcrh_ByP28VtXV0ME1mAUFJMRGaKz2sJQlQscyQ-WvIlcPdSC1jEhBHSRsyarqnh_AEynOKw:1r7ZOj:9fwUlcOEsxEeN_vblOwbktufFuIRr0N0AGYOiKomzWM', '2023-12-11 16:33:29.892708'),
('dztw36a7l9fbngamegma7ffq2kvo8y2s', '.eJxVjMEOwiAQRP-FsyGFLkvx6L3fQFjYStVAUtqT8d9tkx40c5v3Zt7Ch23Nfmu8-DmJq0AjLr8lhfjkcpD0COVeZaxlXWaShyJP2uRYE79up_t3kEPL-3owSlnnuEO0WoE1_aTJsmEAhJgi2ckpB5gM6UGhhk4xAfa8JxkL4vMF1Gk20A:1qyURi:XmEHHdRpnolerSi34_TMSkeJNQHhK-_X6I5_PaQgdMA', '2023-11-16 15:27:02.560413'),
('e2hu8z567s6t0y8z3tem20azntb4lfiy', '.eJxVjMsOwiAQRf-FtSEMD6Eu3fcbyAwDUjU0Ke3K-O_apAvd3nPOfYmI21rj1vMSJxYXAeL0uxGmR2474Du22yzT3NZlIrkr8qBdjjPn5_Vw_w4q9vqtXUBr4EyIxYYCZHkozAiovVElBZ210wRZqcGjRacSmUAGPAVvik3i_QHyYjgY:1sFQZq:SlMghw_bW0E1Wg3HdS4oySqb3yanSD-BSGKuYXgaqvo', '2024-06-21 09:17:42.707553'),
('e7iq0nxp2tik8bl3usjywhxi49vnor0y', 'MWFmZDllNWExMzRhZGMzMGE1NjgxYzdlYTMyMmE0NWNmNmU0YmMyYTp7Il9hdXRoX3VzZXJfaGFzaCI6IjgxZjRmNzM2MmE0NzZmNDJkMzQwMTAwZGM0NTdkNDBhODY5MGZlNjIiLCJfYXV0aF91c2VyX2JhY2tlbmQiOiJkamFuZ28uY29udHJpYi5hdXRoLmJhY2tlbmRzLk1vZGVsQmFja2VuZCIsIl9hdXRoX3VzZXJfaWQiOiIyIn0=', '2023-06-30 15:15:40.633766'),
('e8jtc1h7ih3d0vjve59yqpm9hftxgrj8', '.eJxVjEEOwiAQRe_C2pACMoBL9z0DmYGpVA0kpV0Z765NutDtf-_9l4i4rSVunZc4Z3ERoMXpdyRMD647yXestyZTq-syk9wVedAux5b5eT3cv4OCvXxr8kRZWyRHOWhGQGQ0xpnJKmIVnHIWhwkBgleG2SetmWFAOkNwAcT7AzXJOJs:1r7pBC:EASm0PvGwsqijklMLnuBpXbMh9RGKv9hYeeTjybkfyg', '2023-12-12 09:24:34.690832'),
('e90e8n7mdlen8dbik2aanbxn6fdluwj6', 'NWVjMzYxY2M1YzUyYzUxZDVhMDIwNjc3MDQ5OTcwMmI1OWU5NzM2ODp7Il9hdXRoX3VzZXJfaWQiOiIyIiwiX2F1dGhfdXNlcl9oYXNoIjoiODFmNGY3MzYyYTQ3NmY0MmQzNDAxMDBkYzQ1N2Q0MGE4NjkwZmU2MiIsIl9hdXRoX3VzZXJfYmFja2VuZCI6ImRqYW5nby5jb250cmliLmF1dGguYmFja2VuZHMuTW9kZWxCYWNrZW5kIn0=', '2023-07-05 16:07:25.331652'),
('eeux6fz0ej9kaami9twfmvu3tbf299j7', '.eJxVjEEOwiAQRe_C2hCgRQaX7nsGMgwzUjVtUtqV8e7apAvd_vfef6mE21rT1nhJY1EXZdXpd8tID552UO443WZN87QuY9a7og_a9DAXfl4P9--gYqvfOgvbAMghZwDvIpQzQodexNpIZGJvyLnOhCjRxyBkxQT2HAQcFejV-wPujDf3:1pp1HS:fVaD_XEmAzKOzIwFfW90AuczQymO8-clJBLXoTVWyoA', '2023-05-03 11:57:02.513781'),
('ef0yef0z7e9eedjy3050218vci5flilj', '.eJxVjEEOwiAQAP_C2ZCyFQoevfuGZpdlpWogKe3J-HdD0oNeZybzVjPuW573ltZ5YXVRVp1-GWF8ptIFP7Dcq461bOtCuif6sE3fKqfX9Wj_Bhlb7luJxokbcfDkMIwoQ3Cc2Ap5mIwLBJaM9wlwAuZ4JgiCPgAxoJioPl_1pjia:1px1Dm:ULqk8JMZwgNaVOWgb7u5XuL_36awXTvt_aEZ7kk-hd0', '2023-05-25 13:30:18.938545'),
('eghn1vuyk5nni6zo93q516px4agkfxyi', 'MjkwOTdhN2MzZjg0ZDhjNDNiMWQyMzlhOWE2YTI4YWNmMmI1Yjc3NTp7Il9hdXRoX3VzZXJfYmFja2VuZCI6ImRqYW5nby5jb250cmliLmF1dGguYmFja2VuZHMuTW9kZWxCYWNrZW5kIiwiX2F1dGhfdXNlcl9pZCI6IjIiLCJfYXV0aF91c2VyX2hhc2giOiI4MWY0ZjczNjJhNDc2ZjQyZDM0MDEwMGRjNDU3ZDQwYTg2OTBmZTYyIn0=', '2023-07-05 10:20:29.116372'),
('egm25lz5akm487n4t6tjce4adse4fwuz', 'MzdkM2I2NmFlNjYxYzk0MWQ3OTc0NmM0ODJmMWY1MmM4MmE2NzNmYzp7Il9hdXRoX3VzZXJfaWQiOiIyIiwiX2F1dGhfdXNlcl9iYWNrZW5kIjoiZGphbmdvLmNvbnRyaWIuYXV0aC5iYWNrZW5kcy5Nb2RlbEJhY2tlbmQiLCJfYXV0aF91c2VyX2hhc2giOiJkMmM5YWE1MGU4MjFlZjU4ODNkOTU5ZDU5YTJlZWQ4OGMzMzA2ZGU5In0=', '2023-06-10 14:22:29.781628'),
('egr8g4yaq3gh25kj0bo796arla4mqch9', '.eJxVjMEOwiAQRP-FsyGFLkvx6L3fQFjYStVAUtqT8d9tkx40c5v3Zt7Ch23Nfmu8-DmJq0AjLr8lhfjkcpD0COVeZaxlXWaShyJP2uRYE79up_t3kEPL-3owSlnnuEO0WoE1_aTJsmEAhJgi2ckpB5gM6UGhhk4xAfa8JxkL4vMF1Gk20A:1qzC0d:HY3yWud-88GwKBHr5yPdYPPOLGrW6f1iN1ZQzBApPdc', '2023-11-18 13:57:59.884678'),
('eipu9rjk9axnt3zba9glmpgfqk928mn6', 'NDdiYWJjNjQyNjFkN2YyZGYwMjJlNTQ1ZDcwYzU0YWZjZGEzYTIzZjp7Il9hdXRoX3VzZXJfaGFzaCI6ImVjNDY1YzQ1OGEwZjIzMmE5MTNmMmE4MjAzNmE3MTNiYzUwZjEzMzYiLCJfYXV0aF91c2VyX2lkIjoiNSIsIl9hdXRoX3VzZXJfYmFja2VuZCI6ImRqYW5nby5jb250cmliLmF1dGguYmFja2VuZHMuTW9kZWxCYWNrZW5kIn0=', '2023-06-20 18:20:11.823792'),
('ekfclujy0ji7x9rhwr90065rvqv8kc9z', 'M2U2MzE4Nzc1NTNiY2FiMTBjNmQxYzBlYzkyNDE5ZGNiODIwNTBhNTp7Il9hdXRoX3VzZXJfaGFzaCI6IjE4YjczMGZmZjllZjRlZDkyOWIxOGJhNDIxM2ZlNTU5OGNiYTVjMzEiLCJfYXV0aF91c2VyX2lkIjoiNjIiLCJfYXV0aF91c2VyX2JhY2tlbmQiOiJkamFuZ28uY29udHJpYi5hdXRoLmJhY2tlbmRzLk1vZGVsQmFja2VuZCJ9', '2023-08-22 15:40:32.641741'),
('eljcs5gpwv46ks1o75e55kbr5e6p1i9i', '.eJxVjMsOwiAQAP-FsyELS1n06L3f0CwsSNXQpI-T8d9NTQ96nZnMSw28rXXYljwPo6iLQqSgTr84cnrktju5c7tNOk1tnceo90QfdtH9JPl5Pdq_QeWlfs8oBgIVtOCRo3VUQCwyGlOIiUyClNALd2cGyxBsZoLIzoGX1Kn3BzRNN-E:1sS8sG:7mhN-F-egHvktjByXK9Gbz0fBWovyPd9x7HTAJtQ0iQ', '2024-07-26 11:01:16.175697'),
('ephf7glmmngxkrytn8ekck0rjzmt3awj', '.eJxVjEEOwiAQRe_C2pACMoBL9z0DmYGpVA0kpV0Z765NutDtf-_9l4i4rSVunZc4Z3ERoMXpdyRMD647yXestyZTq-syk9wVedAux5b5eT3cv4OCvXxr8kRZWyRHOWhGQGQ0xpnJKmIVnHIWhwkBgleG2SetmWFAOkNwAcT7AzXJOJs:1qm4OE:e6yxtozPLzVav_VDPoskIKnN69iAuVaVFv_IQ2Y070Q', '2023-10-13 09:12:06.453842'),
('f368pkvpgds27pmpkuvoaij212wkzato', 'NWVjMzYxY2M1YzUyYzUxZDVhMDIwNjc3MDQ5OTcwMmI1OWU5NzM2ODp7Il9hdXRoX3VzZXJfaWQiOiIyIiwiX2F1dGhfdXNlcl9oYXNoIjoiODFmNGY3MzYyYTQ3NmY0MmQzNDAxMDBkYzQ1N2Q0MGE4NjkwZmU2MiIsIl9hdXRoX3VzZXJfYmFja2VuZCI6ImRqYW5nby5jb250cmliLmF1dGguYmFja2VuZHMuTW9kZWxCYWNrZW5kIn0=', '2023-06-29 15:57:01.696204'),
('f63zwteo7t0ue22i1glp20v3g92j4w4v', '.eJxVjMEOwiAQRP-FsyGFLkvx6L3fQFjYStVAUtqT8d9tkx40c5v3Zt7Ch23Nfmu8-DmJq0AjLr8lhfjkcpD0COVeZaxlXWaShyJP2uRYE79up_t3kEPL-3owSlnnuEO0WoE1_aTJsmEAhJgi2ckpB5gM6UGhhk4xAfa8JxkL4vMF1Gk20A:1qtkhU:LGgxC1ygi-M4FHEgXZ_DIeEvpOOMgEaNS_6Iad1fZCo', '2023-11-03 13:47:44.358225'),
('fd8cptrk4pejemwshmiysh02icn3nnko', '.eJxVjMsOgjAUBf-la9NAb2jBpXu_gdynRU1JKKyI_25IWOj2zMzZ3Yjbmset6jJO4q4OIHbu8jsT8kvLweSJ5TF7nsu6TOQPxZ-0-vss-r6d7t9BxpqPuh96I23ZtBVjiA2TNsEkgg2JVTpA40iBKGifUkiA2DAKRREmc58votY63A:1rFQhX:mfOiy_o9PAyEOLNk32pTPHAxYlbz7M0a1xG4nrv1UGg', '2024-01-02 08:53:23.563823'),
('feshan8qscn3rn5fi32bxzrpwgaymhca', 'MzdjZTY0YzQ0ZThjZTUyMjRiZTlkZGUzNmRhYWIyNTUyNDUxOGIzMjp7Il9hdXRoX3VzZXJfaWQiOiIxIiwiX2F1dGhfdXNlcl9iYWNrZW5kIjoiZGphbmdvLmNvbnRyaWIuYXV0aC5iYWNrZW5kcy5Nb2RlbEJhY2tlbmQiLCJfYXV0aF91c2VyX2hhc2giOiI2MTUyZmIwM2U3YmZlMTJkYWJiZDQ0NDc4ZDFjYjljNDEwZjU5Yzc2In0=', '2023-05-31 10:07:50.641022'),
('fgyjyaqybtmvbl7nk2ijk8itnilber2x', 'eyJfcGFzc3dvcmRfcmVzZXRfdG9rZW4iOiJjYzV0bG4tZWE3NTQzY2NjYzhmOWM2ZDQwNGU1NTczNWI5N2Q0NDEifQ:1sh1Ro:aduGrcMqzAUjQy50MnxNcag76sDPJz7wypUilzPeAic', '2024-09-05 12:07:28.865578'),
('fkdznba2zimwkwclndu8cvju8koompfk', '.eJxVjEsOwjAMBe-SNYqaxHVTluw5Q2Q7LimgVOpnhbg7VOoCtm9m3ssk2taStkXnNGZzNujN6XdkkofWneQ71dtkZarrPLLdFXvQxV6nrM_L4f4dFFrKtxYfkLFnagg5923UTpkUusgKLjjIGAXBwwAETfQhonjEpnVeZQhi3h8P4TfV:1qjycX:toxlWYwlYo90Mp-8PNf0sy-ZkAYMt4QVlGTM9ERp2n4', '2023-10-07 14:38:13.585882'),
('fn9zdbociymf379sf13q8kzvll5amguh', 'OGY0OWJkNGE4ODQ1ODZjMzA3N2E1NWJmMTI1YzY2MGZkMThlZDE3Yjp7Il9hdXRoX3VzZXJfaWQiOiI2NSIsIl9hdXRoX3VzZXJfYmFja2VuZCI6ImRqYW5nby5jb250cmliLmF1dGguYmFja2VuZHMuTW9kZWxCYWNrZW5kIiwiX2F1dGhfdXNlcl9oYXNoIjoiMThiNzMwZmZmOWVmNGVkOTI5YjE4YmE0MjEzZmU1NTk4Y2JhNWMzMSJ9', '2023-09-28 11:44:48.126917'),
('fnf5f39ttg20fqab4bub45ypnqvt4dsr', '.eJxVjMsOgjAUBf-la9NAb2jBpXu_gdynRU1JKKyI_25IWOj2zMzZ3Yjbmset6jJO4q4OIHbu8jsT8kvLweSJ5TF7nsu6TOQPxZ-0-vss-r6d7t9BxpqPuh96I23ZtBVjiA2TNsEkgg2JVTpA40iBKGifUkiA2DAKRREmc58votY63A:1rMgcE:ElJYW_PNO89KeKesTWM6syb1nc_CV__0efO2rMeOuE4', '2024-01-22 09:17:54.590865'),
('fqw2ar53fmdaqk5y3iztb7othgvlsds6', '.eJxVjEEOwiAQAP_C2ZCyFQoevfuGZpdlpWogKe3J-HdD0oNeZybzVjPuW573ltZ5YXVRVp1-GWF8ptIFP7Dcq461bOtCuif6sE3fKqfX9Wj_Bhlb7luJxokbcfDkMIwoQ3Cc2Ap5mIwLBJaM9wlwAuZ4JgiCPgAxoJioPl_1pjia:1pwMIU:JhZoAkrOWtxdUyZ-KpVt6vEtI-4WT0ZTsPBzJwTzqJk', '2023-05-23 17:48:26.407493'),
('fvyapa67lt4vtf4dnf1d3t9go85vgs0v', 'e30:1sgymP:XXs2WZhHQWgc1pEEB01sj5cdVj4o8UE4r7GemHSTQ54', '2024-09-05 09:16:33.046652'),
('fwjo8ejvn6gdtavq2dvpejcyorhbbysx', '.eJxVjEEOwiAQRe_C2pACMoBL9z0DmYGpVA0kpV0Z765NutDtf-_9l4i4rSVunZc4Z3ERoMXpdyRMD647yXestyZTq-syk9wVedAux5b5eT3cv4OCvXxr8kRZWyRHOWhGQGQ0xpnJKmIVnHIWhwkBgleG2SetmWFAOkNwAcT7AzXJOJs:1qr9C3:y96XCwr4A8_lVZ1fTUG70Tvbs7uI2V8-v7BBy8Q4gyc', '2023-10-27 09:20:31.204761'),
('fxziv0z0400u9t6doh7up0bvr1co1t7j', '.eJxVjMEOwiAQRP-FsyGFLkvx6L3fQFjYStVAUtqT8d9tkx40c5v3Zt7Ch23Nfmu8-DmJq0AjLr8lhfjkcpD0COVeZaxlXWaShyJP2uRYE79up_t3kEPL-3owSlnnuEO0WoE1_aTJsmEAhJgi2ckpB5gM6UGhhk4xAfa8JxkL4vMF1Gk20A:1qsLOH:viVoTeSLN9UV_MD8cPgQgD9077AqZ4LwecbEM7lZaHs', '2023-10-30 16:34:05.154006'),
('g0a9b85q01pwoxsj0tj6nncsp5wusuy8', '.eJxVjDsOwjAQRO_iGlk2iX-U9JzBWnt3cQDZUpxUiLuTSCmgGmnem3mLCOtS4tppjhOKi7BGnH7LBPlJdSf4gHpvMre6zFOSuyIP2uWtIb2uh_t3UKCXbR2UHj3ZwZlhS3I8MgdvlQ5svELQgCllQx4x8EAqMWSb1FkxsyNvxecLCvc45g:1t2jrY:LnIv-mQ75SehiHtY-AcvLEOn0WNf1usJ-TBG2mLcpVE', '2024-11-04 09:47:48.444882'),
('g0zk1c8ad40jo1840gtl28p0c22aw5ht', '.eJxVjMEOwiAQRP-FsyGFLkvx6L3fQFjYStVAUtqT8d9tkx40c5v3Zt7Ch23Nfmu8-DmJq0AjLr8lhfjkcpD0COVeZaxlXWaShyJP2uRYE79up_t3kEPL-3owSlnnuEO0WoE1_aTJsmEAhJgi2ckpB5gM6UGhhk4xAfa8JxkL4vMF1Gk20A:1qvrGL:wWLGV7XslegbAIGqfyhmVr0fBBmPaF4gac0IAsxIfCQ', '2023-11-09 09:12:25.081478'),
('g52hmx4ok8hlc671wkyeej6i1ldfcwnm', 'eyJfcGFzc3dvcmRfcmVzZXRfdG9rZW4iOiJjY2trc3QtODE4MzU4ZTk5OGU2NjE4NDE3MjZiZDUwZGI2NTY3OTcifQ:1sjuWL:W9WGo71vmUp7lTtgW5XrPaBfw5qDIdRMTnGdnrPcW8s', '2024-09-13 11:20:05.809656'),
('g9ptwdzbn5nzw8rlhj5wqocchts7aqqf', 'ODAyZmMyY2QwYTZlNzRiNDkyYTUwNzE3MWJhY2MzZWZiM2IwNjUzODp7Il9hdXRoX3VzZXJfaGFzaCI6ImQyYzlhYTUwZTgyMWVmNTg4M2Q5NTlkNTlhMmVlZDg4YzMzMDZkZTkiLCJfYXV0aF91c2VyX2lkIjoiMiIsIl9hdXRoX3VzZXJfYmFja2VuZCI6ImRqYW5nby5jb250cmliLmF1dGguYmFja2VuZHMuTW9kZWxCYWNrZW5kIn0=', '2023-05-31 17:08:33.083344'),
('gfr1gtu518byoml2vg5qs5l3vomvstri', '.eJxVjMsOwiAQRf-FtSG8BOrSvd_QzAyDVA0kpV0Z_92QdKHbe865bzHDvpV577zOSxIX4Y04_Y4I9OQ6SHpAvTdJrW7rgnIo8qBd3lri1_Vw_w4K9DJqhOwVBT8ZAzlbYsreJqTAaGLQzHpC7UCjshqiMsTOeXv2NoIjSOLzBToFOOE:1qkibm:yDEiCwkIdwBYGvir_HVFb75uETl4jCIXRn5juc5dQIQ', '2023-10-09 15:44:30.837957'),
('gfrzpvhu3egdefxgk3lycdidz3o7jgtf', '.eJxVjMEOwiAQRP-FsyGFLkvx6L3fQFjYStVAUtqT8d9tkx40c5v3Zt7Ch23Nfmu8-DmJq0AjLr8lhfjkcpD0COVeZaxlXWaShyJP2uRYE79up_t3kEPL-3owSlnnuEO0WoE1_aTJsmEAhJgi2ckpB5gM6UGhhk4xAfa8JxkL4vMF1Gk20A:1qy5Cx:qc_t3z65CvvLhuPCBAvAOB9ZSizZr7runk-kQNenMGY', '2023-11-15 12:30:07.096848'),
('ghbswdvbjz9pms46f6bpdgjq0nolf44w', 'NDdiYWJjNjQyNjFkN2YyZGYwMjJlNTQ1ZDcwYzU0YWZjZGEzYTIzZjp7Il9hdXRoX3VzZXJfaGFzaCI6ImVjNDY1YzQ1OGEwZjIzMmE5MTNmMmE4MjAzNmE3MTNiYzUwZjEzMzYiLCJfYXV0aF91c2VyX2lkIjoiNSIsIl9hdXRoX3VzZXJfYmFja2VuZCI6ImRqYW5nby5jb250cmliLmF1dGguYmFja2VuZHMuTW9kZWxCYWNrZW5kIn0=', '2023-06-20 17:46:38.657076'),
('ghumz625kxg3ymqh8bi8wcxvtpe3enim', 'NDdiYWJjNjQyNjFkN2YyZGYwMjJlNTQ1ZDcwYzU0YWZjZGEzYTIzZjp7Il9hdXRoX3VzZXJfaGFzaCI6ImVjNDY1YzQ1OGEwZjIzMmE5MTNmMmE4MjAzNmE3MTNiYzUwZjEzMzYiLCJfYXV0aF91c2VyX2lkIjoiNSIsIl9hdXRoX3VzZXJfYmFja2VuZCI6ImRqYW5nby5jb250cmliLmF1dGguYmFja2VuZHMuTW9kZWxCYWNrZW5kIn0=', '2023-06-30 16:47:40.188225'),
('gkw8vauh7k3iud4a5jkxwbvrnoql7rsq', '.eJxVjDsOwjAQBe_iGlne9QdCSc8ZInu9iwPIluKkQtwdIqWA9s3Me6kxrksZ187zOGV1VqAOv1uK9OC6gXyP9dY0tbrMU9Kbonfa9bVlfl529--gxF6-dfBiYbDkHAuBBGADeBQWY41xp8CGAlD26DE5IkH2DIEAE6ZohqTeH9hIN-A:1qJnAB:WvH5KmeN4gshCNBJHHAxzScKv1PA2CjNmSrmA5r520E', '2023-07-27 09:08:43.678466'),
('gnx7cnsmxyj1vamg9tjo8d3lwfs9df98', '.eJxVjMEOwiAQRP-FsyEFLBSP3v0GssvuStXQpLQn47_bJj3ocea9mbdKsC4lrY3nNJK6KKNOvx1CfnLdAT2g3iedp7rMI-pd0Qdt-jYRv66H-3dQoJVt7SM6LyFjz0QOGDwN7GyQLbgglkw3xA7ExmyRyMYzsTBEj8YIhF59vhIFOSk:1qnyvD:HoVVXM6rL1Bd3Re73gDS-WogbqPr_fp5R02C7YAV-xg', '2023-10-18 15:46:03.356648'),
('gto3fv0iklnu8sjnbbu0tp13quqh9dof', 'NzQ4ZWZhOTIwYmU5MTE3YmZjMGYzNmUyMWNhZTk1MDkyNzQ4OTlmYjp7Il9hdXRoX3VzZXJfYmFja2VuZCI6ImRqYW5nby5jb250cmliLmF1dGguYmFja2VuZHMuTW9kZWxCYWNrZW5kIiwiX2F1dGhfdXNlcl9oYXNoIjoiODFmNGY3MzYyYTQ3NmY0MmQzNDAxMDBkYzQ1N2Q0MGE4NjkwZmU2MiIsIl9hdXRoX3VzZXJfaWQiOiIyIn0=', '2023-06-24 11:19:24.306411'),
('gwi5gqev27vm1ab3zl8uuemrsonh7xbt', '.eJxVjDsOwjAQBe_iGln2Ov5R0nMGa-1dkwCKpTipEHeHSCmgfTPzXiLhto5p67ykicRZGGO1OP3OGcuD553RHedbk6XN6zJluSvyoF1eG_Hzcrh_ByP28VtXV0ME1mAUFJMRGaKz2sJQlQscyQ-WvIlcPdSC1jEhBHSRsyarqnh_AEynOKw:1rM2a2:kZNt0kfnlOYUZG9l7Y0zNibTwXGiPH-wvbxUx0agUHs', '2024-01-20 14:32:58.442599'),
('gyarm84pmmvp3oxkpgxmzglyy6ey3acv', 'eyJfcGFzc3dvcmRfcmVzZXRfdG9rZW4iOiJjYzZyNmktZTU1OWY1NjM5M2MxNWUwOGE4NDVlOThhN2UzYTA3YTcifQ:1shCkX:T5YeuLSUhUX4dxa19F8iOk1rFaD6BKL3VV-KiPH4XJQ', '2024-09-06 00:11:33.472127'),
('h42s73fsciwc0x4xhkougzixd6ikdvpe', 'YmUwNjMwMmQ4NTc3NTQ4OWY5MWViNGE5NDBlNTljOTlkMzdhMzcwNDp7Il9hdXRoX3VzZXJfaWQiOiIyIiwiX2F1dGhfdXNlcl9oYXNoIjoiMzFkOTEwNzkyNDRmMjIwNzhkMmIzYjUzN2U0ZmQwZjczNzEyMTZjZSIsIl9hdXRoX3VzZXJfYmFja2VuZCI6ImRqYW5nby5jb250cmliLmF1dGguYmFja2VuZHMuTW9kZWxCYWNrZW5kIn0=', '2023-07-28 11:08:56.675335'),
('h542x2toe1ylykfq1vg18vatuuabj0rs', '.eJxVjDsOwjAQBe_iGln2Ov5R0nMGa-1dkwCKpTipEHeHSCmgfTPzXiLhto5p67ykicRZGGO1OP3OGcuD553RHedbk6XN6zJluSvyoF1eG_Hzcrh_ByP28VtXV0ME1mAUFJMRGaKz2sJQlQscyQ-WvIlcPdSC1jEhBHSRsyarqnh_AEynOKw:1rSaF0:2r0D5iaxGe1zPgLOqajUX_eoXegU6W-QJkMLYzLwGz4', '2024-02-07 15:42:18.893785'),
('hb9ro3la6aaezjc0k8nwwvvixl6nqmhl', '.eJxVjEEOwiAQAP_C2ZCyFQoevfuGZpdlpWogKe3J-HdD0oNeZybzVjPuW573ltZ5YXVRVp1-GWF8ptIFP7Dcq461bOtCuif6sE3fKqfX9Wj_Bhlb7luJxokbcfDkMIwoQ3Cc2Ap5mIwLBJaM9wlwAuZ4JgiCPgAxoJioPl_1pjia:1pxNdP:4hy_IkMCsc23EcDTEZItTOba65njbfcvcqurAkNJ5Y0', '2023-05-26 13:26:15.539097'),
('hgpq1985nszh9o4xzhcqn8dz4ydp0a6i', '.eJxVjMEOwiAQRP-FsyGFLkvx6L3fQFjYStVAUtqT8d9tkx40c5v3Zt7Ch23Nfmu8-DmJq0AjLr8lhfjkcpD0COVeZaxlXWaShyJP2uRYE79up_t3kEPL-3owSlnnuEO0WoE1_aTJsmEAhJgi2ckpB5gM6UGhhk4xAfa8JxkL4vMF1Gk20A:1qt1mY:6_dtmq6rvTsDXX2WLOJ_qvrA_vjfv-4H_SZM9qxATqo', '2023-11-01 13:49:58.107771'),
('hh1e5xz9acoc75369phb169n1z4csymz', '.eJxVjMEOwiAQRP-FsyEFLBSP3v0GssvuStXQpLQn47_bJj3ocea9mbdKsC4lrY3nNJK6KKNOvx1CfnLdAT2g3iedp7rMI-pd0Qdt-jYRv66H-3dQoJVt7SM6LyFjz0QOGDwN7GyQLbgglkw3xA7ExmyRyMYzsTBEj8YIhF59vhIFOSk:1qpjea:OCZsSN1wvFiIBjrcsG3hf5JGru3iuOL708InKUw8DO4', '2023-10-23 11:52:08.924939'),
('hhg0ciczilrxjlukodfa5o1k8cxer8va', '.eJxVjEEOwiAQRe_C2hCYDrR16d4zNAMzSNVAUtqV8e7apAvd_vfef6mJtjVPW5NlmlmdFajT7xYoPqTsgO9UblXHWtZlDnpX9EGbvlaW5-Vw_w4ytfytPUry4BxYmyTQANITdWQHMcjRJbKIY0gm-c44IeYA1HtkNAw0glHvD_ItOEQ:1q6mP3:QhdZheB1KpoM0mM56vGCNzfFqaQGB8lvFuMac3Z8VAA', '2023-06-21 11:42:17.139495'),
('hjd15dcajdyvhsq9qmhgjzfo9umlm5yh', 'MmVkMWU1MzkxOTM3YzU0NjlhZWJhYTQyZjE4NjUwOWFmYTc4MjdkYjp7Il9hdXRoX3VzZXJfaWQiOiI1IiwiX2F1dGhfdXNlcl9oYXNoIjoiZWM0NjVjNDU4YTBmMjMyYTkxM2YyYTgyMDM2YTcxM2JjNTBmMTMzNiIsIl9hdXRoX3VzZXJfYmFja2VuZCI6ImRqYW5nby5jb250cmliLmF1dGguYmFja2VuZHMuTW9kZWxCYWNrZW5kIn0=', '2023-07-06 12:33:05.736193'),
('hmyhud9qgkvunzsl5zlhd5fa9vsysq67', '.eJxVjMEOwiAQRP-FsyGFLkvx6L3fQFjYStVAUtqT8d9tkx40c5v3Zt7Ch23Nfmu8-DmJq0AjLr8lhfjkcpD0COVeZaxlXWaShyJP2uRYE79up_t3kEPL-3owSlnnuEO0WoE1_aTJsmEAhJgi2ckpB5gM6UGhhk4xAfa8JxkL4vMF1Gk20A:1rDId3:ti0qzi1dVSemlSXQVcnaJxo-6P9dnQi_27Nak1cL9cw', '2023-12-27 11:51:57.464170'),
('ht68hx0j47lrpinybldb1f0ryb0rrbjx', 'MmVkMWU1MzkxOTM3YzU0NjlhZWJhYTQyZjE4NjUwOWFmYTc4MjdkYjp7Il9hdXRoX3VzZXJfaWQiOiI1IiwiX2F1dGhfdXNlcl9oYXNoIjoiZWM0NjVjNDU4YTBmMjMyYTkxM2YyYTgyMDM2YTcxM2JjNTBmMTMzNiIsIl9hdXRoX3VzZXJfYmFja2VuZCI6ImRqYW5nby5jb250cmliLmF1dGguYmFja2VuZHMuTW9kZWxCYWNrZW5kIn0=', '2023-06-10 10:01:58.146924'),
('hul13musy6pgr9ps1y1zjkgjq4qb8i6y', '.eJxVjMEOwiAQRP-FsyGFLkvx6L3fQFjYStVAUtqT8d9tkx40c5v3Zt7Ch23Nfmu8-DmJq0AjLr8lhfjkcpD0COVeZaxlXWaShyJP2uRYE79up_t3kEPL-3owSlnnuEO0WoE1_aTJsmEAhJgi2ckpB5gM6UGhhk4xAfa8JxkL4vMF1Gk20A:1r16f1:fm1rffHRsrxwOlqC0tuhS-l9OIWznNZo2DEyVTDyTGs', '2023-11-23 20:39:35.290223'),
('hvllmc4961blnj3dhbgjc43tp19jwnd4', 'OWJlYzNiNmI4MGQ0ZTNmNjc5ZjNiYzZkNmIwYmE1ZDY3NmI2NTM3MDp7Il9hdXRoX3VzZXJfYmFja2VuZCI6ImRqYW5nby5jb250cmliLmF1dGguYmFja2VuZHMuTW9kZWxCYWNrZW5kIiwiX2F1dGhfdXNlcl9oYXNoIjoiMDdjMzc5MjQ1MmE5NjIwMWI5NThkY2IwZWJlMThhYjRhZDI2YzFlOSIsIl9hdXRoX3VzZXJfaWQiOiI3MiJ9', '2023-08-22 10:31:18.386764'),
('i043yn5pc5xgozgpgsvh3gq1wbiri8ul', '.eJxVjEEOwiAQRe_C2pACMoBL9z0DmYGpVA0kpV0Z765NutDtf-_9l4i4rSVunZc4Z3ERoMXpdyRMD647yXestyZTq-syk9wVedAux5b5eT3cv4OCvXxr8kRZWyRHOWhGQGQ0xpnJKmIVnHIWhwkBgleG2SetmWFAOkNwAcT7AzXJOJs:1qrdVk:-MbRMv2iim6tuxnykN_3LgEuEch8BEeIw_US29oquWg', '2023-10-28 17:42:52.786090'),
('i09xm4poofpdxzqcx0x155ygyw0ft1s0', 'ZDc0OWJiMzAxMjMyN2FkMDAzODZmNWMxODliZjNkM2QwZGQ0NDkyYzp7Il9hdXRoX3VzZXJfYmFja2VuZCI6ImRqYW5nby5jb250cmliLmF1dGguYmFja2VuZHMuTW9kZWxCYWNrZW5kIiwiX2F1dGhfdXNlcl9oYXNoIjoiMThiNzMwZmZmOWVmNGVkOTI5YjE4YmE0MjEzZmU1NTk4Y2JhNWMzMSIsIl9hdXRoX3VzZXJfaWQiOiIxIn0=', '2023-08-22 12:32:27.201682'),
('i0sh74czkcxt593t8ry1x9a2p97xaj4r', '.eJxVjDsOwjAQRO_iGlk2iX-U9JzBWnt3cQDZUpxUiLuTSCmgGmnem3mLCOtS4tppjhOKi7BGnH7LBPlJdSf4gHpvMre6zFOSuyIP2uWtIb2uh_t3UKCXbR2UHj3ZwZlhS3I8MgdvlQ5svELQgCllQx4x8EAqMWSb1FkxsyNvxecLCvc45g:1t1ezZ:Svb7D1M6wlrd3_O7Mctvajl81bQLCNMe2m-Jp7qvfSo', '2024-11-01 10:23:37.145275'),
('i1fx2k4cmkiwvmuer0xh79dzgkeq0h0n', 'eyJfcGFzc3dvcmRfcmVzZXRfdG9rZW4iOiJjY2trejMtMDA4YTAzOTczMzRhMzRhNjliNWNhYmVmMjZmOTU4MjMifQ:1sjuZz:ftfbZU3GneecBPpVOSicy0FhxjMyXz88VW_D3woJLcE', '2024-09-13 11:23:51.500575'),
('i36ubphou5uislnsyf4svdknqmh8hqk2', '.eJxVjMEOwiAQRP-FsyGFLkvx6L3fQFjYStVAUtqT8d9tkx40c5v3Zt7Ch23Nfmu8-DmJq0AjLr8lhfjkcpD0COVeZaxlXWaShyJP2uRYE79up_t3kEPL-3owSlnnuEO0WoE1_aTJsmEAhJgi2ckpB5gM6UGhhk4xAfa8JxkL4vMF1Gk20A:1rCffu:Z4zFrfZ7valNQX5mVk8497e2k0WCB_9BHvELdFSYTZw', '2023-12-25 18:16:18.493815'),
('i3ra6vcxrkx41kldfv6nslghbszmp1xc', 'ODAyZmMyY2QwYTZlNzRiNDkyYTUwNzE3MWJhY2MzZWZiM2IwNjUzODp7Il9hdXRoX3VzZXJfaGFzaCI6ImQyYzlhYTUwZTgyMWVmNTg4M2Q5NTlkNTlhMmVlZDg4YzMzMDZkZTkiLCJfYXV0aF91c2VyX2lkIjoiMiIsIl9hdXRoX3VzZXJfYmFja2VuZCI6ImRqYW5nby5jb250cmliLmF1dGguYmFja2VuZHMuTW9kZWxCYWNrZW5kIn0=', '2023-06-20 18:27:07.961696'),
('i5k1wh2o84scfej1tcuyxsc86kd9vzgo', 'M2U2MzE4Nzc1NTNiY2FiMTBjNmQxYzBlYzkyNDE5ZGNiODIwNTBhNTp7Il9hdXRoX3VzZXJfaGFzaCI6IjE4YjczMGZmZjllZjRlZDkyOWIxOGJhNDIxM2ZlNTU5OGNiYTVjMzEiLCJfYXV0aF91c2VyX2lkIjoiNjIiLCJfYXV0aF91c2VyX2JhY2tlbmQiOiJkamFuZ28uY29udHJpYi5hdXRoLmJhY2tlbmRzLk1vZGVsQmFja2VuZCJ9', '2023-08-22 17:13:55.787365'),
('ig8y0y1zicvf8pnn14fix0pw5c1ji8d0', '.eJxVjMEOwiAQRP-FsyGFLkvx6L3fQFjYStVAUtqT8d9tkx40c5v3Zt7Ch23Nfmu8-DmJq0AjLr8lhfjkcpD0COVeZaxlXWaShyJP2uRYE79up_t3kEPL-3owSlnnuEO0WoE1_aTJsmEAhJgi2ckpB5gM6UGhhk4xAfa8JxkL4vMF1Gk20A:1r8D5U:d9xJ58KOFFY1iu5ODG60AULfl9d6iHCnfbHs-YlK9N4', '2023-12-13 10:56:16.662323'),
('ipvgfk6fk8kt7urmafvjlf9pv0tzhn0v', '.eJxVjEEOwiAQRe_C2pACMoBL9z0DmYGpVA0kpV0Z765NutDtf-_9l4i4rSVunZc4Z3ERoMXpdyRMD647yXestyZTq-syk9wVedAux5b5eT3cv4OCvXxr8kRZWyRHOWhGQGQ0xpnJKmIVnHIWhwkBgleG2SetmWFAOkNwAcT7AzXJOJs:1rBSfS:83ea1oM5d5nRtOa-stfx9pQhT2yWLVj7vgCqMok-25E', '2023-12-22 10:10:50.527266'),
('ipyykxctf5u73oueiey15udi8mtpyzuk', '.eJxVjEEOwiAQRe_C2pAW7Di4dN8zkIEZpGogKe3KeHfbpAvdvvf-fytP65L92mT2E6urMur0ywLFp5Rd8IPKvepYyzJPQe-JPmzTY2V53Y727yBTy9s6oZhOZIjM3Bkbzn1ITBCJ3GDBYkR2JqIDB2jBbdgASUKCnuFiUX2-CLs4Tw:1qImdB:l-ALWCcnaYdU_Wr2-OBP_y1qwhxb1DZj8aMKIVhKH_c', '2023-07-24 14:22:29.005922'),
('iqriih6ekku35iq2jyvupp9giu02yokm', '.eJxVjMEOwiAQRP-FsyGF7pbFo_d-A4EFpGpoUtqT8d9tkx70OPPezFs4v63FbS0tboriKlBcfrvg-ZnqAeLD1_ssea7rMgV5KPKkTY5zTK_b6f4dFN_KviaKiTODAQZlmTog1YdBYyakHhA7m8EohXpPEChoZvAxK5MGApvE5wvGtzcC:1qJpD7:HklQrLI4elwHBO6s5kd2fnfieGrJskWxEUyO3TcqFcM', '2023-07-27 11:19:53.800939'),
('isusp72m1aoz9ohpyltyi0knt2nwmk75', 'MGU4ZDFjY2QxMDQ2ZTJlNGVhNzQ1MjMyYzRjNmQ0ZDExZWI1NzBlMzp7Il9hdXRoX3VzZXJfaGFzaCI6IjdkY2JkZGRlMzFjZmFlNjlkODZhZDM0N2VhNGY4NWRjYjkzNTdjM2YiLCJfYXV0aF91c2VyX2lkIjoiMyIsIl9hdXRoX3VzZXJfYmFja2VuZCI6ImRqYW5nby5jb250cmliLmF1dGguYmFja2VuZHMuTW9kZWxCYWNrZW5kIn0=', '2023-04-18 10:54:14.570956'),
('iveuwdpirn7il4h0opsp57sohot09wqy', 'ODUxZGQ3YmFlODA2MzQ3ZjM2NjcxOGE2MTg2MTdhNzlkZjEwYWEwNTp7Il9hdXRoX3VzZXJfaGFzaCI6IjE4YjczMGZmZjllZjRlZDkyOWIxOGJhNDIxM2ZlNTU5OGNiYTVjMzEiLCJfYXV0aF91c2VyX2lkIjoiNjUiLCJfYXV0aF91c2VyX2JhY2tlbmQiOiJkamFuZ28uY29udHJpYi5hdXRoLmJhY2tlbmRzLk1vZGVsQmFja2VuZCJ9', '2023-09-28 11:44:49.212642'),
('ixszo8zm02wq14igz1wvlk6lcysjz50q', '.eJxVjEEOwiAQRe_C2pACMoBL9z0DmYGpVA0kpV0Z765NutDtf-_9l4i4rSVunZc4Z3ERoMXpdyRMD647yXestyZTq-syk9wVedAux5b5eT3cv4OCvXxr8kRZWyRHOWhGQGQ0xpnJKmIVnHIWhwkBgleG2SetmWFAOkNwAcT7AzXJOJs:1qmWxL:li2IPtsf18o1iukiPbt0A3zFlfm5-4f8reDaNmn-lSU', '2023-10-14 15:42:15.475581'),
('izwfuy8k2u6pp977uff96t5f1x0illme', '.eJxVjMEOwiAQRP-FsyGFLkvx6L3fQFjYStVAUtqT8d9tkx40c5v3Zt7Ch23Nfmu8-DmJq0AjLr8lhfjkcpD0COVeZaxlXWaShyJP2uRYE79up_t3kEPL-3owSlnnuEO0WoE1_aTJsmEAhJgi2ckpB5gM6UGhhk4xAfa8JxkL4vMF1Gk20A:1r3BPj:nksSPwXWC5y-RS-QG_04tBvoSr4P0eDH9Yr1q_kw1QY', '2023-11-29 14:08:23.225422'),
('je21bii7bgztr6zp9vigt7iaxbkbipzi', '.eJxVjDsOwjAQRO_iGln-xD9K-pzBWse7OIAcKU4qxN1xpBRQTPPmzbxZhH0rcW-4xjmzK9Pae3b5xQmmJ9ajyw-o94VPS93WOfFD4Wfb-LhkfN1O9--gQCt9LQApKaW0JC-ENF44YwkxkLQdBCuNREs9QdDgUehkk4VMDlNwMLDPFz0POBo:1sh0sv:hg9uFD7W31Te79KRSY4L2xDPS-ZjpuuHgVglPg9DzdE', '2024-09-05 11:31:25.277099'),
('je2adtzouf484475b2gmgvdufs2al3la', '.eJxVjMEOwiAQRP-FsyGFLkvx6L3fQFjYStVAUtqT8d9tkx40c5v3Zt7Ch23Nfmu8-DmJq0AjLr8lhfjkcpD0COVeZaxlXWaShyJP2uRYE79up_t3kEPL-3owSlnnuEO0WoE1_aTJsmEAhJgi2ckpB5gM6UGhhk4xAfa8JxkL4vMF1Gk20A:1r0b4t:ZHvRj69EwFyLnfY6tiB38ApoI8I-1oSe5KhokyFrOPE', '2023-11-22 10:56:11.473863'),
('jh9umy2nc7160cmi18r80p2x0zbqpk7n', '.eJxVjMEOwiAQRP-FsyGFLkvx6L3fQFjYStVAUtqT8d9tkx40c5v3Zt7Ch23Nfmu8-DmJq0AjLr8lhfjkcpD0COVeZaxlXWaShyJP2uRYE79up_t3kEPL-3owSlnnuEO0WoE1_aTJsmEAhJgi2ckpB5gM6UGhhk4xAfa8JxkL4vMF1Gk20A:1rCLAe:A9ZrXYgFl29K76AHQk8vt-9qeP3UENMTcSX5EQA0L4k', '2023-12-24 20:22:40.775044'),
('jjrtub393rg6mxzjz94mndds47h44em6', 'N2Q5YWQ2YzQxZjMzMWQ3OWFmOTJkNDBkMWU1MTBiODg5NGYyMDA5Yzp7Il9hdXRoX3VzZXJfaGFzaCI6ImZlMmMwODdkODc5NGU5NjA3NzUwYmYzMTE5NjZkNjQyZjFlNDQ0YTQiLCJfYXV0aF91c2VyX2JhY2tlbmQiOiJkamFuZ28uY29udHJpYi5hdXRoLmJhY2tlbmRzLk1vZGVsQmFja2VuZCIsIl9hdXRoX3VzZXJfaWQiOiI1In0=', '2023-07-28 07:55:25.675959'),
('jm0kyuxd1rv893tic15fqv5n6fj8kqx3', '.eJxVjMEOwiAQRP-FsyGFLkvx6L3fQFjYStVAUtqT8d9tkx40c5v3Zt7Ch23Nfmu8-DmJq0AjLr8lhfjkcpD0COVeZaxlXWaShyJP2uRYE79up_t3kEPL-3owSlnnuEO0WoE1_aTJsmEAhJgi2ckpB5gM6UGhhk4xAfa8JxkL4vMF1Gk20A:1r8BsO:_1fr9ukB7zXUyndkJQfeLEDZMJx7HxFzapX9bp90p2U', '2023-12-13 09:38:40.144271'),
('jpgdsr2wdypnxq6am6k92fzqniov69yh', '.eJxVjEEOwiAQRe_C2hCKUBiX7nsGMjOAVA0kpV0Z765NutDtf-_9lwi4rSVsPS1hjuIiRi1OvyMhP1LdSbxjvTXJra7LTHJX5EG7nFpMz-vh_h0U7OVbn5XhwVm0oF3MRIkzsfMIhAMxJ6PZaAU-EkQP1igYMxilrc-sEinx_gAmVDic:1t1PNF:hunNyzEaPeieDVFLsMEneisCU20ywoM3eH8mQ6PB580', '2024-10-31 17:43:01.129721'),
('jpygl913odzqyfzzmwaav3nbmos7hg0k', '.eJxVjMsOwiAQRf-FtSEMD6Eu3fcbyAwDUjU0Ke3K-O_apAvd3nPOfYmI21rj1vMSJxYXAeL0uxGmR2474Du22yzT3NZlIrkr8qBdjjPn5_Vw_w4q9vqtXUBr4EyIxYYCZHkozAiovVElBZ210wRZqcGjRacSmUAGPAVvik3i_QHyYjgY:1sFCAp:8SRMFlz30URXtf2u1aZo2HtrdP0mdaI0tiftZb8uAtQ', '2024-06-20 17:54:55.446297'),
('junsiygr5aa3wjn553yqk5egikg8puc7', '.eJxVjEEOwiAQRe_C2pACMoBL9z0DmYGpVA0kpV0Z765NutDtf-_9l4i4rSVunZc4Z3ERoMXpdyRMD647yXestyZTq-syk9wVedAux5b5eT3cv4OCvXxr8kRZWyRHOWhGQGQ0xpnJKmIVnHIWhwkBgleG2SetmWFAOkNwAcT7AzXJOJs:1qsIS0:pPu_d3s85TXWBNxrhkn9nHZobjg68rkca84PXn0K-wQ', '2023-10-30 13:25:44.601910'),
('jy9mhfagjf987ms9qa3sdawrjvc38w5q', 'NzNjZDEwYjk1MTE5MmY4NjdhMmI1NmFlNzJhZjk0YjMxZTE5YzVmZjp7Il9hdXRoX3VzZXJfaWQiOiIxIiwiX2F1dGhfdXNlcl9oYXNoIjoiMTc5ZDhlMDQwNzg4OTJiNzQzMjQ2OGU5MDlkYTVmZTgxOWMzZjRkZCIsIl9hdXRoX3VzZXJfYmFja2VuZCI6ImRqYW5nby5jb250cmliLmF1dGguYmFja2VuZHMuTW9kZWxCYWNrZW5kIn0=', '2023-07-31 09:21:44.774907'),
('k0rs2ssilhdgt582vrc3aixdvz6vab0j', '.eJxVjMEOwiAQRP-FsyGFLkvx6L3fQFjYStVAUtqT8d9tkx40c5v3Zt7Ch23Nfmu8-DmJq0AjLr8lhfjkcpD0COVeZaxlXWaShyJP2uRYE79up_t3kEPL-3owSlnnuEO0WoE1_aTJsmEAhJgi2ckpB5gM6UGhhk4xAfa8JxkL4vMF1Gk20A:1qz7fG:Vrk8SSQM8yE_6LdctFLjW-iQSuuT1mYi9Jv7ql8BOFU', '2023-11-18 09:19:38.806390'),
('k1rsmjs24nh5wgryiih3xkepkd3zdg9l', '.eJxVjEEOwiAQRe_C2pACMoBL9z0DmYGpVA0kpV0Z765NutDtf-_9l4i4rSVunZc4Z3ERoMXpdyRMD647yXestyZTq-syk9wVedAux5b5eT3cv4OCvXxr8kRZWyRHOWhGQGQ0xpnJKmIVnHIWhwkBgleG2SetmWFAOkNwAcT7AzXJOJs:1qlMZT:SI0Slb6X0er4hm4vFC3D6WNi3gVElcgHSxfVpOIt47s', '2023-10-11 10:24:47.593745'),
('k37on35bf8p4vlamanbx98sxqw933b2y', '.eJxVjDsOwjAQBe_iGlmL_0tJzxks27vgALKlOKkQd4dIKaB9M_NeIqZ1qXEdPMeJxEkocfjdcioPbhuge2q3LktvyzxluSlyp0NeOvHzvLt_BzWN-q0hH3UohCawwszWB7JKITjLV0CdPFptKPhgnHVUChAEC6g0Z09eg3h_AMKDNs0:1psc7U:R_ZB_td6yKKZEy_cO2o4C-v3HBTicnUwJFyFylNhNCo', '2023-05-13 09:53:36.909666'),
('k5slw9vhzk073puqh9u8hh8iwqat4djh', '.eJxVjEEOwiAQRe_C2pACMoBL9z0DmYGpVA0kpV0Z765NutDtf-_9l4i4rSVunZc4Z3ERoMXpdyRMD647yXestyZTq-syk9wVedAux5b5eT3cv4OCvXxr8kRZWyRHOWhGQGQ0xpnJKmIVnHIWhwkBgleG2SetmWFAOkNwAcT7AzXJOJs:1r6RP5:002A909V-CvJl5d8H7y1uS7oYfJDr82hp3vULzhYXhs', '2023-12-08 13:49:11.256247'),
('k9qg55bnda6hqrotb6oayodcekackxe1', '.eJxVjEEOwiAQRe_C2pACMoBL9z0DmYGpVA0kpV0Z765NutDtf-_9l4i4rSVunZc4Z3ERoMXpdyRMD647yXestyZTq-syk9wVedAux5b5eT3cv4OCvXxr8kRZWyRHOWhGQGQ0xpnJKmIVnHIWhwkBgleG2SetmWFAOkNwAcT7AzXJOJs:1qt8EG:vg-IpfaAB77RnTOHK5xUIUco7Z0v4FoigOdwm9-F5v4', '2023-11-01 20:43:00.816245'),
('ka72x3untiaopf9q4viqrnmgd9ty5jso', '.eJxVjMEOwiAQRP-FsyEFLBSP3v0GssvuStXQpLQn47_bJj3ocea9mbdKsC4lrY3nNJK6KKNOvx1CfnLdAT2g3iedp7rMI-pd0Qdt-jYRv66H-3dQoJVt7SM6LyFjz0QOGDwN7GyQLbgglkw3xA7ExmyRyMYzsTBEj8YIhF59vhIFOSk:1qzCnP:_n7PNfh8ibSHYdUOyX1FiUnOu0OSBrHSx85fwoNfc7s', '2023-11-18 14:48:23.899084'),
('kilft2h9jfoq7xt0nyymhf6ehqkngkia', '.eJxVjEEOwiAQRe_C2pACMoBL9z0DmYGpVA0kpV0Z765NutDtf-_9l4i4rSVunZc4Z3ERoMXpdyRMD647yXestyZTq-syk9wVedAux5b5eT3cv4OCvXxr8kRZWyRHOWhGQGQ0xpnJKmIVnHIWhwkBgleG2SetmWFAOkNwAcT7AzXJOJs:1rAQao:0qEVsIhuhPNw-9Am5kbz1sughe1D5nDFxJrSC3zsDNM', '2023-12-19 13:45:46.016514'),
('kjvgykbvxwjlq4jixd127pjbdcw5gwt7', '.eJxVjEEOwiAQRe_C2pACMoBL9z0DmYGpVA0kpV0Z765NutDtf-_9l4i4rSVunZc4Z3ERoMXpdyRMD647yXestyZTq-syk9wVedAux5b5eT3cv4OCvXxr8kRZWyRHOWhGQGQ0xpnJKmIVnHIWhwkBgleG2SetmWFAOkNwAcT7AzXJOJs:1qpp53:RDYi_md58mve0rF6rL1ea7-81YMKdYzDVaQ78Rhgg_Y', '2023-10-23 17:39:49.960302'),
('kkf93xt0jn9t8veojf8xqxf1s5bfhk3v', 'YWEwMWZhYzg0MzdmZWJjMjU2MzA2NTdmNGQyMDNmMGMyOGE5NDczNDp7Il9hdXRoX3VzZXJfYmFja2VuZCI6ImRqYW5nby5jb250cmliLmF1dGguYmFja2VuZHMuTW9kZWxCYWNrZW5kIiwiX2F1dGhfdXNlcl9oYXNoIjoiM2QyM2E3YTk4YTgzYTZmNjczZDdlMzVkM2ExYTU3NTRiNjE1YzQyOSIsIl9hdXRoX3VzZXJfaWQiOiI3In0=', '2023-05-29 12:00:25.469430'),
('kktjtodiwq414h19ihax6d3pvd9use49', 'Y2JkZTQ0NGNiNTBmNzBjZDAyY2VkNzZkZWVjNjgwZWQyNGU1MzY0OTp7Il9hdXRoX3VzZXJfYmFja2VuZCI6ImRqYW5nby5jb250cmliLmF1dGguYmFja2VuZHMuTW9kZWxCYWNrZW5kIiwiX2F1dGhfdXNlcl9pZCI6IjEiLCJfYXV0aF91c2VyX2hhc2giOiIxNzlkOGUwNDA3ODg5MmI3NDMyNDY4ZTkwOWRhNWZlODE5YzNmNGRkIn0=', '2023-07-28 08:50:45.747694'),
('kl4251ok5yv8vybibpv5s02ow43i7ev9', '.eJxVjMEOwiAQRP-FsyGFLkvx6L3fQFjYStVAUtqT8d9tkx40c5v3Zt7Ch23Nfmu8-DmJq0AjLr8lhfjkcpD0COVeZaxlXWaShyJP2uRYE79up_t3kEPL-3owSlnnuEO0WoE1_aTJsmEAhJgi2ckpB5gM6UGhhk4xAfa8JxkL4vMF1Gk20A:1rDHc4:2NdRoOXsdHkkoP2g-Od01A0EqHz7V9MZdgTttHO8TBM', '2023-12-27 10:46:52.807888'),
('kp2bfslmisp6ggfmpgcohhiax2p4do7b', 'NTgxNTFhOTFhYjIyYjRmYzM5ODM5MWU2ZDI0NWU4MGZkMGMzOWQ1Zjp7Il9hdXRoX3VzZXJfaGFzaCI6ImQyYzlhYTUwZTgyMWVmNTg4M2Q5NTlkNTlhMmVlZDg4YzMzMDZkZTkiLCJfYXV0aF91c2VyX2JhY2tlbmQiOiJkamFuZ28uY29udHJpYi5hdXRoLmJhY2tlbmRzLk1vZGVsQmFja2VuZCIsIl9hdXRoX3VzZXJfaWQiOiIyIn0=', '2023-05-31 10:03:26.891649'),
('kw82ftemcb0nrnfmtcbgpfxwjtjrcky4', 'ZjczMGUzNzBiMTMyZmRlNDRhZGIxMzk5ZjA0MWZlMGY4OTJiMDViNjp7Il9hdXRoX3VzZXJfaWQiOiI2NSIsIl9hdXRoX3VzZXJfaGFzaCI6IjE4YjczMGZmZjllZjRlZDkyOWIxOGJhNDIxM2ZlNTU5OGNiYTVjMzEiLCJfYXV0aF91c2VyX2JhY2tlbmQiOiJkamFuZ28uY29udHJpYi5hdXRoLmJhY2tlbmRzLk1vZGVsQmFja2VuZCJ9', '2023-09-23 22:15:31.140839'),
('l1w9uu7uw2i2tuvwb50wjkxacmp9oxu4', 'M2RmYzU2YWVkMDkzNWEyNGE5YWZiNzFhZTc5M2ZmNjNjZTlhNGVlNjp7Il9hdXRoX3VzZXJfYmFja2VuZCI6ImRqYW5nby5jb250cmliLmF1dGguYmFja2VuZHMuTW9kZWxCYWNrZW5kIiwiX2F1dGhfdXNlcl9oYXNoIjoiZWM0NjVjNDU4YTBmMjMyYTkxM2YyYTgyMDM2YTcxM2JjNTBmMTMzNiIsIl9hdXRoX3VzZXJfaWQiOiI1In0=', '2023-05-31 15:53:23.725971'),
('l4gledoa5cghgsen0t2ps0t081q0m0oc', 'NzNjZDEwYjk1MTE5MmY4NjdhMmI1NmFlNzJhZjk0YjMxZTE5YzVmZjp7Il9hdXRoX3VzZXJfaWQiOiIxIiwiX2F1dGhfdXNlcl9oYXNoIjoiMTc5ZDhlMDQwNzg4OTJiNzQzMjQ2OGU5MDlkYTVmZTgxOWMzZjRkZCIsIl9hdXRoX3VzZXJfYmFja2VuZCI6ImRqYW5nby5jb250cmliLmF1dGguYmFja2VuZHMuTW9kZWxCYWNrZW5kIn0=', '2023-07-29 14:27:02.709094'),
('l67jm3dsuvzivcdhbyioolepfy6d61m7', '.eJxVjDsOwjAQBe_iGln-ZW0o6XMGa3dt4wBypDipEHeHSCmgfTPzXiLitta49bzEKYmL0OL0uxHyI7cdpDu22yx5busykdwVedAuxznl5_Vw_w4q9vqtFRdAGwJ4QAYDjm0oarDOeaUzYg7aF8cGDFsiJPBeDZBUAX2mBEm8P9A2N54:1pQhaQ:R6df4OgAkxBCkTAgK9sITHHE-ras2BSzNBy93XO3VvY', '2023-02-25 10:04:06.949040'),
('l6aa3tmas6bztap4wrghvwhiiefl9b6c', '.eJxVjMsOwiAQRf-FtSEMD6Eu3fcbyAwDUjU0Ke3K-O_apAvd3nPOfYmI21rj1vMSJxYXAeL0uxGmR2474Du22yzT3NZlIrkr8qBdjjPn5_Vw_w4q9vqtXUBr4EyIxYYCZHkozAiovVElBZ210wRZqcGjRacSmUAGPAVvik3i_QHyYjgY:1sFnwq:bnMUsjPfrgJaOr1hQ2HZGxLMN0QaM2CZZZ-mw_2DRz0', '2024-06-22 10:15:00.066840'),
('l6eqxi6qhfvkbbvc9atu2fyhuzpkr9g1', 'eyJfcGFzc3dvcmRfcmVzZXRfdG9rZW4iOiJjY2trYzYtZWE3ODA0ZDczM2ZjN2Y1ZDVlNWQ4OWUwMjM5ZmU3OTgifQ:1sjuMo:-slggenv5E1ZMgOWYJ34tHl70qDgYPK-tNLuLup6WJY', '2024-09-13 11:10:14.047960'),
('lfcmj52putqu0y7kcp3iolkk1jy4kh6y', '.eJxVjEEOwiAQRe_C2pAW7Di4dN8zkIEZpGogKe3KeHfbpAvdvvf-fytP65L92mT2E6urMur0ywLFp5Rd8IPKvepYyzJPQe-JPmzTY2V53Y727yBTy9s6oZhOZIjM3Bkbzn1ITBCJ3GDBYkR2JqIDB2jBbdgASUKCnuFiUX2-CLs4Tw:1qEMZp:dE8WZ2i_yCgG1c4cxWGnyGdvnnTNwPB-2HxJ1IxToS0', '2023-07-12 09:44:45.557514'),
('lkcdmom8mee5bdtzg9nbmioc8i2s8me8', '.eJxVjMsOwiAQRf-FtSEwvF269xvIAFOpGkhKuzL-uzbpQrf3nHNfLOK21rgNWuJc2JkBO_1uCfOD2g7KHdut89zbusyJ7wo_6ODXXuh5Ody_g4qjfmtyIiOi9wozSGs0hWQLBJGMtJMh4eUUhDPaeUyQDQCIYL1WUqsgPbD3B9Z1NoA:1pkGfi:LvtA6OTBBs9lNKLSXJG9EZU4PafDS0aXr5SnWwJTh6c', '2023-04-20 09:22:26.527108'),
('lmpzg3kirvhmlk1hwrpqkblxsldbis6h', 'M2U2MzE4Nzc1NTNiY2FiMTBjNmQxYzBlYzkyNDE5ZGNiODIwNTBhNTp7Il9hdXRoX3VzZXJfaGFzaCI6IjE4YjczMGZmZjllZjRlZDkyOWIxOGJhNDIxM2ZlNTU5OGNiYTVjMzEiLCJfYXV0aF91c2VyX2lkIjoiNjIiLCJfYXV0aF91c2VyX2JhY2tlbmQiOiJkamFuZ28uY29udHJpYi5hdXRoLmJhY2tlbmRzLk1vZGVsQmFja2VuZCJ9', '2023-08-21 11:34:12.233056'),
('lo5mu3kmsiw3vsugz57c8u439yns5lbe', '.eJxVjMsOwiAQRf-FtSEMD6Eu3fcbyAwDUjU0Ke3K-O_apAvd3nPOfYmI21rj1vMSJxYXAeL0uxGmR2474Du22yzT3NZlIrkr8qBdjjPn5_Vw_w4q9vqtXUBr4EyIxYYCZHkozAiovVElBZ210wRZqcGjRacSmUAGPAVvik3i_QHyYjgY:1sFBzf:u-smPbKecmQFIcnxucU0MTe43RhL2_ADQfWLlB8r-m4', '2024-06-20 17:43:23.546619'),
('lpsg2o5is3av61botve0jps7lhwsqw7y', '.eJxVjMEOwiAQRP-FsyEFLBSP3v0GssvuStXQpLQn47_bJj3ocea9mbdKsC4lrY3nNJK6KKNOvx1CfnLdAT2g3iedp7rMI-pd0Qdt-jYRv66H-3dQoJVt7SM6LyFjz0QOGDwN7GyQLbgglkw3xA7ExmyRyMYzsTBEj8YIhF59vhIFOSk:1rGtIb:aQku4UvSZz2c2Vmepbsx5-Yu01iEilFe9IyKZ8aa5u4', '2024-01-06 09:37:41.710266'),
('lrrjxvcqmd31scs78ivj21ttuz9pdl99', '.eJxVjMEOwiAQRP-FsyGFLkvx6L3fQFjYStVAUtqT8d9tkx40c5v3Zt7Ch23Nfmu8-DmJq0AjLr8lhfjkcpD0COVeZaxlXWaShyJP2uRYE79up_t3kEPL-3owSlnnuEO0WoE1_aTJsmEAhJgi2ckpB5gM6UGhhk4xAfa8JxkL4vMF1Gk20A:1qrC03:dcnWaGFvN1Q_HMgAlUTIRk-QSP6a24kaUj0uvcblBRE', '2023-10-27 12:20:19.030432'),
('ludlg1p732anqm9j5qmpb0b6hoywoera', 'MGM5ZTI2NDg3Y2UzZWZkZDg4OWFiNzhhYmMzNmFkMWQxNGNjNWU0ZTp7Il9hdXRoX3VzZXJfYmFja2VuZCI6ImRqYW5nby5jb250cmliLmF1dGguYmFja2VuZHMuTW9kZWxCYWNrZW5kIiwiX2F1dGhfdXNlcl9oYXNoIjoiY2QyNGE1MzZjZjY4MTlhYjA3OGI4NWNjYmQwYjJhMWY5ZjkyZTRkNSIsIl9hdXRoX3VzZXJfaWQiOiIxIiwidGVtcF9sb2NhdGlvbiI6IjEifQ==', '2023-02-27 18:25:01.491132'),
('lvy5djbq6e7yxnpqte7t3xoj3aqt1l50', 'YjYzZWYwNDk5MThiNDlkNmIwMGRhZDAxZTAwMjIzNjA1MWM2N2E1MDp7Il9hdXRoX3VzZXJfaWQiOiI2MiIsIl9hdXRoX3VzZXJfYmFja2VuZCI6ImRqYW5nby5jb250cmliLmF1dGguYmFja2VuZHMuTW9kZWxCYWNrZW5kIiwiX2F1dGhfdXNlcl9oYXNoIjoiMThiNzMwZmZmOWVmNGVkOTI5YjE4YmE0MjEzZmU1NTk4Y2JhNWMzMSJ9', '2023-09-04 19:07:05.231202'),
('m48lhd3013meoc1srihfgqn2rhdq98jh', '.eJxVjssOgjAURP-la9P0QcvFpXu-gdxHK6gpCYWV8d-FhIVu55yZzFsNuK3jsNW0DJOoq_I-WHX5jQn5mcrB5IHlPmuey7pMpA9Fn7Tqfpb0up3u38CIddzbKMgmpZbZAZHh2DJ2nWkErHMZIHKA3NgYAnVerDPGR6KchdqwnwL1-QJyCDiZ:1sgGb5:ewMVFpvokSDByyVR7vrJ6pngXagFYyZCmzzCjRgBNEg', '2024-09-03 10:05:55.595574'),
('m6u1wpvbcf1yk7dnay5xd82oim9r0sz1', '.eJxVjEEOwiAQRe_C2hCgRQaX7nsGMgwzUjVtUtqV8e7apAvd_vfef6mE21rT1nhJY1EXZdXpd8tID552UO443WZN87QuY9a7og_a9DAXfl4P9--gYqvfOgvbAMghZwDvIpQzQodexNpIZGJvyLnOhCjRxyBkxQT2HAQcFejV-wPujDf3:1pogl7:hLrRBGoNDnnA-CYTX0vcm4NoB6N6Ee94BPGg4HfJ63I', '2023-05-02 14:02:17.843325'),
('m7j3y9c1dencxn9jn05yy2tlwhnba03o', '.eJxVjDsOwjAQRO_iGlk2iX-U9JzBWnt3cQDZUpxUiLuTSCmgGmnem3mLCOtS4tppjhOKi7BGnH7LBPlJdSf4gHpvMre6zFOSuyIP2uWtIb2uh_t3UKCXbR2UHj3ZwZlhS3I8MgdvlQ5svELQgCllQx4x8EAqMWSb1FkxsyNvxecLCvc45g:1t2Qjx:cOd5cMz50j9j9k2lBb7Rp2qwSLyJI_1igWi6Is0476U', '2024-11-03 13:22:41.913771'),
('mab1dv3h8gpurzpminzvgflz2vod6ek7', 'M2RmYzU2YWVkMDkzNWEyNGE5YWZiNzFhZTc5M2ZmNjNjZTlhNGVlNjp7Il9hdXRoX3VzZXJfYmFja2VuZCI6ImRqYW5nby5jb250cmliLmF1dGguYmFja2VuZHMuTW9kZWxCYWNrZW5kIiwiX2F1dGhfdXNlcl9oYXNoIjoiZWM0NjVjNDU4YTBmMjMyYTkxM2YyYTgyMDM2YTcxM2JjNTBmMTMzNiIsIl9hdXRoX3VzZXJfaWQiOiI1In0=', '2023-06-10 10:01:56.485058'),
('mekk0pvgbm8pfc65g3ov92bpnxidxrdz', '.eJxVjEEOwiAQRe_C2pACMoBL9z0DmYGpVA0kpV0Z765NutDtf-_9l4i4rSVunZc4Z3ERoMXpdyRMD647yXestyZTq-syk9wVedAux5b5eT3cv4OCvXxr8kRZWyRHOWhGQGQ0xpnJKmIVnHIWhwkBgleG2SetmWFAOkNwAcT7AzXJOJs:1qsJpJ:6H91zHKXQSv5lECTipjwwvanl6iKUds0SaP2EngkAvg', '2023-10-30 14:53:53.964832'),
('mjguodhr98r9dyml9nfq4yd8z86esmh7', '.eJxVjMEOwiAQRP-FsyEFLBSP3v0GssvuStXQpLQn47_bJj3ocea9mbdKsC4lrY3nNJK6KKNOvx1CfnLdAT2g3iedp7rMI-pd0Qdt-jYRv66H-3dQoJVt7SM6LyFjz0QOGDwN7GyQLbgglkw3xA7ExmyRyMYzsTBEj8YIhF59vhIFOSk:1rDz5u:Txo2dsZmbM8d8qx8kMxuyvRODgQEH3TkuW7k-pu0ts4', '2023-12-29 09:12:34.650882'),
('mp919saukr1kfkbjmwikfy9824afx4b8', '.eJxVjMEOwiAQRP-FsyGFLkvx6L3fQFjYStVAUtqT8d9tkx40c5v3Zt7Ch23Nfmu8-DmJq0AjLr8lhfjkcpD0COVeZaxlXWaShyJP2uRYE79up_t3kEPL-3owSlnnuEO0WoE1_aTJsmEAhJgi2ckpB5gM6UGhhk4xAfa8JxkL4vMF1Gk20A:1rCuUJ:lNWDEx0ubdH-Gi9BfdbUsK9DV0pqLoLHF6uUaDmGb68', '2023-12-26 10:05:19.094247'),
('mpfsavq9bqossd2l5mqk60slssqeue73', '.eJxVjDsOwjAQBe_iGln476WkzxmsXXuDA8iR4qRC3B0ipYD2zcx7iYTbWtPWeUlTERfhxOl3I8wPbjsod2y3Wea5rctEclfkQbsc5sLP6-H-HVTs9VsHNqCd0WEctSWLXM6QPRNpp1RhH5QNlsBbB8WjyZmyNTGoqKMBQBDvD9t7N1w:1pQjj2:Q76jF9xLCHlmvTt2VsiZlW6KhPTpwhOAP582J4P1Kig', '2023-02-25 12:21:08.539460'),
('mq3ugqzkonk2da685drazu4jt08jq1og', '.eJxVjMsOwiAUBf-FtSG8Hy7d9xvIhQtSNZCUdmX8d9ukC92emTlvEmBba9hGXsKM5EqkYoJcfucI6ZnbwfAB7d5p6m1d5kgPhZ500Kljft1O9--gwqh7bY0qoL12BlEnLp3AyIAVJUBqVMkw6RMgd9yiL8qquFtCWrBaRsM5-XwBRQI30Q:1skSkt:gjFu6y8mQlR96TUO0cZ75z9az0qzvhGfX6-F5pVJH5k', '2024-09-14 23:53:23.887148'),
('mzirwi6t79n79kfs561jisdog4tg2oi1', '.eJxVjMEOwiAQRP-FsyGFLkvx6L3fQFjYStVAUtqT8d9tkx40c5v3Zt7Ch23Nfmu8-DmJq0AjLr8lhfjkcpD0COVeZaxlXWaShyJP2uRYE79up_t3kEPL-3owSlnnuEO0WoE1_aTJsmEAhJgi2ckpB5gM6UGhhk4xAfa8JxkL4vMF1Gk20A:1qti4v:SFapcro-GSedprFRH3PwP0SI_X0zpYOIqhT3y6G5Ch4', '2023-11-03 10:59:45.973094'),
('n0x2izti6ufz84i1m6fnw4j20pox4abs', '.eJxVjEEOwiAQRe_C2pACMoBL9z0DmYGpVA0kpV0Z765NutDtf-_9l4i4rSVunZc4Z3ERoMXpdyRMD647yXestyZTq-syk9wVedAux5b5eT3cv4OCvXxr8kRZWyRHOWhGQGQ0xpnJKmIVnHIWhwkBgleG2SetmWFAOkNwAcT7AzXJOJs:1r6pvZ:PgKB6mgsY5bCAZcHhOmaaoTyYcaFfxsMeDdkyqJOFqw', '2023-12-09 16:00:21.786321'),
('n1x2g59kndj2eycttilbhp6wpav0vfve', 'NWM5OGQxYzlkMTMyNTQzZmY3Y2U5NGRjY2U2NzYzMWIxNDNkNmQwODp7Il9hdXRoX3VzZXJfYmFja2VuZCI6ImRqYW5nby5jb250cmliLmF1dGguYmFja2VuZHMuTW9kZWxCYWNrZW5kIiwiX2F1dGhfdXNlcl9pZCI6IjYyIiwiX2F1dGhfdXNlcl9oYXNoIjoiZjgzMzFiZTdiYTA0YmVmZDZiMDhiOTFmMmU4Y2M5NWE1OGJhMTZlMyJ9', '2023-07-31 14:40:49.464469'),
('n4n2s1bm4x88ogt40k7m2oj65wjia10l', 'YTg5NmY3MGI1ZTAxZGUwNjM1MjdjMzU5MWU5OGI5ZGRmMGYzOWY2Yzp7Il9hdXRoX3VzZXJfaWQiOiIyIiwiX2F1dGhfdXNlcl9oYXNoIjoiZDJjOWFhNTBlODIxZWY1ODgzZDk1OWQ1OWEyZWVkODhjMzMwNmRlOSIsIl9hdXRoX3VzZXJfYmFja2VuZCI6ImRqYW5nby5jb250cmliLmF1dGguYmFja2VuZHMuTW9kZWxCYWNrZW5kIn0=', '2023-06-01 08:38:17.417721'),
('n64jl7i6jfsahyz13dl2ha474d1nkxpq', '.eJxVjEEOwiAQRe_C2pACMoBL9z0DmYGpVA0kpV0Z765NutDtf-_9l4i4rSVunZc4Z3ERoMXpdyRMD647yXestyZTq-syk9wVedAux5b5eT3cv4OCvXxr8kRZWyRHOWhGQGQ0xpnJKmIVnHIWhwkBgleG2SetmWFAOkNwAcT7AzXJOJs:1s9IbA:HXEzSgE9m6KI6Ky8Zy3MBvqQmZH022L9rSWZQFpOJWw', '2024-06-04 11:33:44.830606'),
('n8rmbtbufwdvdyuwdg8rj78fj15osg89', 'NzUzMDY2NjE1ZTVjZjgyOWRmMjViNzk3MTM1ZjZkZDg4NGE1YTQ0ZTp7Il9hdXRoX3VzZXJfaWQiOiIxIiwiX2F1dGhfdXNlcl9iYWNrZW5kIjoiZGphbmdvLmNvbnRyaWIuYXV0aC5iYWNrZW5kcy5Nb2RlbEJhY2tlbmQiLCJfYXV0aF91c2VyX2hhc2giOiIxOGI3MzBmZmY5ZWY0ZWQ5MjliMThiYTQyMTNmZTU1OThjYmE1YzMxIn0=', '2023-09-01 16:20:27.218056'),
('n9kfvbdzhiiwao9bvvagmlqwe9vcs2db', '.eJxVjMEOwiAQRP-FsyGFLkvx6L3fQFjYStVAUtqT8d9tkx40c5v3Zt7Ch23Nfmu8-DmJq0AjLr8lhfjkcpD0COVeZaxlXWaShyJP2uRYE79up_t3kEPL-3owSlnnuEO0WoE1_aTJsmEAhJgi2ckpB5gM6UGhhk4xAfa8JxkL4vMF1Gk20A:1r0IkM:w5dOSk1gpC_lParhXY8EPpjpeIPLJD4TT2DPurlWDm4', '2023-11-21 15:21:46.367367'),
('ng5ls3z3rtkii8qpxjx9571lu0f91l75', '.eJxVjMsOwiAQRf-FtSE87AAu3fsNZIahUjWQlHZl_HfbpAvd3nPOfYuI61Li2vMcJxYXAUqcfkfC9Mx1J_zAem8ytbrME8ldkQft8tY4v66H-3dQsJet9qQSefRERmEAjQQ2GesIRuUcGJ9w5DAwBwTSvGEgF_SQzsEZZ634fAEdVzg4:1q6mnq:B4C-CVTYW7vYgBwyvoplNi94-G0dRqZ0ML4LhUKJJck', '2023-06-21 12:07:54.582891'),
('ng9pu1wjlqtligovfmbqow2meqtqvxgj', '.eJxVjMEOwiAQRP-FsyGFLkvx6L3fQFjYStVAUtqT8d9tkx40c5v3Zt7Ch23Nfmu8-DmJq0AjLr8lhfjkcpD0COVeZaxlXWaShyJP2uRYE79up_t3kEPL-3owSlnnuEO0WoE1_aTJsmEAhJgi2ckpB5gM6UGhhk4xAfa8JxkL4vMF1Gk20A:1r5Ovi:jNTTIQViWcMBgy7jXQ4sY90gwk_oOkagx0YCAJ0UwQM', '2023-12-05 16:58:34.742147'),
('nhs3ohefsdf0tsjaz2l9p7v91hi3rg6a', '.eJxVjEEOwiAQRe_C2pACMoBL9z0DmYGpVA0kpV0Z765NutDtf-_9l4i4rSVunZc4Z3ERoMXpdyRMD647yXestyZTq-syk9wVedAux5b5eT3cv4OCvXxr8kRZWyRHOWhGQGQ0xpnJKmIVnHIWhwkBgleG2SetmWFAOkNwAcT7AzXJOJs:1qq3tu:rbyG_F2QfwJQ-Vw0X6tE454naSdsNIsgjqsP1v5SgxM', '2023-10-24 09:29:18.052811'),
('nouxcopql81xd1uf7j8xocn3vkk4t7kt', 'eyJfcGFzc3dvcmRfcmVzZXRfdG9rZW4iOiJjY2trYzYtZWE3ODA0ZDczM2ZjN2Y1ZDVlNWQ4OWUwMjM5ZmU3OTgifQ:1sjuMn:knlVxXcO8jQ1_8N9sMgQswH6eWOuKvdzvAdbBn140SU', '2024-09-13 11:10:13.846636'),
('ns60xh3qsyc2egfgvd3adjis4b4r3sz6', '.eJxVjMEOwiAQRP-FsyGFLkvx6L3fQFjYStVAUtqT8d9tkx40c5v3Zt7Ch23Nfmu8-DmJq0AjLr8lhfjkcpD0COVeZaxlXWaShyJP2uRYE79up_t3kEPL-3owSlnnuEO0WoE1_aTJsmEAhJgi2ckpB5gM6UGhhk4xAfa8JxkL4vMF1Gk20A:1rW7tz:rrFOuo1izWPtSf78UwrkLgrHzQrTlSLczr-lLfElls4', '2024-02-17 10:15:15.362657'),
('nsbn3ghtnddgdmzend9jm2ovtm4tvqhw', '.eJxVjMEOwiAQRP-FsyGFLkvx6L3fQFjYStVAUtqT8d9tkx40c5v3Zt7Ch23Nfmu8-DmJq0AjLr8lhfjkcpD0COVeZaxlXWaShyJP2uRYE79up_t3kEPL-3owSlnnuEO0WoE1_aTJsmEAhJgi2ckpB5gM6UGhhk4xAfa8JxkL4vMF1Gk20A:1r3TgH:oAiCimMVjrqgucM2gbpiCinODHWf6oPy3pBSsSxnGsI', '2023-11-30 09:38:41.362891'),
('nufs1jzb8mz0id0dvdhv2igo2cwf2x6k', 'MWVhNmVkN2I3MGFhOWQ1YTA0YzNjNmIyMWNkYjc4ZDhhODc0MjBjYzp7Il9hdXRoX3VzZXJfaGFzaCI6IjE4YjczMGZmZjllZjRlZDkyOWIxOGJhNDIxM2ZlNTU5OGNiYTVjMzEiLCJfYXV0aF91c2VyX2JhY2tlbmQiOiJkamFuZ28uY29udHJpYi5hdXRoLmJhY2tlbmRzLk1vZGVsQmFja2VuZCIsIl9hdXRoX3VzZXJfaWQiOiI2MiJ9', '2023-09-26 22:45:27.779761'),
('nvmkh6c4e161esqa9cbpteftr8b0aqjh', '.eJxVjDsOwjAQBe_iGln2Ov5R0nMGa-1dkwCKpTipEHeHSCmgfTPzXiLhto5p67ykicRZGGO1OP3OGcuD553RHedbk6XN6zJluSvyoF1eG_Hzcrh_ByP28VtXV0ME1mAUFJMRGaKz2sJQlQscyQ-WvIlcPdSC1jEhBHSRsyarqnh_AEynOKw:1rF9tr:f2q0xsweEUtVVPSruBnnmiXXYhrLiKGaaLIAWcsF9Ro', '2024-01-01 14:56:59.573356'),
('nw2afi4fzg6hnhevg1iap3iyaw91j9x3', '.eJxVjMEOwiAQRP-FsyFIhQWP3vsNhN0FqRpISnsy_rtt0oMeZ96beYsQ16WEtac5TCyuQovTb4eRnqnugB-x3pukVpd5Qrkr8qBdjo3T63a4fwcl9rKtXUStMIMjx8YqT9rkCASoiNC7LV0GZTIajZ69Y7aQ7ZABzhopJRCfL_agOHs:1pQilc:8eN26dcG-IFat2slgHvteNkNATMUY0hBC4z_TeNYtlg', '2023-02-25 11:19:44.479627'),
('o3etayt2xj1u944we2qly6gj52418zbg', '.eJxVjMEOwiAQRP-FsyGFLkvx6L3fQFjYStVAUtqT8d9tkx40c5v3Zt7Ch23Nfmu8-DmJq0AjLr8lhfjkcpD0COVeZaxlXWaShyJP2uRYE79up_t3kEPL-3owSlnnuEO0WoE1_aTJsmEAhJgi2ckpB5gM6UGhhk4xAfa8JxkL4vMF1Gk20A:1qsaks:XKm-syWh4a80i-5MLRb2Fs7VRYPug5xyjCvDYB3xfHo', '2023-10-31 08:58:26.952598'),
('ocjf0z5o37lb088pas1wb6l30cbxorpy', '.eJxVjDsOwjAQBe_iGln2-hdT0nMGa71e4wCKpXwqxN0hUgpo38y8l0i4rS1tC89pLOIsPIjT75iRHjztpNxxunVJfVrnMctdkQdd5LUXfl4O9--g4dK-tTGkbWBAjQxOAXtU3lGoJpPBCD4UYCyWbPRKVx9jjVDqoIdMRC6K9wcE5jg6:1sPLKd:uuWmojmdGxky49Mwptcdfqu5W4qAgneHdqj5WRMHyl8', '2024-07-18 17:42:59.748711'),
('ocptsf01h9gf8faa7o2b09bmg7oej4f0', '.eJxVjDsOwjAQRO_iGlk2iX-U9JzBWnt3cQDZUpxUiLuTSCmgGmnem3mLCOtS4tppjhOKi7BGnH7LBPlJdSf4gHpvMre6zFOSuyIP2uWtIb2uh_t3UKCXbR2UHj3ZwZlhS3I8MgdvlQ5svELQgCllQx4x8EAqMWSb1FkxsyNvxecLCvc45g:1scOIr:6uPsvykto5M_E2cyHc6lPZfXN1XrgWEkUG0B6cut_ps', '2024-08-23 17:31:05.885218'),
('oer8702a7h83od8w9u7xsdqvvkoq96ep', 'OWQyOWZmMmM1Y2NiY2I0MWQ3NWZmMmRmYmI1ODQwMjM3ZjQ1ZmM2Mjp7Il9hdXRoX3VzZXJfaWQiOiI3NSIsIl9hdXRoX3VzZXJfaGFzaCI6ImY0MDU5Yzk5NjBjZWU3NmZkMGIxMTE0Y2Q2ZjdjYWZhYmRkNjQzOTkiLCJfYXV0aF91c2VyX2JhY2tlbmQiOiJkamFuZ28uY29udHJpYi5hdXRoLmJhY2tlbmRzLk1vZGVsQmFja2VuZCJ9', '2023-08-24 14:46:37.975231'),
('oh702kib7cjtsn7c1zfc1ezk0iho388o', '.eJxVjEEOwiAQRe_C2pACMoBL9z0DmYGpVA0kpV0Z765NutDtf-_9l4i4rSVunZc4Z3ERoMXpdyRMD647yXestyZTq-syk9wVedAux5b5eT3cv4OCvXxr8kRZWyRHOWhGQGQ0xpnJKmIVnHIWhwkBgleG2SetmWFAOkNwAcT7AzXJOJs:1rUkqS:K-TPr6--EWrshM5VtYycxwnEPjQOC3jPfGjwQWkwK5E', '2024-02-13 15:25:56.787963'),
('oi7377u9xvuozo3mxf7wrvkxmnjz1wwn', 'MzdkM2I2NmFlNjYxYzk0MWQ3OTc0NmM0ODJmMWY1MmM4MmE2NzNmYzp7Il9hdXRoX3VzZXJfaWQiOiIyIiwiX2F1dGhfdXNlcl9iYWNrZW5kIjoiZGphbmdvLmNvbnRyaWIuYXV0aC5iYWNrZW5kcy5Nb2RlbEJhY2tlbmQiLCJfYXV0aF91c2VyX2hhc2giOiJkMmM5YWE1MGU4MjFlZjU4ODNkOTU5ZDU5YTJlZWQ4OGMzMzA2ZGU5In0=', '2023-06-20 17:55:43.256516'),
('oj03l13ade3s5l8510c7iyiunyvjfe0u', 'M2RmYzU2YWVkMDkzNWEyNGE5YWZiNzFhZTc5M2ZmNjNjZTlhNGVlNjp7Il9hdXRoX3VzZXJfYmFja2VuZCI6ImRqYW5nby5jb250cmliLmF1dGguYmFja2VuZHMuTW9kZWxCYWNrZW5kIiwiX2F1dGhfdXNlcl9oYXNoIjoiZWM0NjVjNDU4YTBmMjMyYTkxM2YyYTgyMDM2YTcxM2JjNTBmMTMzNiIsIl9hdXRoX3VzZXJfaWQiOiI1In0=', '2023-06-30 09:44:40.966665'),
('ok0vh4ox8l19wh42otnkov434h44azzx', '.eJxVjMEOwiAQRP-FsyGFLkvx6L3fQFjYStVAUtqT8d9tkx40c5v3Zt7Ch23Nfmu8-DmJq0AjLr8lhfjkcpD0COVeZaxlXWaShyJP2uRYE79up_t3kEPL-3owSlnnuEO0WoE1_aTJsmEAhJgi2ckpB5gM6UGhhk4xAfa8JxkL4vMF1Gk20A:1r6mIz:ARFarxRxIXEQws5ZJKvmdsWA5gLT15bpaLxVbFA-Pzg', '2023-12-09 12:08:17.586556'),
('ol0twbon7gqw84mhu82h2f6ws53x9mln', '.eJxVjMEOwiAQRP-FsyGFLkvx6L3fQFjYStVAUtqT8d9tkx40c5v3Zt7Ch23Nfmu8-DmJq0AjLr8lhfjkcpD0COVeZaxlXWaShyJP2uRYE79up_t3kEPL-3owSlnnuEO0WoE1_aTJsmEAhJgi2ckpB5gM6UGhhk4xAfa8JxkL4vMF1Gk20A:1r5iON:TNtTjes1NitEtU3yyvO7pwf52867AAtNYnQHzwYQPz0', '2023-12-06 13:45:27.643646'),
('olxy4kd8ynj1v33f7tpibc7vieqcegbl', '.eJxVjEEOwiAQRe_C2pACMoBL9z0DmYGpVA0kpV0Z765NutDtf-_9l4i4rSVunZc4Z3ERoMXpdyRMD647yXestyZTq-syk9wVedAux5b5eT3cv4OCvXxr8kRZWyRHOWhGQGQ0xpnJKmIVnHIWhwkBgleG2SetmWFAOkNwAcT7AzXJOJs:1rAiWx:9T7ta06eogEyL1Ez230zb2F59ISu7yrSVnC7d5dqIzw', '2023-12-20 08:54:59.789833'),
('oqgnsfwwjaosn303w0rotyl8eb2xk2zn', 'OTlmOWE5NTdmOThjZTYyMTgxNjUwNmM1MTAyYTcwNTFjYzNmMjY3Nzp7Il9hdXRoX3VzZXJfYmFja2VuZCI6ImRqYW5nby5jb250cmliLmF1dGguYmFja2VuZHMuTW9kZWxCYWNrZW5kIiwiX2F1dGhfdXNlcl9oYXNoIjoiMzFkOTEwNzkyNDRmMjIwNzhkMmIzYjUzN2U0ZmQwZjczNzEyMTZjZSIsIl9hdXRoX3VzZXJfaWQiOiIyIn0=', '2023-07-27 15:49:39.350475'),
('ou5fbofln2xgtrgg47rw6bs4fon2kp1i', '.eJxVjMEOwiAQRP-FsyEFLBSP3v0GssvuStXQpLQn47_bJj3ocea9mbdKsC4lrY3nNJK6KKNOvx1CfnLdAT2g3iedp7rMI-pd0Qdt-jYRv66H-3dQoJVt7SM6LyFjz0QOGDwN7GyQLbgglkw3xA7ExmyRyMYzsTBEj8YIhF59vhIFOSk:1rDzjh:_rCBRO0ebpYzbr29iPYL0HgDX7XctAUC-PIadwjZTm4', '2023-12-29 09:53:41.952876'),
('p08iyt3kt0tdjieo9733oywoy8ugprn0', '.eJxVjEEOwiAQRe_C2pACMoBL9z0DmYGpVA0kpV0Z765NutDtf-_9l4i4rSVunZc4Z3ERoMXpdyRMD647yXestyZTq-syk9wVedAux5b5eT3cv4OCvXxr8kRZWyRHOWhGQGQ0xpnJKmIVnHIWhwkBgleG2SetmWFAOkNwAcT7AzXJOJs:1qqs1R:VitIijQVBfSINiDuz6it8M5fB0S2Xmvo6yGvEpF6TfE', '2023-10-26 15:00:25.764815'),
('p3iu1amaxy4t9fln7vmr5tbxhavavyq4', '.eJxVjMEOwiAQRP-FsyGFLkvx6L3fQFjYStVAUtqT8d9tkx40c5v3Zt7Ch23Nfmu8-DmJq0AjLr8lhfjkcpD0COVeZaxlXWaShyJP2uRYE79up_t3kEPL-3owSlnnuEO0WoE1_aTJsmEAhJgi2ckpB5gM6UGhhk4xAfa8JxkL4vMF1Gk20A:1r36oU:kIIua-NWx9HmAEzWF44mpR4XPTWxpDlMOJcaLyRNlEA', '2023-11-29 09:13:38.828212'),
('p6h01a6atnlmi19d70j7lmlyhpgp9nab', '.eJxVjEEOwiAQRe_C2pACMoBL9z0DmYGpVA0kpV0Z765NutDtf-_9l4i4rSVunZc4Z3ERoMXpdyRMD647yXestyZTq-syk9wVedAux5b5eT3cv4OCvXxr8kRZWyRHOWhGQGQ0xpnJKmIVnHIWhwkBgleG2SetmWFAOkNwAcT7AzXJOJs:1qqmcp:wy2v3RSNVZwdTN3YCdih99zSWf17xkgLzoy4fZOoMLE', '2023-10-26 09:14:39.727366'),
('pahmzfzev5a40c0hcvco5g96c50sqpwh', 'OTA0M2ZlYzU3ZGFiOTMyNmRmNjJlNzBlYTZkZmM2ZWIyYzc2N2ZiMzp7Il9hdXRoX3VzZXJfaWQiOiI3IiwiX2F1dGhfdXNlcl9iYWNrZW5kIjoiZGphbmdvLmNvbnRyaWIuYXV0aC5iYWNrZW5kcy5Nb2RlbEJhY2tlbmQiLCJfYXV0aF91c2VyX2hhc2giOiIzZDIzYTdhOThhODNhNmY2NzNkN2UzNWQzYTFhNTc1NGI2MTVjNDI5In0=', '2023-06-10 11:40:17.986950'),
('pfn21ehmnk24v5776te3d3gl6w2lk5ct', 'Y2QwMmZlZjNjYmQwYjU2ZjRjMWNmZGVhZDhkZmIyZWNmNTZkMTFlNTp7Il9hdXRoX3VzZXJfaWQiOiIyIiwiX2F1dGhfdXNlcl9oYXNoIjoiODc0NDdiYjMxZTI4OTFhY2VjY2I4YjdmMjAyMDdlMTIzODk3ODBhNSIsIl9hdXRoX3VzZXJfYmFja2VuZCI6ImRqYW5nby5jb250cmliLmF1dGguYmFja2VuZHMuTW9kZWxCYWNrZW5kIn0=', '2023-04-11 10:47:43.173031'),
('pgz8j39a1yfgplc25g42z5e2oz64gdpb', '.eJxVjEEOwiAQRe_C2pACMoBL9z0DmYGpVA0kpV0Z765NutDtf-_9l4i4rSVunZc4Z3ERoMXpdyRMD647yXestyZTq-syk9wVedAux5b5eT3cv4OCvXxr8kRZWyRHOWhGQGQ0xpnJKmIVnHIWhwkBgleG2SetmWFAOkNwAcT7AzXJOJs:1qoIMz:uVT00PIYTqKlNcR0krJrkj9qI9_fZUvYvy_R7U_2SEc', '2023-10-19 12:32:01.597574'),
('pn8tf84wa1jfb58qsrpk9g04uh664nig', 'Y2QwMmZlZjNjYmQwYjU2ZjRjMWNmZGVhZDhkZmIyZWNmNTZkMTFlNTp7Il9hdXRoX3VzZXJfaWQiOiIyIiwiX2F1dGhfdXNlcl9oYXNoIjoiODc0NDdiYjMxZTI4OTFhY2VjY2I4YjdmMjAyMDdlMTIzODk3ODBhNSIsIl9hdXRoX3VzZXJfYmFja2VuZCI6ImRqYW5nby5jb250cmliLmF1dGguYmFja2VuZHMuTW9kZWxCYWNrZW5kIn0=', '2023-04-12 11:48:43.722332'),
('pq5p2t81tjgkxbdgul5xgtfb06q78ibe', 'YzgyMGJhZjIzODc5NTcxNzk4ZTcyYTE2ZGZjZGNkNjhmMjk1YzMyOTp7Il9hdXRoX3VzZXJfaGFzaCI6IjE4YjczMGZmZjllZjRlZDkyOWIxOGJhNDIxM2ZlNTU5OGNiYTVjMzEiLCJfYXV0aF91c2VyX2lkIjoiMSIsIl9hdXRoX3VzZXJfYmFja2VuZCI6ImRqYW5nby5jb250cmliLmF1dGguYmFja2VuZHMuTW9kZWxCYWNrZW5kIn0=', '2023-09-21 09:51:05.220056'),
('pr90l36ch9zbdvac0wqc7o35m9vwb1iq', '.eJxVjMEOwiAQRP-FsyEFLBSP3v0GssvuStXQpLQn47_bJj3ocea9mbdKsC4lrY3nNJK6KKNOvx1CfnLdAT2g3iedp7rMI-pd0Qdt-jYRv66H-3dQoJVt7SM6LyFjz0QOGDwN7GyQLbgglkw3xA7ExmyRyMYzsTBEj8YIhF59vhIFOSk:1rFRXm:uz_stnapy2wqTokOWnmO_W9w87kjK7prJUt2o5djamo', '2024-01-02 09:47:22.750179');
INSERT INTO `django_session` (`session_key`, `session_data`, `expire_date`) VALUES
('q02t2rvi5w4a6ox8ujmlop2aj5wtmfvv', '.eJxVjEEOwiAQRe_C2pACMoBL9z0DmYGpVA0kpV0Z765NutDtf-_9l4i4rSVunZc4Z3ERoMXpdyRMD647yXestyZTq-syk9wVedAux5b5eT3cv4OCvXxr8kRZWyRHOWhGQGQ0xpnJKmIVnHIWhwkBgleG2SetmWFAOkNwAcT7AzXJOJs:1rE4UI:UznCyP3YA-YBOeJ0bs5h_EC1q5kovpiP_RW3CWG0F4E', '2023-12-29 14:58:06.471067'),
('q3h0d2rusefrbfuwx5ps55tq9cvrcjdi', 'NDdiYWJjNjQyNjFkN2YyZGYwMjJlNTQ1ZDcwYzU0YWZjZGEzYTIzZjp7Il9hdXRoX3VzZXJfaGFzaCI6ImVjNDY1YzQ1OGEwZjIzMmE5MTNmMmE4MjAzNmE3MTNiYzUwZjEzMzYiLCJfYXV0aF91c2VyX2lkIjoiNSIsIl9hdXRoX3VzZXJfYmFja2VuZCI6ImRqYW5nby5jb250cmliLmF1dGguYmFja2VuZHMuTW9kZWxCYWNrZW5kIn0=', '2023-06-30 12:35:36.967051'),
('q7mtyxtk4yl706ydq23o6qv1y7zjd2co', '.eJxVjMsOwiAQRf-FtSG8cVy69xvIwIBUDSSlXRn_3TbpQrf3nHPfLOC61LCOPIeJ2IVp7Sw7_c4R0zO3ndED273z1NsyT5HvCj_o4LdO-XU93L-DiqNuNQIgAXlKRrtUlDUFFRZRpItnHy2AMZJUzMlJ64zWIMD6rLbCiGKRfb5pCDiB:1t26QE:GQY68YtE6lSO1A-k75clX7VjFBqucZ6-xju9q5b-E2k', '2024-11-02 15:40:58.431568'),
('q8d5pery24d56bx0z6ovbunp3ytunnl4', '.eJxVjMEOwiAQRP-FsyGFLkvx6L3fQFjYStVAUtqT8d9tkx40c5v3Zt7Ch23Nfmu8-DmJq0AjLr8lhfjkcpD0COVeZaxlXWaShyJP2uRYE79up_t3kEPL-3owSlnnuEO0WoE1_aTJsmEAhJgi2ckpB5gM6UGhhk4xAfa8JxkL4vMF1Gk20A:1qvUn5:_0sC9x4u1zpuIRMj7PT0Fc87RJnV0ijnYygby3twDDA', '2023-11-08 09:12:43.780955'),
('qb8gb2m3iceninmvsecjv69ywpjjzik0', '.eJxVjMEOwiAQRP-FsyGFLkvx6L3fQFjYStVAUtqT8d9tkx40c5v3Zt7Ch23Nfmu8-DmJq0AjLr8lhfjkcpD0COVeZaxlXWaShyJP2uRYE79up_t3kEPL-3owSlnnuEO0WoE1_aTJsmEAhJgi2ckpB5gM6UGhhk4xAfa8JxkL4vMF1Gk20A:1rEPd0:a8T0EWT0Ks27nstmdlNBW4CGJgXOynaiOqe2zfQk9pI', '2023-12-30 13:32:30.614025'),
('qc07yjw7f8kk13qtz5i2hzcgdeuyonke', '.eJxVjEEOwiAQRe_C2pACMoBL9z0DmYGpVA0kpV0Z765NutDtf-_9l4i4rSVunZc4Z3ERoMXpdyRMD647yXestyZTq-syk9wVedAux5b5eT3cv4OCvXxr8kRZWyRHOWhGQGQ0xpnJKmIVnHIWhwkBgleG2SetmWFAOkNwAcT7AzXJOJs:1r7UrW:Vfa0WMXvg32v_gAKllFbWd21OiLnGnAO15a1Cod_Hbo', '2023-12-11 11:42:54.214886'),
('qgo4afp9codut7sp4po75ttzrl7sqefg', '.eJxVjMsOwiAQRf-FtSEFpjxcuvcbGmYGpGogKe3K-O_apAvd3nPOfYkpbmuZtp6WaWZxFsYEL06_M0Z6pLozvsd6a5JaXZcZ5a7Ig3Z5bZyel8P9Oyixl2-NmhyiGbIafXZgh8Tk2aMzIWgEYwONPCQATcaTdQQJnULOPqoAYMX7A2BPOIc:1sgci1:x7dapDwVQs0hHNs5dA8EdB52XKhqjU-s_NXXIrv04vs', '2024-09-04 09:42:33.610789'),
('qocutzctqzh439jjr1tp581evvs4c01w', '.eJxVjEEOwiAQRe_C2pACMoBL9z0DmYGpVA0kpV0Z765NutDtf-_9l4i4rSVunZc4Z3ERoMXpdyRMD647yXestyZTq-syk9wVedAux5b5eT3cv4OCvXxr8kRZWyRHOWhGQGQ0xpnJKmIVnHIWhwkBgleG2SetmWFAOkNwAcT7AzXJOJs:1qnWTw:88qZAutBjlj9AH_-I3FIu4o7hxSHWc7MaRe7xVm5T7o', '2023-10-17 09:24:00.308596'),
('qsi0myt0ic02uy6n8lmuj069aj07n361', 'ZjlhMzhkZWViMWEyNmY5MGQwZmM2MGM1NmE0NWRiN2JhZjg0MDA2Mjp7Il9hdXRoX3VzZXJfaGFzaCI6IjNkMjNhN2E5OGE4M2E2ZjY3M2Q3ZTM1ZDNhMWE1NzU0YjYxNWM0MjkiLCJfYXV0aF91c2VyX2JhY2tlbmQiOiJkamFuZ28uY29udHJpYi5hdXRoLmJhY2tlbmRzLk1vZGVsQmFja2VuZCIsIl9hdXRoX3VzZXJfaWQiOiI3In0=', '2023-07-03 11:28:11.973107'),
('qtaary7dt50lcozfuoel5xdqky98nbqu', '.eJxVjEEOwiAQRe_C2pAOlWHq0r1nIAMMUjU0Ke3KeHfbpAvdvvf-fyvP61L82mT2Y1IXBer0ywLHp9RdpAfX-6TjVJd5DHpP9GGbvk1JXtej_Tso3Mq25sAWhrMFRLIJSaATiL0kMgaJ-7wRRjYuE-YAYCU6cjZ3QGgDDurzBdPBN1Q:1sdNgI:PgyrAqob6hb82lIFKnoc9C7wnhfsFjs6JRdsG5yDRYI', '2024-08-26 11:03:22.388265'),
('qto2j3yxxxixsmbfkn155gmulhj71ohf', 'eyJfcGFzc3dvcmRfcmVzZXRfdG9rZW4iOiJjYzZyOWMtNDJkNDUxM2UwYjkzNGM2NGI0MTYzZmM1Y2IwZjM5ZjcifQ:1shCmg:AHQxcd7iSr25PtM_Vd0Mg9si4tKS81hjJe97NW7Xc-U', '2024-09-06 00:13:46.017440'),
('qu2qurnrwzsiunenawsuf2skqwm5nkbb', '.eJxVjEEOwiAQRe_C2pACMoBL9z0DmYGpVA0kpV0Z765NutDtf-_9l4i4rSVunZc4Z3ERoMXpdyRMD647yXestyZTq-syk9wVedAux5b5eT3cv4OCvXxr8kRZWyRHOWhGQGQ0xpnJKmIVnHIWhwkBgleG2SetmWFAOkNwAcT7AzXJOJs:1qnwpl:uAngt417Umm_wJ4OH12UhwiKSGdp8ggJfW-i33Tfigg', '2023-10-18 13:32:17.863146'),
('r1vaekqkgaa56kc62mo3s7kratgehn7i', '.eJxVjEEOwiAQRe_C2hCgRQaX7nsGMgwzUjVtUtqV8e7apAvd_vfef6mE21rT1nhJY1EXZdXpd8tID552UO443WZN87QuY9a7og_a9DAXfl4P9--gYqvfOgvbAMghZwDvIpQzQodexNpIZGJvyLnOhCjRxyBkxQT2HAQcFejV-wPujDf3:1ppT9f:FhiRPdVTr8vj2I5k8I5cWEMyT7QRZGfzAUl-cwOm-9c', '2023-05-04 17:42:51.485655'),
('r6ehd3aijb1ujlb1gklrpaxnmxwe9yy6', '.eJxVjMsOgjAUBf-la9NAb2jBpXu_gdynRU1JKKyI_25IWOj2zMzZ3Yjbmset6jJO4q4OIHbu8jsT8kvLweSJ5TF7nsu6TOQPxZ-0-vss-r6d7t9BxpqPuh96I23ZtBVjiA2TNsEkgg2JVTpA40iBKGifUkiA2DAKRREmc58votY63A:1r7tnS:y0-kN7cdmpPlso2KWdTXS9rm0s6Sd6TH3n1OMD2UZG8', '2023-12-12 14:20:22.537139'),
('rbalcmmrjw2au78ycx6juuwb2jrvo43a', 'ZGI0MTM0OGZlNDczNDlkZWM2MWZkNGQxNzI1MTNmNjM5NzIxMmQ3ZDp7Il9hdXRoX3VzZXJfaWQiOiI2IiwiX2F1dGhfdXNlcl9iYWNrZW5kIjoiZGphbmdvLmNvbnRyaWIuYXV0aC5iYWNrZW5kcy5Nb2RlbEJhY2tlbmQiLCJfYXV0aF91c2VyX2hhc2giOiIxZGIzN2VkNzM4NzJiOTRkZTkyODllYTUxNzNlNjgwNmNhZDNlMTRkIn0=', '2023-07-03 09:42:55.965842'),
('rcd05iiel1am1rfxlu6v1rr9kmjckb9g', '.eJxVjEEOwiAQRe_C2pACMoBL9z0DmYGpVA0kpV0Z765NutDtf-_9l4i4rSVunZc4Z3ERoMXpdyRMD647yXestyZTq-syk9wVedAux5b5eT3cv4OCvXxr8kRZWyRHOWhGQGQ0xpnJKmIVnHIWhwkBgleG2SetmWFAOkNwAcT7AzXJOJs:1qph4M:6gd5tKWZpOQ0eO7jVSGBOIzXqjM8hZ5MdXpHYqxr6hQ', '2023-10-23 09:06:34.670796'),
('refj0f3owlk5ibjf0dd5sp8jzt9bzx0d', '.eJxVjDsOwjAQBe_iGln-O6Gk5wzWOruLA8iW4qRC3B0ipYD2zcx7iQTbWtLWaUkzirMIRpx-xwzTg-pO8A711uTU6rrMWe6KPGiX14b0vBzu30GBXr61ClkbVtpqyJwjA3pQnn00YwCt0OYhjsSWQLNzTg2AgBwskvMcfBDvDxUrOIk:1sHi0I:KKXu4Gs60-jyTgT71LHKLKnjrscVmuV0_4PiKA4Quqk', '2024-06-27 16:18:26.626760'),
('regifsyn9fmj156c4ek7isl3qsk6650r', '.eJxVjMEOwiAQRP-FsyGFLkvx6L3fQFjYStVAUtqT8d9tkx40c5v3Zt7Ch23Nfmu8-DmJq0AjLr8lhfjkcpD0COVeZaxlXWaShyJP2uRYE79up_t3kEPL-3owSlnnuEO0WoE1_aTJsmEAhJgi2ckpB5gM6UGhhk4xAfa8JxkL4vMF1Gk20A:1r3pbI:twUcgatwIi12WgkjrBtZrrxvj40msmXKvS6XhM6mvSU', '2023-12-01 09:03:00.249783'),
('rg4dkuoee0b9ps7mmfxtvaw1moiswg8a', 'MWFmZDllNWExMzRhZGMzMGE1NjgxYzdlYTMyMmE0NWNmNmU0YmMyYTp7Il9hdXRoX3VzZXJfaGFzaCI6IjgxZjRmNzM2MmE0NzZmNDJkMzQwMTAwZGM0NTdkNDBhODY5MGZlNjIiLCJfYXV0aF91c2VyX2JhY2tlbmQiOiJkamFuZ28uY29udHJpYi5hdXRoLmJhY2tlbmRzLk1vZGVsQmFja2VuZCIsIl9hdXRoX3VzZXJfaWQiOiIyIn0=', '2023-07-03 15:27:31.939487'),
('rjuumt04lwbgk31tajqyf84a6jet3vtv', 'Y2U1N2RlMjdkMmExNDc3ZTRiMmI2ZmNhNTRlOWI2NWE2MWQ4ZWRiNzp7Il9hdXRoX3VzZXJfYmFja2VuZCI6ImRqYW5nby5jb250cmliLmF1dGguYmFja2VuZHMuTW9kZWxCYWNrZW5kIiwiX2F1dGhfdXNlcl9pZCI6IjIiLCJfYXV0aF91c2VyX2hhc2giOiJkMmM5YWE1MGU4MjFlZjU4ODNkOTU5ZDU5YTJlZWQ4OGMzMzA2ZGU5In0=', '2023-05-31 09:45:04.747785'),
('rk8ln4xms1ij6mpw2yhm8da555ff47w8', '.eJxVjEEOwiAQRe_C2pACMoBL9z0DmYGpVA0kpV0Z765NutDtf-_9l4i4rSVunZc4Z3ERoMXpdyRMD647yXestyZTq-syk9wVedAux5b5eT3cv4OCvXxr8kRZWyRHOWhGQGQ0xpnJKmIVnHIWhwkBgleG2SetmWFAOkNwAcT7AzXJOJs:1qp0t4:E6-VUWrFnFJ3GJMAfLPE_TUdJ3yyYaYCkshxVNb9BIo', '2023-10-21 12:04:06.318909'),
('rksxmnkpbkdmrv4eu2lpypjfzr8q0qsa', '.eJxVjMEOwiAQRP-FsyGFLkvx6L3fQFjYStVAUtqT8d9tkx40c5v3Zt7Ch23Nfmu8-DmJq0AjLr8lhfjkcpD0COVeZaxlXWaShyJP2uRYE79up_t3kEPL-3owSlnnuEO0WoE1_aTJsmEAhJgi2ckpB5gM6UGhhk4xAfa8JxkL4vMF1Gk20A:1r12RG:2Kg8foGgfiUT8PrbQ9PThX_chSFZC_gAlGHC1OzD5zI', '2023-11-23 16:09:06.659891'),
('rlr0pua0mxmmfd5rv2u98ysjnbrh7ilg', 'NTQxMDBhMmE2OWFjYzk2MjYwYmMwNzUzMDE2MzY0YTY2NmFiMDY2ODp7Il9hdXRoX3VzZXJfYmFja2VuZCI6ImRqYW5nby5jb250cmliLmF1dGguYmFja2VuZHMuTW9kZWxCYWNrZW5kIiwiX2F1dGhfdXNlcl9pZCI6IjYyIiwiX2F1dGhfdXNlcl9oYXNoIjoiMThiNzMwZmZmOWVmNGVkOTI5YjE4YmE0MjEzZmU1NTk4Y2JhNWMzMSJ9', '2023-08-31 14:43:19.752438'),
('rs1si4kouhevemhg7gdxfawy1f85mecj', '.eJxVjMEOwiAQRP-FsyGFLkvx6L3fQFjYStVAUtqT8d9tkx40c5v3Zt7Ch23Nfmu8-DmJq0AjLr8lhfjkcpD0COVeZaxlXWaShyJP2uRYE79up_t3kEPL-3owSlnnuEO0WoE1_aTJsmEAhJgi2ckpB5gM6UGhhk4xAfa8JxkL4vMF1Gk20A:1qxk3W:d0FSwhr0Md0uBKQhx0ZpG1_NHRTx7M50ju1RYgghfYg', '2023-11-14 13:54:58.101945'),
('rt7yde62n4ga5ka3prs8g326vxjemrht', 'M2U2MzE4Nzc1NTNiY2FiMTBjNmQxYzBlYzkyNDE5ZGNiODIwNTBhNTp7Il9hdXRoX3VzZXJfaGFzaCI6IjE4YjczMGZmZjllZjRlZDkyOWIxOGJhNDIxM2ZlNTU5OGNiYTVjMzEiLCJfYXV0aF91c2VyX2lkIjoiNjIiLCJfYXV0aF91c2VyX2JhY2tlbmQiOiJkamFuZ28uY29udHJpYi5hdXRoLmJhY2tlbmRzLk1vZGVsQmFja2VuZCJ9', '2023-08-17 11:49:17.104665'),
('rwxs909rnzfx3st5bv4tfsein5d1k798', '.eJxVjMEOwiAQRP-FsyGFLkvx6L3fQFjYStVAUtqT8d9tkx40c5v3Zt7Ch23Nfmu8-DmJq0AjLr8lhfjkcpD0COVeZaxlXWaShyJP2uRYE79up_t3kEPL-3owSlnnuEO0WoE1_aTJsmEAhJgi2ckpB5gM6UGhhk4xAfa8JxkL4vMF1Gk20A:1r91ZK:xxzpBUYkSF3EpxUlV7OkvPNP7gDdWJmqU7-fDDp-vc8', '2023-12-15 16:50:26.203035'),
('ry5hoq5b7muqpvefshlajmyhk9ext61n', 'NWVjMzYxY2M1YzUyYzUxZDVhMDIwNjc3MDQ5OTcwMmI1OWU5NzM2ODp7Il9hdXRoX3VzZXJfaWQiOiIyIiwiX2F1dGhfdXNlcl9oYXNoIjoiODFmNGY3MzYyYTQ3NmY0MmQzNDAxMDBkYzQ1N2Q0MGE4NjkwZmU2MiIsIl9hdXRoX3VzZXJfYmFja2VuZCI6ImRqYW5nby5jb250cmliLmF1dGguYmFja2VuZHMuTW9kZWxCYWNrZW5kIn0=', '2023-06-26 17:14:07.833090'),
('rzulojyc6pznk059kw9xogfm261z8ddl', 'NTgxNTFhOTFhYjIyYjRmYzM5ODM5MWU2ZDI0NWU4MGZkMGMzOWQ1Zjp7Il9hdXRoX3VzZXJfaGFzaCI6ImQyYzlhYTUwZTgyMWVmNTg4M2Q5NTlkNTlhMmVlZDg4YzMzMDZkZTkiLCJfYXV0aF91c2VyX2JhY2tlbmQiOiJkamFuZ28uY29udHJpYi5hdXRoLmJhY2tlbmRzLk1vZGVsQmFja2VuZCIsIl9hdXRoX3VzZXJfaWQiOiIyIn0=', '2023-06-19 10:08:13.300657'),
('s2cl3qoeb8h17c9tb08wrlqsttzqsyrd', 'eyJfcGFzc3dvcmRfcmVzZXRfdG9rZW4iOiJjY2trc3QtODE4MzU4ZTk5OGU2NjE4NDE3MjZiZDUwZGI2NTY3OTcifQ:1sjuWL:W9WGo71vmUp7lTtgW5XrPaBfw5qDIdRMTnGdnrPcW8s', '2024-09-13 11:20:05.883384'),
('s3njvs4lr7zfgu5n1vfpkotyr097rd1o', '.eJxVjEsOwjAMBe-SNYqaxHVTluw5Q2Q7LimgVOpnhbg7VOoCtm9m3ssk2taStkXnNGZzNujN6XdkkofWneQ71dtkZarrPLLdFXvQxV6nrM_L4f4dFFrKtxYfkLFnagg5923UTpkUusgKLjjIGAXBwwAETfQhonjEpnVeZQhi3h8P4TfV:1qjvIW:JCFDV-o86RfN4DX4phNDkPo8s0aWGCHxss_9puWc02I', '2023-10-07 11:05:20.411208'),
('s5a68yilsybcnzmge8q6r0dv41ro9cli', 'YTU1ZDBlZTMxMjhmOWU4NGMxNDMyYzRiNjljYjQzNGIzZDg3ZmZhMDp7Il9hdXRoX3VzZXJfYmFja2VuZCI6ImRqYW5nby5jb250cmliLmF1dGguYmFja2VuZHMuTW9kZWxCYWNrZW5kIiwiX2F1dGhfdXNlcl9pZCI6IjUiLCJfYXV0aF91c2VyX2hhc2giOiI1ZGE3MzY0MDI4NWM1NGQ2YjA2YmNiYzQzYTAzOGY5YWMyNWIwOGQ4In0=', '2023-04-18 14:07:30.637055'),
('s9r116lpuzsyn9y4k1tg0tt0ts0md5hu', '.eJxVjMEOwiAQRP-FsyGFLkvx6L3fQFjYStVAUtqT8d9tkx40c5v3Zt7Ch23Nfmu8-DmJq0AjLr8lhfjkcpD0COVeZaxlXWaShyJP2uRYE79up_t3kEPL-3owSlnnuEO0WoE1_aTJsmEAhJgi2ckpB5gM6UGhhk4xAfa8JxkL4vMF1Gk20A:1r8cfb:XF8se1grNaxb3qr0X6OdRNwdB-G_7ZGsxkBQJ_B8x0c', '2023-12-14 14:15:15.947537'),
('sa04s05phqhnblhcq6jmnftp1gh3uzyx', 'MmVkMWU1MzkxOTM3YzU0NjlhZWJhYTQyZjE4NjUwOWFmYTc4MjdkYjp7Il9hdXRoX3VzZXJfaWQiOiI1IiwiX2F1dGhfdXNlcl9oYXNoIjoiZWM0NjVjNDU4YTBmMjMyYTkxM2YyYTgyMDM2YTcxM2JjNTBmMTMzNiIsIl9hdXRoX3VzZXJfYmFja2VuZCI6ImRqYW5nby5jb250cmliLmF1dGguYmFja2VuZHMuTW9kZWxCYWNrZW5kIn0=', '2023-06-21 15:37:34.465297'),
('scikjdn95dsb0m8t6rei8p0zu7bcmg5k', '.eJxVjMEOwiAQRP-FsyEFLBSP3v0GssvuStXQpLQn47_bJj3ocea9mbdKsC4lrY3nNJK6KKNOvx1CfnLdAT2g3iedp7rMI-pd0Qdt-jYRv66H-3dQoJVt7SM6LyFjz0QOGDwN7GyQLbgglkw3xA7ExmyRyMYzsTBEj8YIhF59vhIFOSk:1rKaFQ:Gw_cUDNCvueI7BFobe1FYJzkmxpCeiXZ8I1EIdDM5JA', '2024-01-16 14:05:40.114621'),
('sedjzayom3fetprvo6panafbzfqrckx5', 'M2RmYzU2YWVkMDkzNWEyNGE5YWZiNzFhZTc5M2ZmNjNjZTlhNGVlNjp7Il9hdXRoX3VzZXJfYmFja2VuZCI6ImRqYW5nby5jb250cmliLmF1dGguYmFja2VuZHMuTW9kZWxCYWNrZW5kIiwiX2F1dGhfdXNlcl9oYXNoIjoiZWM0NjVjNDU4YTBmMjMyYTkxM2YyYTgyMDM2YTcxM2JjNTBmMTMzNiIsIl9hdXRoX3VzZXJfaWQiOiI1In0=', '2023-06-30 09:44:29.769524'),
('sesjfdxotlzhio07yco97wn4y3af4ee0', '.eJxVjMEOwiAQRP-FsyGFLkvx6L3fQFjYStVAUtqT8d9tkx40c5v3Zt7Ch23Nfmu8-DmJq0AjLr8lhfjkcpD0COVeZaxlXWaShyJP2uRYE79up_t3kEPL-3owSlnnuEO0WoE1_aTJsmEAhJgi2ckpB5gM6UGhhk4xAfa8JxkL4vMF1Gk20A:1qxhgE:huXb2QRKeqRmzXf_B_YeE4PJexwrSShG5qK1kQDSOTs', '2023-11-14 11:22:46.463995'),
('skkqd3nr6apdom1ebdy5j4ltimcryjr9', 'YzM1YjhlYzczN2Q2NDY4YzRhMDkxNDhkZWY1NzE0M2Y3MDgxMjdiZTp7Il9hdXRoX3VzZXJfYmFja2VuZCI6ImRqYW5nby5jb250cmliLmF1dGguYmFja2VuZHMuTW9kZWxCYWNrZW5kIiwiX2F1dGhfdXNlcl9pZCI6IjEiLCJfYXV0aF91c2VyX2hhc2giOiI2MTUyZmIwM2U3YmZlMTJkYWJiZDQ0NDc4ZDFjYjljNDEwZjU5Yzc2In0=', '2023-05-29 11:14:01.003807'),
('slhsvlk3pzh76ph35jnkl9bjijgzvy5r', 'Y2QwMmZlZjNjYmQwYjU2ZjRjMWNmZGVhZDhkZmIyZWNmNTZkMTFlNTp7Il9hdXRoX3VzZXJfaWQiOiIyIiwiX2F1dGhfdXNlcl9oYXNoIjoiODc0NDdiYjMxZTI4OTFhY2VjY2I4YjdmMjAyMDdlMTIzODk3ODBhNSIsIl9hdXRoX3VzZXJfYmFja2VuZCI6ImRqYW5nby5jb250cmliLmF1dGguYmFja2VuZHMuTW9kZWxCYWNrZW5kIn0=', '2023-04-08 17:12:54.370767'),
('so79qnd8m0x8h92zve61ud0a78slepag', '.eJxVjEEOwiAQRe_C2hCKUBiX7nsGMjOAVA0kpV0Z765NutDtf-_9lwi4rSVsPS1hjuIiRi1OvyMhP1LdSbxjvTXJra7LTHJX5EG7nFpMz-vh_h0U7OVbn5XhwVm0oF3MRIkzsfMIhAMxJ6PZaAU-EkQP1igYMxilrc-sEinx_gAmVDic:1sR2lM:JLDCvt2TIY5IePFOjj2m3Z-ZPPCcVzSgjaNE5Ji5G1s', '2024-07-23 10:17:36.242055'),
('sog662ca8puln5rc8xuhtp9bo1vv2737', '.eJxVjEEOwiAQRe_C2hCKUBiX7nsGMjOAVA0kpV0Z765NutDtf-_9lwi4rSVsPS1hjuIiRi1OvyMhP1LdSbxjvTXJra7LTHJX5EG7nFpMz-vh_h0U7OVbn5XhwVm0oF3MRIkzsfMIhAMxJ6PZaAU-EkQP1igYMxilrc-sEinx_gAmVDic:1shjBh:JjXDdSXtsDEShSrOsMGJy8L_kZCJCfHSM2r_0X4y6xY', '2024-09-07 10:49:45.390042'),
('sotu6jgjsjmyuj8zf76oslb85o0kmte3', '.eJxVjMEOwiAQRP-FsyFIhQWP3vsNhN0FqRpISnsy_rtt0oMeZ96beYsQ16WEtac5TCyuQovTb4eRnqnugB-x3pukVpd5Qrkr8qBdjo3T63a4fwcl9rKtXUStMIMjx8YqT9rkCASoiNC7LV0GZTIajZ69Y7aQ7ZABzhopJRCfL_agOHs:1pQmUF:KXd-fp9vqX0uOZ85dsPPOhXNR7NpoqSbK1F0083wuho', '2023-02-25 15:18:03.617579'),
('sqtgps5tx39r09bqy9y5zjxwh6qa52iv', '.eJxVjEEOwiAQRe_C2pACMoBL9z0DmYGpVA0kpV0Z765NutDtf-_9l4i4rSVunZc4Z3ERoMXpdyRMD647yXestyZTq-syk9wVedAux5b5eT3cv4OCvXxr8kRZWyRHOWhGQGQ0xpnJKmIVnHIWhwkBgleG2SetmWFAOkNwAcT7AzXJOJs:1rdNyc:k1Fn52TPSM9SKlujONe47mNUiymuSB0ikErIrFLpq9A', '2024-03-08 10:50:02.463343'),
('t7q3tybibnn81wgqvahxkbmanukoplnc', 'eyJfcGFzc3dvcmRfcmVzZXRfdG9rZW4iOiJjY21wczUtZThhZWUwZTYyZGYxNzNhYjlmYjk4YmJiN2ZiZDQ5Y2YifQ:1skKTP:D410_hBK9L3OdT_r7FqBr1j52N3BHxzCG6BKiafssAE', '2024-09-14 15:02:47.353254'),
('tbs4aekp5us79xtli4m56wi9exgbnqdj', 'MWFmZDllNWExMzRhZGMzMGE1NjgxYzdlYTMyMmE0NWNmNmU0YmMyYTp7Il9hdXRoX3VzZXJfaGFzaCI6IjgxZjRmNzM2MmE0NzZmNDJkMzQwMTAwZGM0NTdkNDBhODY5MGZlNjIiLCJfYXV0aF91c2VyX2JhY2tlbmQiOiJkamFuZ28uY29udHJpYi5hdXRoLmJhY2tlbmRzLk1vZGVsQmFja2VuZCIsIl9hdXRoX3VzZXJfaWQiOiIyIn0=', '2023-06-29 14:16:17.939634'),
('tf1lwvw2nicexc1zgvirl2fxn9hp64ev', '.eJxVjMEOwiAQRP-FsyGFLkvx6L3fQFjYStVAUtqT8d9tkx40c5v3Zt7Ch23Nfmu8-DmJq0AjLr8lhfjkcpD0COVeZaxlXWaShyJP2uRYE79up_t3kEPL-3owSlnnuEO0WoE1_aTJsmEAhJgi2ckpB5gM6UGhhk4xAfa8JxkL4vMF1Gk20A:1qlMbf:kvQZaeRoQsTCeynP64WcafuLu1IMc4wt_q7PNserN0E', '2023-10-11 10:27:03.118055'),
('tpqmmu8b4wtyuh55n6jk4ns3d39puaie', 'ZjEwNTk1YTcwNDdmOTAxNTY3ODIyYjc3NjhmYzI0MWZmNDJkYzk5YTp7Il9hdXRoX3VzZXJfYmFja2VuZCI6ImRqYW5nby5jb250cmliLmF1dGguYmFja2VuZHMuTW9kZWxCYWNrZW5kIiwiX2F1dGhfdXNlcl9oYXNoIjoiNjE1MmZiMDNlN2JmZTEyZGFiYmQ0NDQ3OGQxY2I5YzQxMGY1OWM3NiIsIl9hdXRoX3VzZXJfaWQiOiIxIn0=', '2023-05-26 16:34:54.837422'),
('tri7ba7gj2h02vlv6ny5geas4wukjsl5', 'YTRlODgxNDkxNGFlMGZjZDMwMWEwNmFmY2M4OGNkZGU5NWFkM2Y5MTp7Il9hdXRoX3VzZXJfYmFja2VuZCI6ImRqYW5nby5jb250cmliLmF1dGguYmFja2VuZHMuTW9kZWxCYWNrZW5kIiwiX2F1dGhfdXNlcl9pZCI6IjEiLCJfYXV0aF91c2VyX2hhc2giOiIxOGI3MzBmZmY5ZWY0ZWQ5MjliMThiYTQyMTNmZTU1OThjYmE1YzMxIn0=', '2023-08-30 08:57:44.174925'),
('u0l2dpjsxoq37xoek6h5bd1jo75jczqr', '.eJxVjDsOwjAQBe_iGln2Ov5R0nMGa-1dkwCKpTipEHeHSCmgfTPzXiLhto5p67ykicRZGGO1OP3OGcuD553RHedbk6XN6zJluSvyoF1eG_Hzcrh_ByP28VtXV0ME1mAUFJMRGaKz2sJQlQscyQ-WvIlcPdSC1jEhBHSRsyarqnh_AEynOKw:1rDioi:lIzwyx8lLvNRDdKZ3TY5kCDRV-nmZwkGUxx-F7wHUPw', '2023-12-28 15:49:44.098496'),
('u39qf46h2celf80pq6v7gd247dzrykh5', 'NWVjMzYxY2M1YzUyYzUxZDVhMDIwNjc3MDQ5OTcwMmI1OWU5NzM2ODp7Il9hdXRoX3VzZXJfaWQiOiIyIiwiX2F1dGhfdXNlcl9oYXNoIjoiODFmNGY3MzYyYTQ3NmY0MmQzNDAxMDBkYzQ1N2Q0MGE4NjkwZmU2MiIsIl9hdXRoX3VzZXJfYmFja2VuZCI6ImRqYW5nby5jb250cmliLmF1dGguYmFja2VuZHMuTW9kZWxCYWNrZW5kIn0=', '2023-06-30 11:45:05.309623'),
('u3t6ynidgfbz8upbmfs5ct2qr5z3rddo', '.eJxVjDsOwjAQBe_iGln-O6Gk5wzWOruLA8iW4qRC3B0ipYD2zcx7iQTbWtLWaUkzirMIRpx-xwzTg-pO8A711uTU6rrMWe6KPGiX14b0vBzu30GBXr61ClkbVtpqyJwjA3pQnn00YwCt0OYhjsSWQLNzTg2AgBwskvMcfBDvDxUrOIk:1sF3kF:JDWAxCvWsCRgQOGmYeRv0ZtQJcPgqnGJ8WeJNt6Dnfc', '2024-06-20 08:54:55.269555'),
('u4afl0qir85xi08k57sdaf3v7ktodpu3', 'YzgyMGJhZjIzODc5NTcxNzk4ZTcyYTE2ZGZjZGNkNjhmMjk1YzMyOTp7Il9hdXRoX3VzZXJfaGFzaCI6IjE4YjczMGZmZjllZjRlZDkyOWIxOGJhNDIxM2ZlNTU5OGNiYTVjMzEiLCJfYXV0aF91c2VyX2lkIjoiMSIsIl9hdXRoX3VzZXJfYmFja2VuZCI6ImRqYW5nby5jb250cmliLmF1dGguYmFja2VuZHMuTW9kZWxCYWNrZW5kIn0=', '2023-09-27 18:03:36.903910'),
('u8nb7j9ytti0xqzsbhw4kye3k6c5gmhw', '.eJxVjMsOgjAUBf-la9NAb2jBpXu_gdynRU1JKKyI_25IWOj2zMzZ3Yjbmset6jJO4q4OIHbu8jsT8kvLweSJ5TF7nsu6TOQPxZ-0-vss-r6d7t9BxpqPuh96I23ZtBVjiA2TNsEkgg2JVTpA40iBKGifUkiA2DAKRREmc58votY63A:1rF9iP:2imS2WxEDz8QXQARFM0xiVxfh3S2RmkdPF-3dGJny5U', '2024-01-01 14:45:09.055937'),
('ua31z1hths866tc6hmlv95qwbrsntrh5', '.eJxVjMEOwiAQRP-FsyEFLBSP3v0GssvuStXQpLQn47_bJj3ocea9mbdKsC4lrY3nNJK6KKNOvx1CfnLdAT2g3iedp7rMI-pd0Qdt-jYRv66H-3dQoJVt7SM6LyFjz0QOGDwN7GyQLbgglkw3xA7ExmyRyMYzsTBEj8YIhF59vhIFOSk:1r8cfb:NrI6y5xPWmE1IILn-xdN5HmipQhge4BQUKyAvzZhYh8', '2023-12-14 14:15:15.125932'),
('uaxd674uzdptcdl7xlrl7r45c20vdhvi', '.eJxVjEsOwjAMBe-SNYqaxHVTluw5Q2Q7LimgVOpnhbg7VOoCtm9m3ssk2taStkXnNGZzNujN6XdkkofWneQ71dtkZarrPLLdFXvQxV6nrM_L4f4dFFrKtxYfkLFnagg5923UTpkUusgKLjjIGAXBwwAETfQhonjEpnVeZQhi3h8P4TfV:1qjfO0:-6hqQ-ApeNbrA1R1t7E6zH_IehKK8M-jkGb2rSoBs4g', '2023-10-06 18:05:56.880684'),
('uhbvutgvpu6x0hvo4qqdpvoka5gkyswg', '.eJxVjEEOwiAQRe_C2pACMoBL9z0DmYGpVA0kpV0Z765NutDtf-_9l4i4rSVunZc4Z3ERoMXpdyRMD647yXestyZTq-syk9wVedAux5b5eT3cv4OCvXxr8kRZWyRHOWhGQGQ0xpnJKmIVnHIWhwkBgleG2SetmWFAOkNwAcT7AzXJOJs:1qsEOl:T61ssyTtTPxRC0ihN_Fo9SX19PcMpeRjs7JiqzJrPjk', '2023-10-30 09:06:07.260398'),
('ujp90u6y8dx2qbdgomnazyymncd7cehv', 'MmVkMWU1MzkxOTM3YzU0NjlhZWJhYTQyZjE4NjUwOWFmYTc4MjdkYjp7Il9hdXRoX3VzZXJfaWQiOiI1IiwiX2F1dGhfdXNlcl9oYXNoIjoiZWM0NjVjNDU4YTBmMjMyYTkxM2YyYTgyMDM2YTcxM2JjNTBmMTMzNiIsIl9hdXRoX3VzZXJfYmFja2VuZCI6ImRqYW5nby5jb250cmliLmF1dGguYmFja2VuZHMuTW9kZWxCYWNrZW5kIn0=', '2023-05-26 15:03:37.409382'),
('ul8kv1bf5h8qn6xoive5lrqsq4keatvs', 'MWFmZDllNWExMzRhZGMzMGE1NjgxYzdlYTMyMmE0NWNmNmU0YmMyYTp7Il9hdXRoX3VzZXJfaGFzaCI6IjgxZjRmNzM2MmE0NzZmNDJkMzQwMTAwZGM0NTdkNDBhODY5MGZlNjIiLCJfYXV0aF91c2VyX2JhY2tlbmQiOiJkamFuZ28uY29udHJpYi5hdXRoLmJhY2tlbmRzLk1vZGVsQmFja2VuZCIsIl9hdXRoX3VzZXJfaWQiOiIyIn0=', '2023-07-06 10:11:44.077176'),
('umept0dx3era7vuea7sjeoa8k967elfx', 'e30:1shCl2:3xyGqlY96mieoSNLjt5h39VK73AHJKYyKO2blovoznU', '2024-09-06 00:12:04.963742'),
('uq04j79mv1bnx2gzkzv08jxj03yh4lx7', '.eJxVjEEOwiAQRe_C2pACMoBL9z0DmYGpVA0kpV0Z765NutDtf-_9l4i4rSVunZc4Z3ERoMXpdyRMD647yXestyZTq-syk9wVedAux5b5eT3cv4OCvXxr8kRZWyRHOWhGQGQ0xpnJKmIVnHIWhwkBgleG2SetmWFAOkNwAcT7AzXJOJs:1rbxcj:AbDSUseeWDOxa3e_IHIYSUzfVx5OCpfARRr43VWulQY', '2024-03-04 12:29:33.015196'),
('utl7gcz3egqbhbvnl1labyua8m7a9hxd', 'MzliZWNkOTQ3OTlkMTgwNjgxNTMxZmM5Y2MwYTBhYjIzNzU4OGY3Nzp7Il9hdXRoX3VzZXJfaGFzaCI6Ijg3NDQ3YmIzMWUyODkxYWNlY2NiOGI3ZjIwMjA3ZTEyMzg5NzgwYTUiLCJ0ZW1wX2xvY2F0aW9uIjoiMSIsIl9hdXRoX3VzZXJfaWQiOiIyIiwiX2F1dGhfdXNlcl9iYWNrZW5kIjoiZGphbmdvLmNvbnRyaWIuYXV0aC5iYWNrZW5kcy5Nb2RlbEJhY2tlbmQifQ==', '2023-04-13 13:51:33.850708'),
('uwel3km6htxq1c0wqrr18dpwhh08akpj', '.eJxVjDsOwjAQBe_iGln2Ov5R0nMGa-1dkwCKpTipEHeHSCmgfTPzXiLhto5p67ykicRZGGO1OP3OGcuD553RHedbk6XN6zJluSvyoF1eG_Hzcrh_ByP28VtXV0ME1mAUFJMRGaKz2sJQlQscyQ-WvIlcPdSC1jEhBHSRsyarqnh_AEynOKw:1rRmU6:0ffBQDKEeC20Jm7po0u3fimhaORMI94D_yvr5c4-pEg', '2024-02-05 10:34:34.382985'),
('uxg2u2dosq5sdrqr5wlt5jxtc1q0xf79', '.eJxVjMEOwiAQRP-FsyGFLkvx6L3fQFjYStVAUtqT8d9tkx40c5v3Zt7Ch23Nfmu8-DmJq0AjLr8lhfjkcpD0COVeZaxlXWaShyJP2uRYE79up_t3kEPL-3owSlnnuEO0WoE1_aTJsmEAhJgi2ckpB5gM6UGhhk4xAfa8JxkL4vMF1Gk20A:1qrWh1:Jaf4kx-o59EdwXv8mm5C3_gXAdzNhi8ZA7umd1_bSwU', '2023-10-28 10:26:03.694328'),
('uy9ma5a8plvyngxfdts5ywcwq9h4jtvp', '.eJxVjMEOwiAQRP-FsyGFLkvx6L3fQFjYStVAUtqT8d9tkx40c5v3Zt7Ch23Nfmu8-DmJq0AjLr8lhfjkcpD0COVeZaxlXWaShyJP2uRYE79up_t3kEPL-3owSlnnuEO0WoE1_aTJsmEAhJgi2ckpB5gM6UGhhk4xAfa8JxkL4vMF1Gk20A:1r6OVN:QBbtG0d57Wnf5QvC-WB7j_RjJKsqz9DaIB-RPqBJOGY', '2023-12-08 10:43:29.337503'),
('v03j7j5kx75o9dsewzayovsyzcwbgtw5', '.eJxVjMEOwiAQRP-FsyGFLkvx6L3fQFjYStVAUtqT8d9tkx40c5v3Zt7Ch23Nfmu8-DmJq0AjLr8lhfjkcpD0COVeZaxlXWaShyJP2uRYE79up_t3kEPL-3owSlnnuEO0WoE1_aTJsmEAhJgi2ckpB5gM6UGhhk4xAfa8JxkL4vMF1Gk20A:1qvwFe:sxJVXeDbhHAggwc9n_xHsN-RWTKhDhkchTkuYAp0rO8', '2023-11-09 14:32:02.114711'),
('v24o77zkbt5xzjn6xv1fhifmagedhjb8', 'ODAyZmMyY2QwYTZlNzRiNDkyYTUwNzE3MWJhY2MzZWZiM2IwNjUzODp7Il9hdXRoX3VzZXJfaGFzaCI6ImQyYzlhYTUwZTgyMWVmNTg4M2Q5NTlkNTlhMmVlZDg4YzMzMDZkZTkiLCJfYXV0aF91c2VyX2lkIjoiMiIsIl9hdXRoX3VzZXJfYmFja2VuZCI6ImRqYW5nby5jb250cmliLmF1dGguYmFja2VuZHMuTW9kZWxCYWNrZW5kIn0=', '2023-05-29 20:16:34.676949'),
('v5uajjtac4lb7v7myyp1ivdq66qdwz6u', '.eJxVjEEOwiAQRe_C2hCKUBiX7nsGMjOAVA0kpV0Z765NutDtf-_9lwi4rSVsPS1hjuIiRi1OvyMhP1LdSbxjvTXJra7LTHJX5EG7nFpMz-vh_h0U7OVbn5XhwVm0oF3MRIkzsfMIhAMxJ6PZaAU-EkQP1igYMxilrc-sEinx_gAmVDic:1sTaqy:r6CrGo7rPObVgI9LvFEMuiHP-5wbRJypKPUYuuMhNr8', '2024-07-30 11:05:56.121128'),
('v8r1q9nq5n1b0p0nnwe17apflkck7dsq', '.eJxVjEEOwiAQRe_C2pACMoBL9z0DmYGpVA0kpV0Z765NutDtf-_9l4i4rSVunZc4Z3ERoMXpdyRMD647yXestyZTq-syk9wVedAux5b5eT3cv4OCvXxr8kRZWyRHOWhGQGQ0xpnJKmIVnHIWhwkBgleG2SetmWFAOkNwAcT7AzXJOJs:1rOBSh:trH6kJfIocJI7bH3cZpld2h09w9ar6Zf7BzN8G2rkow', '2024-01-26 12:26:15.735923'),
('v8vmjxvpqhafjzafos5nylcsos9wlvu9', '.eJxVjEEOwiAQRe_C2pACMoBL9z0DmYGpVA0kpV0Z765NutDtf-_9l4i4rSVunZc4Z3ERoMXpdyRMD647yXestyZTq-syk9wVedAux5b5eT3cv4OCvXxr8kRZWyRHOWhGQGQ0xpnJKmIVnHIWhwkBgleG2SetmWFAOkNwAcT7AzXJOJs:1r0Ity:IKK1nLB93axxH4-3nOfvTzIltqhvcwAeve54olJ3Px8', '2023-11-21 15:31:42.672719'),
('vah92fsa5m1l9q56ito1ahot8dvj8b2q', '.eJxVjMsOgjAUBf-la9NAb2jBpXu_gdynRU1JKKyI_25IWOj2zMzZ3Yjbmset6jJO4q4OIHbu8jsT8kvLweSJ5TF7nsu6TOQPxZ-0-vss-r6d7t9BxpqPuh96I23ZtBVjiA2TNsEkgg2JVTpA40iBKGifUkiA2DAKRREmc58votY63A:1rGE4Y:c7_hKFQEetmJyhkDXrz2WozvQAZAlX9Wz5DhmqpzIJw', '2024-01-04 13:36:26.489553'),
('vahfv34gboyoualttdyp96nzcjm7xc3n', '.eJxVjEEOwiAQRe_C2hCKUBiX7nsGMjOAVA0kpV0Z765NutDtf-_9lwi4rSVsPS1hjuIiRi1OvyMhP1LdSbxjvTXJra7LTHJX5EG7nFpMz-vh_h0U7OVbn5XhwVm0oF3MRIkzsfMIhAMxJ6PZaAU-EkQP1igYMxilrc-sEinx_gAmVDic:1sUO1g:8c-2BveOTc9Cn55EMQ5Lxa5XCui4iH2OlNfuDy3zTYs', '2024-08-01 15:36:16.624792'),
('vblz61dak6d37gdhhwn9529z8gy6prc8', 'NzMyZDIzZmUxY2UxMmFiYjQ3OWY3ODNkOWJhNjVmMzJlOWRiNmVlYTp7Il9hdXRoX3VzZXJfYmFja2VuZCI6ImRqYW5nby5jb250cmliLmF1dGguYmFja2VuZHMuTW9kZWxCYWNrZW5kIiwiX2F1dGhfdXNlcl9pZCI6IjUiLCJfYXV0aF91c2VyX2hhc2giOiJlYzQ2NWM0NThhMGYyMzJhOTEzZjJhODIwMzZhNzEzYmM1MGYxMzM2In0=', '2023-06-10 10:57:33.540808'),
('vflnyq2m6muimsa76aeov5rh2lg1ng09', '.eJxVjDsOwjAQRO_iGln-4WQp6TmDtd61cQDZUpxUiLuTSCmgG817M28RcF1KWHuaw8TiIrQ4_XYR6ZnqDviB9d4ktbrMU5S7Ig_a5a1xel0P9--gYC_bGizY7HLUg9pCdonRocWzGQGQKWcAzZbt4NEAK-sdZTaQVCIzRk_i8wXwfTh4:1qDhL6:oZHc9EXzc_SHAlhRzLWX_SiNZluVmqn-l8fHYBqjc_s', '2023-07-10 13:42:48.189735'),
('vibq069m4jywqfscmei4dcgz75r54tfh', 'NDdiYWJjNjQyNjFkN2YyZGYwMjJlNTQ1ZDcwYzU0YWZjZGEzYTIzZjp7Il9hdXRoX3VzZXJfaGFzaCI6ImVjNDY1YzQ1OGEwZjIzMmE5MTNmMmE4MjAzNmE3MTNiYzUwZjEzMzYiLCJfYXV0aF91c2VyX2lkIjoiNSIsIl9hdXRoX3VzZXJfYmFja2VuZCI6ImRqYW5nby5jb250cmliLmF1dGguYmFja2VuZHMuTW9kZWxCYWNrZW5kIn0=', '2023-06-13 11:32:18.367917'),
('vlqrjrebdsmpkjjr8zqzt1bi1rf46s53', '.eJxVjEEOwiAQRe_C2pACMoBL9z0DmYGpVA0kpV0Z765NutDtf-_9l4i4rSVunZc4Z3ERoMXpdyRMD647yXestyZTq-syk9wVedAux5b5eT3cv4OCvXxr8kRZWyRHOWhGQGQ0xpnJKmIVnHIWhwkBgleG2SetmWFAOkNwAcT7AzXJOJs:1qncu0:Fu3DFf-ZyiBRes3xmItNfmfhQvZL9kJhSdLco9WfJNY', '2023-10-17 16:15:20.073146'),
('vo595gqxr2ab8do7hxor49u3g6o09b9u', '.eJxVjDsOwjAQBe_iGln2Ov5R0nMGa-1dkwCKpTipEHeHSCmgfTPzXiLhto5p67ykicRZGGO1OP3OGcuD553RHedbk6XN6zJluSvyoF1eG_Hzcrh_ByP28VtXV0ME1mAUFJMRGaKz2sJQlQscyQ-WvIlcPdSC1jEhBHSRsyarqnh_AEynOKw:1qy8fY:4KzjwC3KTkYAIUgl8sLdp2dijMKChR6iZnEW4UMjfT8', '2023-11-15 16:11:52.097827'),
('wb4ik6n29nvk9tcgqr3idzdv5bwdlbe8', '.eJxVjDsOwjAQRO_iGlk2iX-U9JzBWnt3cQDZUpxUiLuTSCmgGmnem3mLCOtS4tppjhOKi7BGnH7LBPlJdSf4gHpvMre6zFOSuyIP2uWtIb2uh_t3UKCXbR2UHj3ZwZlhS3I8MgdvlQ5svELQgCllQx4x8EAqMWSb1FkxsyNvxecLCvc45g:1t20tf:8k5J81Pt0lvwCNuMFTHvVEiggXt7T0HNuzDIjI0S8_E', '2024-11-02 09:46:59.570842'),
('wgg5t64smmz9c791h78kayt1xk3nvkr4', '.eJxVjEEOwiAQRe_C2pACMoBL9z0DmYGpVA0kpV0Z765NutDtf-_9l4i4rSVunZc4Z3ERoMXpdyRMD647yXestyZTq-syk9wVedAux5b5eT3cv4OCvXxr8kRZWyRHOWhGQGQ0xpnJKmIVnHIWhwkBgleG2SetmWFAOkNwAcT7AzXJOJs:1qrXn0:1nyP7XGqpNIviPDdVKS_jTK13focCeTe6wHRgG_1_oY', '2023-10-28 11:36:18.662162'),
('wmq09fzy30jl8ajypjgx47fhlv79cnx6', '.eJxVjEEOwiAQRe_C2pACMoBL9z0DmYGpVA0kpV0Z765NutDtf-_9l4i4rSVunZc4Z3ERoMXpdyRMD647yXestyZTq-syk9wVedAux5b5eT3cv4OCvXxr8kRZWyRHOWhGQGQ0xpnJKmIVnHIWhwkBgleG2SetmWFAOkNwAcT7AzXJOJs:1qlRxe:74YfRgPqjUvBbe_LzqqBXon0yJ9XOLAs7IAy8YgC_pc', '2023-10-11 16:10:06.437392'),
('wtafp1sce3bz3tj8p2cbjbvlrgkur26m', '.eJxVjEEOwiAQRe_C2pACMoBL9z0DmYGpVA0kpV0Z765NutDtf-_9l4i4rSVunZc4Z3ERoMXpdyRMD647yXestyZTq-syk9wVedAux5b5eT3cv4OCvXxr8kRZWyRHOWhGQGQ0xpnJKmIVnHIWhwkBgleG2SetmWFAOkNwAcT7AzXJOJs:1rA1GO:6GPnDthGxpoYYJ50GkQD1ZPblxbm-7zSzHMjADQtdQA', '2023-12-18 10:43:00.247752'),
('wwtcv1k7f9rr5bq7bjckmqnsx3h7ei3g', '.eJxVjEEOwiAQRe_C2pACMoBL9z0DmYGpVA0kpV0Z765NutDtf-_9l4i4rSVunZc4Z3ERoMXpdyRMD647yXestyZTq-syk9wVedAux5b5eT3cv4OCvXxr8kRZWyRHOWhGQGQ0xpnJKmIVnHIWhwkBgleG2SetmWFAOkNwAcT7AzXJOJs:1qoKn4:BxyGGIV71o1PkPHzcKUCdJ0ZkgdLnzDytaZA69Eb1kY', '2023-10-19 15:07:06.374210'),
('wx0cf4nej3so5f4j1iijeq4m2tttzhn3', 'eyJfcGFzc3dvcmRfcmVzZXRfdG9rZW4iOiJjY2tqdTgtNTJhMjc1ZTE4ZDQ4NmNkOTMzODRiMGZiNTE5OWVhYjMifQ:1sjuCD:F3DTgfFFEUEgPgF3Vfx-8SzsdRCg2aoKw9WpH_XZtRY', '2024-09-13 10:59:17.484762'),
('wx2xliqvjq5pavxxt1b9gjc0q2hc4yh1', '.eJxVjMEOwiAQRP-FsyGFLkvx6L3fQFjYStVAUtqT8d9tkx40c5v3Zt7Ch23Nfmu8-DmJq0AjLr8lhfjkcpD0COVeZaxlXWaShyJP2uRYE79up_t3kEPL-3owSlnnuEO0WoE1_aTJsmEAhJgi2ckpB5gM6UGhhk4xAfa8JxkL4vMF1Gk20A:1qsxXI:XO2x91ydpIqLPn-EXqLoOe2JBzsXEf95SzbTDdFM7hQ', '2023-11-01 09:17:56.026456'),
('wybwy3akxtfry76bdtv911o0xo2ivg0m', '.eJxVjMEOwiAQRP-FsyEFLBSP3v0GssvuStXQpLQn47_bJj3ocea9mbdKsC4lrY3nNJK6KKNOvx1CfnLdAT2g3iedp7rMI-pd0Qdt-jYRv66H-3dQoJVt7SM6LyFjz0QOGDwN7GyQLbgglkw3xA7ExmyRyMYzsTBEj8YIhF59vhIFOSk:1qiXnl:rowfqM1RP5eiJvz9_AlV_koHiIBdun3xLLy8nqBUjug', '2023-10-03 15:47:53.616660'),
('x24hhffqz4plt9owo44vvsvealcq0a2j', '.eJxVjMEOwiAQRP-FsyGFLkvx6L3fQFjYStVAUtqT8d9tkx40c5v3Zt7Ch23Nfmu8-DmJq0AjLr8lhfjkcpD0COVeZaxlXWaShyJP2uRYE79up_t3kEPL-3owSlnnuEO0WoE1_aTJsmEAhJgi2ckpB5gM6UGhhk4xAfa8JxkL4vMF1Gk20A:1qvXHl:l1khKf6j-gof1cVAcqjl3_FSHPlqwa5qe6kVLTuIetg', '2023-11-08 11:52:33.461864'),
('x2ik3mkm8tskzi00o9d4jzssc9k0u4d6', '.eJxVjEEOwiAQRe_C2pACMoBL9z0DmYGpVA0kpV0Z765NutDtf-_9l4i4rSVunZc4Z3ERoMXpdyRMD647yXestyZTq-syk9wVedAux5b5eT3cv4OCvXxr8kRZWyRHOWhGQGQ0xpnJKmIVnHIWhwkBgleG2SetmWFAOkNwAcT7AzXJOJs:1rLeNR:Z6d0l1hp2iVQGKTPxIewY5rcLjx0EDosYSldgzGbIMA', '2024-01-19 12:42:21.691523'),
('x8takk4fmy9x3nm74vttikegp3vznijd', 'NzNjZDEwYjk1MTE5MmY4NjdhMmI1NmFlNzJhZjk0YjMxZTE5YzVmZjp7Il9hdXRoX3VzZXJfaWQiOiIxIiwiX2F1dGhfdXNlcl9oYXNoIjoiMTc5ZDhlMDQwNzg4OTJiNzQzMjQ2OGU5MDlkYTVmZTgxOWMzZjRkZCIsIl9hdXRoX3VzZXJfYmFja2VuZCI6ImRqYW5nby5jb250cmliLmF1dGguYmFja2VuZHMuTW9kZWxCYWNrZW5kIn0=', '2023-07-29 13:53:02.761037'),
('xae1nj9o1vvh3ate5m5utuml1h860tdp', 'NWVjMzYxY2M1YzUyYzUxZDVhMDIwNjc3MDQ5OTcwMmI1OWU5NzM2ODp7Il9hdXRoX3VzZXJfaWQiOiIyIiwiX2F1dGhfdXNlcl9oYXNoIjoiODFmNGY3MzYyYTQ3NmY0MmQzNDAxMDBkYzQ1N2Q0MGE4NjkwZmU2MiIsIl9hdXRoX3VzZXJfYmFja2VuZCI6ImRqYW5nby5jb250cmliLmF1dGguYmFja2VuZHMuTW9kZWxCYWNrZW5kIn0=', '2023-07-05 10:51:54.870091'),
('xb8v1f2w2obu60sg3kogj0wkjcwwalk8', 'YTU1ZDBlZTMxMjhmOWU4NGMxNDMyYzRiNjljYjQzNGIzZDg3ZmZhMDp7Il9hdXRoX3VzZXJfYmFja2VuZCI6ImRqYW5nby5jb250cmliLmF1dGguYmFja2VuZHMuTW9kZWxCYWNrZW5kIiwiX2F1dGhfdXNlcl9pZCI6IjUiLCJfYXV0aF91c2VyX2hhc2giOiI1ZGE3MzY0MDI4NWM1NGQ2YjA2YmNiYzQzYTAzOGY5YWMyNWIwOGQ4In0=', '2023-04-18 12:28:46.734095'),
('xbt9wnvq1zanwytcacu7qhqf1qv4rcq5', '.eJxVjMEOwiAQRP-FsyGFLkvx6L3fQFjYStVAUtqT8d9tkx40c5v3Zt7Ch23Nfmu8-DmJq0AjLr8lhfjkcpD0COVeZaxlXWaShyJP2uRYE79up_t3kEPL-3owSlnnuEO0WoE1_aTJsmEAhJgi2ckpB5gM6UGhhk4xAfa8JxkL4vMF1Gk20A:1r0ZeW:i8Fx5hI2X1kH6JuEWXYGkAvKQwdrY2gss8iCFv4z9Bw', '2023-11-22 09:24:52.476142'),
('xcwvkfemz3q7kvfi9s3jybi6rr9w56n0', 'YjYzZWYwNDk5MThiNDlkNmIwMGRhZDAxZTAwMjIzNjA1MWM2N2E1MDp7Il9hdXRoX3VzZXJfaWQiOiI2MiIsIl9hdXRoX3VzZXJfYmFja2VuZCI6ImRqYW5nby5jb250cmliLmF1dGguYmFja2VuZHMuTW9kZWxCYWNrZW5kIiwiX2F1dGhfdXNlcl9oYXNoIjoiMThiNzMwZmZmOWVmNGVkOTI5YjE4YmE0MjEzZmU1NTk4Y2JhNWMzMSJ9', '2023-08-19 12:21:17.502398'),
('xfahr6aysn1pj3yhj56pv6yzv54glwuc', '.eJxVjEEOwiAQRe_C2pAOlWHq0r1nIAMMUjU0Ke3KeHfbpAvdvvf-fyvP61L82mT2Y1IXBer0ywLHp9RdpAfX-6TjVJd5DHpP9GGbvk1JXtej_Tso3Mq25sAWhrMFRLIJSaATiL0kMgaJ-7wRRjYuE-YAYCU6cjZ3QGgDDurzBdPBN1Q:1sg0ZT:MEtEaxL4thGORWTau9jBsTroAlIIy1Z2TMIWXgytYX0', '2024-09-02 16:59:11.227114'),
('xi4gqahikgv07ydlsnsem75c7ikugxx1', 'MjkwOTdhN2MzZjg0ZDhjNDNiMWQyMzlhOWE2YTI4YWNmMmI1Yjc3NTp7Il9hdXRoX3VzZXJfYmFja2VuZCI6ImRqYW5nby5jb250cmliLmF1dGguYmFja2VuZHMuTW9kZWxCYWNrZW5kIiwiX2F1dGhfdXNlcl9pZCI6IjIiLCJfYXV0aF91c2VyX2hhc2giOiI4MWY0ZjczNjJhNDc2ZjQyZDM0MDEwMGRjNDU3ZDQwYTg2OTBmZTYyIn0=', '2023-07-05 11:13:25.844062'),
('xj1nvpa485vlyelz7r094kkexygdqy3d', '.eJxVjMEOwiAQRP-FsyGFLkvx6L3fQFjYStVAUtqT8d9tkx40c5v3Zt7Ch23Nfmu8-DmJq0AjLr8lhfjkcpD0COVeZaxlXWaShyJP2uRYE79up_t3kEPL-3owSlnnuEO0WoE1_aTJsmEAhJgi2ckpB5gM6UGhhk4xAfa8JxkL4vMF1Gk20A:1r4C2d:EGicWpGBtJdk_LnJ3m6gY3OcSYnzwdrOcAl5rOvN-WY', '2023-12-02 09:00:43.347938'),
('xnn5ckczujnwf1bc6ygchdywm85i1sot', '.eJxVjMEOwiAQRP-FsyGFLkvx6L3fQFjYStVAUtqT8d9tkx40c5v3Zt7Ch23Nfmu8-DmJq0AjLr8lhfjkcpD0COVeZaxlXWaShyJP2uRYE79up_t3kEPL-3owSlnnuEO0WoE1_aTJsmEAhJgi2ckpB5gM6UGhhk4xAfa8JxkL4vMF1Gk20A:1r10br:GbJb0F6wBgtpHZC4kNS2zak1wNHOTiejW-BquJ-skpU', '2023-11-23 14:11:55.282936'),
('y2a1oe81beti8dnzq0uremp1z2gl03m6', '.eJxVjDsOwjAQBe_iGln2Ov5R0nMGa-1dkwCKpTipEHeHSCmgfTPzXiLhto5p67ykicRZGGO1OP3OGcuD553RHedbk6XN6zJluSvyoF1eG_Hzcrh_ByP28VtXV0ME1mAUFJMRGaKz2sJQlQscyQ-WvIlcPdSC1jEhBHSRsyarqnh_AEynOKw:1rFuTl:qzevYvZesZPP-7nSGB0pTggejUWesFfGQz2mZDUUXYs', '2024-01-03 16:41:09.005365'),
('y34k9e6ix30jlval5y8c7cy0i5hpfzkt', '.eJxVjMEOwiAQRP-FsyFIhQWP3vsNhN0FqRpISnsy_rtt0oMeZ96beYsQ16WEtac5TCyuQovTb4eRnqnugB-x3pukVpd5Qrkr8qBdjo3T63a4fwcl9rKtXUStMIMjx8YqT9rkCASoiNC7LV0GZTIajZ69Y7aQ7ZABzhopJRCfL_agOHs:1pQhN0:lJ1LdkrHeBEKBtfQ-gil2BIgE62sofKwAuQUSpfIPqo', '2023-02-25 09:50:14.734349'),
('y59kmx0vqyysemjwv6swm1ftww3cu7ur', '.eJxVjEEOwiAQRe_C2pACMoBL9z0DmYGpVA0kpV0Z765NutDtf-_9l4i4rSVunZc4Z3ERoMXpdyRMD647yXestyZTq-syk9wVedAux5b5eT3cv4OCvXxr8kRZWyRHOWhGQGQ0xpnJKmIVnHIWhwkBgleG2SetmWFAOkNwAcT7AzXJOJs:1qlRhg:F9OghmaFeDtDWc9MLpDGoOlWM8pPjMmIsOyATiWZlyA', '2023-10-11 15:53:36.447306'),
('y5n4k1ih0jk7z2evppen3fykva0fzi18', '.eJxVjMEOwiAQRP-FsyEFLBSP3v0GssvuStXQpLQn47_bJj3ocea9mbdKsC4lrY3nNJK6KKNOvx1CfnLdAT2g3iedp7rMI-pd0Qdt-jYRv66H-3dQoJVt7SM6LyFjz0QOGDwN7GyQLbgglkw3xA7ExmyRyMYzsTBEj8YIhF59vhIFOSk:1qr9Ch:hqZSxQFawkSXTrFmWuZdsyXdtFzpIdCmcw_qNLebxMA', '2023-10-27 09:21:11.479420'),
('ycogf0seecomhhh2dims6rnbpc1174is', 'Y2U1N2RlMjdkMmExNDc3ZTRiMmI2ZmNhNTRlOWI2NWE2MWQ4ZWRiNzp7Il9hdXRoX3VzZXJfYmFja2VuZCI6ImRqYW5nby5jb250cmliLmF1dGguYmFja2VuZHMuTW9kZWxCYWNrZW5kIiwiX2F1dGhfdXNlcl9pZCI6IjIiLCJfYXV0aF91c2VyX2hhc2giOiJkMmM5YWE1MGU4MjFlZjU4ODNkOTU5ZDU5YTJlZWQ4OGMzMzA2ZGU5In0=', '2023-06-10 10:42:00.669927'),
('ykykizyiv6nbjy6ke236oq7uyt2nvp0a', '.eJxVjEEOwiAQRe_C2hCgRQaX7nsGMgwzUjVtUtqV8e7apAvd_vfef6mE21rT1nhJY1EXZdXpd8tID552UO443WZN87QuY9a7og_a9DAXfl4P9--gYqvfOgvbAMghZwDvIpQzQodexNpIZGJvyLnOhCjRxyBkxQT2HAQcFejV-wPujDf3:1pmo99:Ew_Ni_5Z0tzjSEy1vxaMBcQy8mQV4G203FYK3QyICao', '2023-04-27 09:31:19.488064'),
('ytjtiku0goahmm0kkjtyzuxhdff4csjl', '.eJxVjEsOwjAMBe-SNYqaxHVTluw5Q2Q7LimgVOpnhbg7VOoCtm9m3ssk2taStkXnNGZzNujN6XdkkofWneQ71dtkZarrPLLdFXvQxV6nrM_L4f4dFFrKtxYfkLFnagg5923UTpkUusgKLjjIGAXBwwAETfQhonjEpnVeZQhi3h8P4TfV:1qjZiR:epktez_fdKzArcn9IO4aYNrO5aeQcKKv2qAWC2G-gkE', '2023-10-06 12:02:39.072399'),
('ytsdejyb4mxifd8fx2bcvmxk8rsg5nnz', 'eyJfcGFzc3dvcmRfcmVzZXRfdG9rZW4iOiJjY2tsbzEtYjZhZDI5ZDI4NzJiMjFhMjc0YjZiODFmODMwNDE2NGUifQ:1sjup0:R2CJjS31Md6JFtd1WZgH2LvOUCl3iXS-LlrPVd0jqzY', '2024-09-13 11:39:22.939615'),
('yu0418538l7hjupflxmgaei2zqkpuqzt', 'MjFiMjllNzk4YmY5NmE5NTQ5YzFlYmQ3OGFhZjJlNzdiZGNiOWI1Zjp7Il9hdXRoX3VzZXJfaWQiOiI2MiIsIl9hdXRoX3VzZXJfaGFzaCI6IjE4YjczMGZmZjllZjRlZDkyOWIxOGJhNDIxM2ZlNTU5OGNiYTVjMzEiLCJfYXV0aF91c2VyX2JhY2tlbmQiOiJkamFuZ28uY29udHJpYi5hdXRoLmJhY2tlbmRzLk1vZGVsQmFja2VuZCJ9', '2023-08-31 11:51:10.972097'),
('z33bgscngfy781dmx9bfncwh1rv0s05j', 'NzMyZDIzZmUxY2UxMmFiYjQ3OWY3ODNkOWJhNjVmMzJlOWRiNmVlYTp7Il9hdXRoX3VzZXJfYmFja2VuZCI6ImRqYW5nby5jb250cmliLmF1dGguYmFja2VuZHMuTW9kZWxCYWNrZW5kIiwiX2F1dGhfdXNlcl9pZCI6IjUiLCJfYXV0aF91c2VyX2hhc2giOiJlYzQ2NWM0NThhMGYyMzJhOTEzZjJhODIwMzZhNzEzYmM1MGYxMzM2In0=', '2023-07-03 16:40:43.179806'),
('z6inq3y6vo6v99s83zer5pfzy70d975j', '.eJxVjMEOwiAQRP-FsyGFLkvx6L3fQFjYStVAUtqT8d9tkx40c5v3Zt7Ch23Nfmu8-DmJq0AjLr8lhfjkcpD0COVeZaxlXWaShyJP2uRYE79up_t3kEPL-3owSlnnuEO0WoE1_aTJsmEAhJgi2ckpB5gM6UGhhk4xAfa8JxkL4vMF1Gk20A:1r8uFB:TWZORT702djaRr5tVnLnjOSUswqbeCMbePE_Elrtv6g', '2023-12-15 09:01:09.864493'),
('zf7b9mxi65jytqb9mc6g24dc63zqo7dh', '.eJxVjDsOwjAQRO_iGlk2iX-U9JzBWnt3cQDZUpxUiLuTSCmgGmnem3mLCOtS4tppjhOKi7BGnH7LBPlJdSf4gHpvMre6zFOSuyIP2uWtIb2uh_t3UKCXbR2UHj3ZwZlhS3I8MgdvlQ5svELQgCllQx4x8EAqMWSb1FkxsyNvxecLCvc45g:1t3Tzp:j3YC04EryGdhktOX5PuEgHhSGlolWQ-ZErHp_vQEfXg', '2024-11-06 11:03:25.856665'),
('zg2r38z57s3nljmuf9mza7afd5o5q9rs', 'NTgxNTFhOTFhYjIyYjRmYzM5ODM5MWU2ZDI0NWU4MGZkMGMzOWQ1Zjp7Il9hdXRoX3VzZXJfaGFzaCI6ImQyYzlhYTUwZTgyMWVmNTg4M2Q5NTlkNTlhMmVlZDg4YzMzMDZkZTkiLCJfYXV0aF91c2VyX2JhY2tlbmQiOiJkamFuZ28uY29udHJpYi5hdXRoLmJhY2tlbmRzLk1vZGVsQmFja2VuZCIsIl9hdXRoX3VzZXJfaWQiOiIyIn0=', '2023-06-10 15:56:42.899506'),
('zm4xs7t06l9t0z4v128nu1fi4nzjuzlr', '.eJxVjMsOwiAQAP-FsyELS1n06L3f0CwsSNXQpI-T8d9NTQ96nZnMSw28rXXYljwPo6iLQqSgTr84cnrktju5c7tNOk1tnceo90QfdtH9JPl5Pdq_QeWlfs8oBgIVtOCRo3VUQCwyGlOIiUyClNALd2cGyxBsZoLIzoGX1Kn3BzRNN-E:1sQo07:4oyT1YVWl36LS__xmoYXvWSc3S54mi5lVfeYU6_BlRA', '2024-07-22 18:31:51.408499'),
('zqufo2y1ve98bshhmgbk5ybu29xkzpkq', 'NDdiYWJjNjQyNjFkN2YyZGYwMjJlNTQ1ZDcwYzU0YWZjZGEzYTIzZjp7Il9hdXRoX3VzZXJfaGFzaCI6ImVjNDY1YzQ1OGEwZjIzMmE5MTNmMmE4MjAzNmE3MTNiYzUwZjEzMzYiLCJfYXV0aF91c2VyX2lkIjoiNSIsIl9hdXRoX3VzZXJfYmFja2VuZCI6ImRqYW5nby5jb250cmliLmF1dGguYmFja2VuZHMuTW9kZWxCYWNrZW5kIn0=', '2023-06-21 09:54:03.354834'),
('zs06hp5tnsg9bxgaws53v2uc2sd4rege', '.eJxVjMEOwiAQRP-FsyEFLBSP3v0GssvuStXQpLQn47_bJj3ocea9mbdKsC4lrY3nNJK6KKNOvx1CfnLdAT2g3iedp7rMI-pd0Qdt-jYRv66H-3dQoJVt7SM6LyFjz0QOGDwN7GyQLbgglkw3xA7ExmyRyMYzsTBEj8YIhF59vhIFOSk:1qgi6z:68Nwya_pkoLejTmLQ4zEmT__ltYJLQjan6CPMfO0X2A', '2023-09-28 14:24:09.508088'),
('zs4cscx338uhqk6aknpo8purrxos6n1a', '.eJxVjMEOwiAQRP-FsyGFLkvx6L3fQFjYStVAUtqT8d9tkx40c5v3Zt7Ch23Nfmu8-DmJq0AjLr8lhfjkcpD0COVeZaxlXWaShyJP2uRYE79up_t3kEPL-3owSlnnuEO0WoE1_aTJsmEAhJgi2ckpB5gM6UGhhk4xAfa8JxkL4vMF1Gk20A:1rE40f:_kV1VgWAfOI1fl19h2hByKpq8fIjsvaNWo61qmXYPG4', '2023-12-29 14:27:29.947275'),
('zuvd729wuf8qlxmtocv6ji6atkb163od', '.eJxVjEEOwiAQRe_C2pACMoBL9z0DmYGpVA0kpV0Z765NutDtf-_9l4i4rSVunZc4Z3ERoMXpdyRMD647yXestyZTq-syk9wVedAux5b5eT3cv4OCvXxr8kRZWyRHOWhGQGQ0xpnJKmIVnHIWhwkBgleG2SetmWFAOkNwAcT7AzXJOJs:1qtKN8:TQsxvkXVPGu3ez0YHbPiCRvXkdYAm2cPRwuXmGK3jAw', '2023-11-02 09:40:58.430745');

-- --------------------------------------------------------

--
-- Table structure for table `event_bookmark`
--

CREATE TABLE `event_bookmark` (
  `id` int NOT NULL,
  `created_at` datetime(6) NOT NULL,
  `event_id` int NOT NULL,
  `user_id` int NOT NULL
) ENGINE=InnoDB DEFAULT CHARSET=utf8mb4 COLLATE=utf8mb4_0900_ai_ci;

--
-- Dumping data for table `event_bookmark`
--

INSERT INTO `event_bookmark` (`id`, `created_at`, `event_id`, `user_id`) VALUES
(16, '2024-07-08 18:33:01.550172', 73, 3378),
(17, '2024-07-09 16:33:24.164997', 163, 3378);

-- --------------------------------------------------------

--
-- Table structure for table `event_event`
--

CREATE TABLE `event_event` (
  `id` int NOT NULL,
  `name` varchar(300) NOT NULL,
  `event_details` longtext NOT NULL,
  `from_date` datetime(6) DEFAULT NULL,
  `to_date` datetime(6) DEFAULT NULL,
  `created_on` datetime(6) NOT NULL,
  `poster_image` varchar(100) DEFAULT NULL,
  `registration_close_date` date DEFAULT NULL,
  `venue` varchar(255) DEFAULT NULL,
  `self_reference` tinyint(1) NOT NULL,
  `highlight` longtext,
  `event_category_id` int NOT NULL,
  `event_organizer_id` int DEFAULT NULL,
  `event_type_id` int NOT NULL,
  `gurukulam_id` int DEFAULT NULL,
  `location_id` int DEFAULT NULL,
  `auto_accept` tinyint(1) NOT NULL,
  `ticket_booking_link_1` varchar(200) DEFAULT NULL,
  `ticket_booking_link_2` varchar(200) DEFAULT NULL,
  `ticket_booking_place` varchar(255) DEFAULT NULL,
  `likes` int UNSIGNED NOT NULL
) ;

--
-- Dumping data for table `event_event`
--

INSERT INTO `event_event` (`id`, `name`, `event_details`, `from_date`, `to_date`, `created_on`, `poster_image`, `registration_close_date`, `venue`, `self_reference`, `highlight`, `event_category_id`, `event_organizer_id`, `event_type_id`, `gurukulam_id`, `location_id`, `auto_accept`, `ticket_booking_link_1`, `ticket_booking_link_2`, `ticket_booking_place`, `likes`) VALUES
(49, 'SAMPLE EVENT 1', 'SAMPLE EVENT 1', '2024-08-11 20:52:00.000000', '2024-08-18 19:52:00.000000', '2023-09-15 11:39:17.300050', 'event_poster/088c2061-27c.png', '2024-08-10', 'SAMPLE EVENT 1', 0, 'SAMPLE EVENT 1', 1, 3, 1, NULL, 1, 1, 'https://insider.in/isaiyodu-spb-charan-live-in-concert-aug5-2023/event', NULL, NULL, 0),
(50, 'SAMPLE EVENT 2', 'SAMPLE EVENT 1', '2024-08-11 20:52:00.000000', '2024-08-18 19:52:00.000000', '2023-09-15 11:39:36.252810', 'event_poster/event.png', '2024-08-10', 'SAMPLE EVENT 1', 0, 'SAMPLE EVENT 1', 1, 3, 1, NULL, 1, 0, 'https://insider.in/isaiyodu-spb-charan-live-in-concert-aug5-2023/event', NULL, NULL, 0),
(51, 'SAMPLE EVENT 1', 'SAMPLE EVENT 1', '2023-08-11 20:52:00.000000', '2023-08-18 19:52:00.000000', '2023-08-02 16:55:43.236530', 'event_poster/event_1HxGeym.png', '2023-08-10', 'SAMPLE EVENT 1', 0, 'SAMPLE EVENT 1', 1, 3, 1, NULL, 1, 0, 'https://insider.in/isaiyodu-spb-charan-live-in-concert-aug5-2023/event', NULL, NULL, 0),
(52, 'SAMPLE EVENT 1', 'SAMPLE EVENT 1', '2023-08-11 20:52:00.000000', '2023-08-18 19:52:00.000000', '2023-08-02 16:55:48.828317', 'event_poster/event_zSJ4MEo.png', '2023-08-10', 'SAMPLE EVENT 1', 0, 'SAMPLE EVENT 1', 1, 3, 1, NULL, 1, 0, 'https://insider.in/isaiyodu-spb-charan-live-in-concert-aug5-2023/event', NULL, NULL, 0),
(53, 'SAMPLE EVENT 1', 'SAMPLE EVENT 1', '2023-08-11 20:52:00.000000', '2023-08-18 19:52:00.000000', '2023-08-02 16:55:59.681870', 'event_poster/event_NBYanr2.png', '2023-08-10', 'SAMPLE EVENT 1', 0, 'SAMPLE EVENT 1', 1, 3, 1, NULL, 1, 0, 'https://insider.in/isaiyodu-spb-charan-live-in-concert-aug5-2023/event', NULL, NULL, 0),
(54, 'SAMPLE EVENT 1', 'SAMPLE EVENT 1', '2023-08-11 20:52:00.000000', '2023-08-18 19:52:00.000000', '2023-08-02 16:56:08.228741', 'event_poster/event_AwRU69s.png', '2023-08-10', 'SAMPLE EVENT 1', 0, 'SAMPLE EVENT 1', 1, 3, 1, NULL, 1, 0, 'https://insider.in/isaiyodu-spb-charan-live-in-concert-aug5-2023/event', NULL, NULL, 0),
(55, 'Gowri national cultural Festival', 'The 4 day long Gowri National Cultural Festival comprises of the landmark performances of world renowned artistes', '2024-08-10 11:30:00.000000', '2024-09-19 11:30:00.000000', '2023-09-15 11:39:00.690734', 'event_poster/98c401a1-c51.png', '2024-08-30', 'In 3 Days Kikani Vidhya Mandir No.9, Rangaswamy Road, Sukrawar Pettai, R.S. Puram, Coimbatore, Tamil Nadu', 0, 'artist performances', 2, 5, 2, NULL, 1, 0, NULL, NULL, NULL, 0),
(56, 'House of Tribe', 'Contrary to popular belief, Lorem Ipsum is not simply random text. It has roots in a piece of classical Latin literature from 45 BC, making it over 2000 years old. Richard McClintock, a Latin professor at Hampden-Sydney College in Virginia, looked up one of the more obscure Latin words, consectetur, from a Lorem Ipsum passage, and going through the cites of the word in classical literature, discovered the undoubtable source. Lorem Ipsum comes from sections 1.10.32 and 1.10.33 of \"de Finibus Bonorum et Malorum\" (The Extremes of Good and Evil) by Cicero, written in 45 BC. This book is a treatise on the theory of ethics, very popular during the Renaissance. The first line of Lorem Ipsum, \"Lorem ipsum dolor sit amet..\", comes from a line in section 1.10.32.', '2023-08-24 15:25:00.000000', '2023-08-30 15:23:00.000000', '2023-10-19 17:16:20.103960', 'event_poster/gv.jpg', '2023-08-23', 'RS Puram', 0, 'Step right up, ladies and gentlemen, House of Tribe is in Coimbatore. Brace yourselves for the most tantalizing extravaganza. Prepare to be whisked away on a whirlwind adventure, filled to the brim with sensational music, mouthwatering food, and a vibrant flea market that will have you squealing with delight!\r\n\r\n\r\n\r\nFollow us on Instagram \"Fuse Networx\" for updates and offline tickets.', 1, 3, 1, NULL, 1, 0, 'https://in.bookmyshow.com/events/house-of-tribe/ET00362645', NULL, NULL, 0),
(57, 'House of Tribe', 'Contrary to popular belief, Lorem Ipsum is not simply random text. It has roots in a piece of classical Latin literature from 45 BC, making it over 2000 years old. Richard McClintock, a Latin professor at Hampden-Sydney College in Virginia, looked up one of the more obscure Latin words, consectetur, from a Lorem Ipsum passage, and going through the cites of the word in classical literature, discovered the undoubtable source. Lorem Ipsum comes from sections 1.10.32 and 1.10.33 of \"de Finibus Bonorum et Malorum\" (The Extremes of Good and Evil) by Cicero, written in 45 BC. This book is a treatise on the theory of ethics, very popular during the Renaissance. The first line of Lorem Ipsum, \"Lorem ipsum dolor sit amet..\", comes from a line in section 1.10.32.', '2023-08-18 15:25:00.000000', '2023-08-20 15:23:00.000000', '2023-10-19 17:16:04.176460', 'event_poster/musix_ZOTGKN5.jpg', '2023-08-17', 'RS Puram', 0, 'Step right up, ladies and gentlemen, House of Tribe is in Coimbatore. Brace yourselves for the most tantalizing extravaganza. Prepare to be whisked away on a whirlwind adventure, filled to the brim with sensational music, mouthwatering food, and a vibrant flea market that will have you squealing with delight!\r\n\r\n\r\n\r\nFollow us on Instagram \"Fuse Networx\" for updates and offline tickets.', 1, 3, 1, NULL, 1, 0, 'https://in.bookmyshow.com/events/house-of-tribe/ET00362645', NULL, NULL, 0),
(58, 'House of Tribe', 'Contrary to popular belief, Lorem Ipsum is not simply random text. It has roots in a piece of classical Latin literature from 45 BC, making it over 2000 years old. Richard McClintock, a Latin professor at Hampden-Sydney College in Virginia, looked up one of the more obscure Latin words, consectetur, from a Lorem Ipsum passage, and going through the cites of the word in classical literature, discovered the undoubtable source. Lorem Ipsum comes from sections 1.10.32 and 1.10.33 of \"de Finibus Bonorum et Malorum\" (The Extremes of Good and Evil) by Cicero, written in 45 BC. This book is a treatise on the theory of ethics, very popular during the Renaissance. The first line of Lorem Ipsum, \"Lorem ipsum dolor sit amet..\", comes from a line in section 1.10.32.', '2024-08-18 15:25:00.000000', '2024-08-20 15:23:00.000000', '2023-10-19 17:15:17.554587', 'event_poster/musix.jpg', '2024-08-17', 'RS Puram', 0, 'Step right up, ladies and gentlemen, House of Tribe is in Coimbatore. Brace yourselves for the most tantalizing extravaganza. Prepare to be whisked away on a whirlwind adventure, filled to the brim with sensational music, mouthwatering food, and a vibrant flea market that will have you squealing with delight!\r\n\r\n\r\n\r\nFollow us on Instagram \"Fuse Networx\" for updates and offline tickets.', 1, 3, 1, NULL, 1, 0, NULL, NULL, NULL, 0),
(59, 'MARAKKUMA NENJAM-1', 'Contrary to popular belief, Lorem Ipsum is not simply random text. It has roots in a piece of classical Latin literature from 45 BC, making it over 2000 years old. Richard McClintock, a Latin professor at Hampden-Sydney College in Virginia, looked up one of the more obscure Latin words, consectetur, from a Lorem Ipsum passage, and going through the cites of the word in classical literature, discovered the undoubtable source. Lorem Ipsum comes from sections 1.10.32 and 1.10.33 of \"de Finibus Bonorum et Malorum\" (The Extremes of Good and Evil) by Cicero, written in 45 BC. This book is a treatise on the theory of ethics, very popular during the Renaissance. The first line of Lorem Ipsum, \"Lorem ipsum dolor sit amet..\", comes from a line in section 1.10.32.', '2024-08-09 00:00:00.000000', '2024-08-21 00:00:00.000000', '2024-08-09 14:08:28.369684', 'event_poster/event_YOu7YfK.jpg', '2024-08-09', 'RS Puram', 0, 'Step right up, ladies and gentlemen, House of Tribe is in Coimbatore. Brace yourselves for the most tantalizing extravaganza. Prepare to be whisked away on a whirlwind adventure, filled to the brim with sensational music, mouthwatering food, and a vibrant flea market that will have you squealing with delight!\r\n\r\n\r\n\r\nFollow us on Instagram \"Fuse Networx\" for updates and offline tickets.', 1, 3, 2, NULL, 1, 0, 'https://player.vimeo.com/video/71787467p', 'https://player.vimeo.com/video/71787467p', 'chennai', 0),
(60, 'Pattupadavaa', 'Demo', '2024-07-12 00:00:00.000000', '2024-07-14 00:00:00.000000', '2024-01-22 14:44:20.766602', 'event_poster/25-Most-Beautiful-Blue-Flowers_16PAt4I.jpg', '2024-07-10', 'Coimbatore', 0, 'demos', 2, 3, 1, NULL, 1, 0, 'https://in.bookmyshow.com/explore/movies-coimbatore', 'https://in.bookmyshow.com/explore/movies-coimbatore', 'online', 0),
(72, 'Carnatic Music', 'Music for youth forms', '2023-12-16 09:00:00.000000', '2023-12-18 12:00:00.000000', '2023-12-05 11:46:15.326664', 'event_poster/a8a41576-88a.png', '2023-12-09', 'civil auditorium', 0, 'Music through harmony', 2, 3, 2, NULL, 4, 1, NULL, NULL, NULL, 0),
(73, 'kaatrin mozhi', 'Get ready to be dazzled by \"Kaatrin Mozhi,\" an electrifying Live In Concert featuring the music industry`s most legendary singers.', '2023-12-18 21:00:00.000000', '2023-12-19 23:00:00.000000', '2023-12-14 10:26:04.800555', 'event_poster/musicc_dtzJ3mX.jpg', '2023-12-15', 'Nehru Indoor Stadium', 0, 'kaatri mozhi', 1, 3, 2, NULL, 4, 0, NULL, NULL, NULL, 0),
(74, 'Music Festivals', 'The annual musical retreat for the music lovers across the globe is Chennai Music Festival.', '2023-12-15 08:00:00.000000', '2023-12-20 16:00:00.000000', '2023-12-08 14:34:11.252040', 'event_poster/e48f7bae-cc5.png', '2023-12-11', 'lakshmi stadium', 0, 'traditions of India', 1, 3, 2, NULL, 4, 1, NULL, NULL, NULL, 0),
(75, 'Concert Sample', 'sample', '2023-12-15 06:00:00.000000', '2023-12-17 21:00:00.000000', '2023-12-11 17:45:28.841254', 'event_poster/b6674b72-55f.png', '2023-12-14', 'Nehru stadium', 0, 'sample', 3, 3, 2, NULL, 1, 0, NULL, NULL, NULL, 0),
(106, 'Raagam', 'All types of music', '2023-12-15 00:00:00.000000', '2023-12-16 00:00:00.000000', '2023-12-14 10:05:09.220038', 'event_poster/musicc_ajbJvUt.jpg', '2023-12-11', 'Rs puram', 1, 'music', 2, NULL, 1, NULL, 4, 1, 'https://www.youtube.com/', 'https://www.youtube.com/', 'Coimbatore', 0),
(108, 'Melody Concert', 'Melody concert', '2024-09-10 00:00:00.000000', '2024-09-12 00:00:00.000000', '2023-12-21 12:04:02.447992', 'event_poster/event_02k46wD.jpg', '2024-09-07', 'chennai', 0, 'music', 1, 3, 1, NULL, 8, 1, 'https://www.youtube.com/user/BookMyShow', 'https://www.youtube.com/user/BookMyShow', 'online', 0),
(111, 'Academy of Western Music', 'Teaching different types of music\'s', '2024-02-14 04:09:00.000000', '2024-02-16 18:00:00.000000', '2023-12-14 16:12:36.675898', 'event_poster/611b3bca-bb4.png', '2024-02-11', 'Santhome High Rd, Basha Garden, Mylapore,', 0, 'music schools', 1, NULL, 2, 228, 4, 0, NULL, NULL, NULL, 0),
(131, 'Raagam -1', 'All types of music', '2024-09-11 00:00:00.000000', '2024-09-13 00:00:00.000000', '2023-12-23 09:39:44.515586', 'event_poster/8464e3020574ef810d65db3358efb838.jpg', '2024-09-09', 'Rs puram road', 0, 'music', 3, 3, 2, NULL, 4, 0, NULL, 'https://www.youtube.com/', NULL, 0),
(142, 'New Eventss', 'test', '2024-11-22 00:00:00.000000', '2024-11-26 00:00:00.000000', '2024-08-31 10:11:44.418650', 'event_poster/event_IuxRprc.jpg', '2024-11-11', 'coimbatore', 1, 'testt', 2, 3, 2, NULL, 1, 0, 'https://player.vimeo.com/video/71787467', 'https://player.vimeo.com/video/71787467', 'coimbatore', 0),
(153, 'new musics', 'test', '2023-12-16 00:00:00.000000', '2023-12-22 00:00:00.000000', '2023-12-15 12:39:44.817501', 'event_poster/event_xSYksO7.jpg', '2023-12-30', 'chennai', 0, 'test', 2, 3, 1, NULL, 6, 0, 'https://youtu.be/ldwlOzRvYOU?si=uleaW66WiJ7bbuO8', '', 'chennai', 0),
(155, 'Bhajanai', 'test', '2024-06-01 00:00:00.000000', '2024-06-02 00:00:00.000000', '2023-12-23 09:29:18.308701', 'event_poster/event_VKpXOOM.jpg', '2024-05-29', 'Chennai', 0, 'test', 3, 3, 1, NULL, 1, 0, NULL, NULL, NULL, 0),
(157, 'Flowers', 'test', '2024-08-26 00:00:00.000000', '2024-08-28 00:00:00.000000', '2023-12-23 09:31:59.605375', 'event_poster/event_NOhA9vV.jpg', '2024-08-24', 'chennai', 0, 'test', 2, 3, 1, NULL, 10, 0, NULL, '', NULL, 0),
(158, 'Music Event data', 'music', '2024-03-02 00:00:00.000000', '2024-03-03 00:00:00.000000', '2023-12-23 09:26:30.986051', 'event_poster/event_RVFxEhk.jpg', '2024-03-01', 'hall', 0, 'Music', 2, 3, 1, NULL, 3, 0, NULL, '', NULL, 0),
(159, 'musicz', 'test', '2024-04-27 00:00:00.000000', '2024-04-29 00:00:00.000000', '2023-12-23 09:27:43.297137', 'event_poster/event_w1ywBvb.jpg', '2024-04-25', 'chennai', 0, 'test', 2, 3, 1, NULL, 3, 0, NULL, 'https://player.vimeo.com/video/71787467', NULL, 0),
(160, 'Musical Festival', 'The festival will be held at Bhavan\'s Pottipati Gnanamba Obul Reddy Auditorium.', '2024-12-25 00:00:00.000000', '2024-12-27 00:00:00.000000', '2024-08-28 16:33:51.996072', 'event_poster/event_KNoa7hT.jpg', '2024-12-22', 'Temple', 0, 'Annual Bhavan\'s Margazhi Musical Festival', 2, NULL, 2, 228, 1, 1, 'https://youtu.be/H29AdYaeLSo?si=cgJrxM55xCrSREI7', 'https://youtu.be/H29AdYaeLSo?si=cgJrxM55xCrSREI7', 'chennai, Thamburam', 0),
(161, 'Indian classical music', 'Carnatic Music is a form of Indian classical music with origins in Southern India. Lyrics in Carnatic music are largely devotional; most of the songs are addressed to the Hindu deities.', '2024-10-25 00:00:00.000000', '2024-10-26 00:00:00.000000', '2024-08-28 16:30:10.468375', 'event_poster/event_3Vovvbz.jpg', '2024-10-22', 'music school', 0, 'Carnatic Music is a form of Indian classical music with origins in Southern India.', 1, NULL, 2, 228, 1, 0, 'https://youtu.be/H29AdYaeLSo?si=wcp2DUyjmMGgzLSF', 'https://youtu.be/H29AdYaeLSo?si=wcp2DUyjmMGgzLSF', 'Coimbatore', 0),
(163, 'testing events', 'test', '2024-01-05 00:00:00.000000', '2024-01-26 00:00:00.000000', '2023-12-30 10:09:18.531291', 'event_poster/event_YKQpNOj.jpg', '2023-12-30', 'Chennai', 0, 'test', 1, 3, 1, NULL, 20, 0, 'https://youtu.be/pnjMjbNpqrg?si=IDegOWKQC5E961z7', 'https://youtu.be/pnjMjbNpqrg?si=IDegOWKQC5E961z7', 'Coimbatore', 0),
(164, 'test', 'test', '2024-01-19 00:00:00.000000', '2024-01-26 00:00:00.000000', '2023-12-30 09:58:22.044718', 'event_poster/event_Aha6MwP.jpg', '2024-01-03', 'chennai', 0, 'test', 1, 3, 1, NULL, 8, 0, 'https://youtu.be/3rS933ekesE?si=s5gtUA-EgkmfPNR2', 'https://youtu.be/3rS933ekesE?si=s5gtUA-EgkmfPNR2', 'coimbatore', 0),
(165, 'sample', 'testing', '2024-01-18 00:00:00.000000', '2024-01-20 00:00:00.000000', '2024-01-06 16:35:26.815117', 'event_poster/event_gf7hliL.jpg', '2024-01-13', 'sai colony', 0, 'testing', 3, 3, 1, NULL, 20, 0, 'https://youtu.be/H29AdYaeLSo?si=wcp2DUyjmMGgzLSF', 'https://youtu.be/H29AdYaeLSo?si=wcp2DUyjmMGgzLSF', 'online', 0),
(166, 'Hello', 'music concert', '2024-01-10 00:00:00.000000', '2024-01-12 00:00:00.000000', '2024-01-05 09:42:55.417670', 'event_poster/event_fAKdD6H.jpg', '2024-01-08', 'kk nagar', 0, 'sample', 3, 3, 2, NULL, 6, 0, 'https://player.vimeo.com/video/71787467', 'https://player.vimeo.com/video/71787467', 'Online', 0),
(167, 'Best Music school', 'events', '2024-10-14 00:00:00.000000', '2024-10-16 00:00:00.000000', '2024-08-28 16:29:43.601523', 'event_poster/event_UB4garM.jpg', '2024-10-12', 'Coimbatore, Rs puram', 0, 'events', 1, NULL, 1, 228, 1, 0, 'https://youtu.be/H29AdYaeLSo?si=wcp2DUyjmMGgzLSF', 'https://youtu.be/H29AdYaeLSo?si=wcp2DUyjmMGgzLSF', 'online', 0),
(168, 'test', 'test', '2024-01-25 00:00:00.000000', '2024-01-31 00:00:00.000000', '2024-01-18 09:47:16.108844', 'event_poster/event_aRsZxQJ.jpg', '2024-01-18', 'chennai', 0, 'test', 1, NULL, 1, 228, 10, 0, 'https://youtu.be/EM5KwkTQzsE?si=leJq8ges0R4q1pVE', 'https://youtu.be/EM5KwkTQzsE?si=leJq8ges0R4q1pVE', 'coimbatore', 0),
(169, 'musicals', 'test', '2024-08-23 00:00:00.000000', '2024-08-30 00:00:00.000000', '2024-08-07 12:35:00.540559', 'event_poster/event_dgy5lW9.jpg', '2024-08-22', 'chennai', 0, 'test', 1, NULL, 1, 228, 6, 0, 'https://youtu.be/H29AdYaeLSo?si=cgJrxM55xCrSREI7', 'https://youtu.be/H29AdYaeLSo?si=cgJrxM55xCrSREI7', 'chennai', 0),
(170, 'testing by madhan', 'samplw event details 🪄💛', '2024-08-16 00:00:00.000000', '2024-08-17 00:00:00.000000', '2024-08-08 11:34:30.074817', 'event_poster/event_o5CRMdr.jpg', '2024-08-15', 'cc hall', 0, 'rocky bhai', 1, 3, 1, NULL, 1, 0, 'https://in.bookmyshow.com', 'https://in.bookmyshow.com', 'cbe', 0),
(171, 'testing modee', 'hhh', '2024-08-16 00:00:00.000000', '2024-08-17 00:00:00.000000', '2024-08-08 11:38:24.641207', 'event_poster/event_DtqQC9E.jpg', '2024-08-15', 'hhh', 1, 'hhh', 2, 3, 1, NULL, 9, 0, 'https://in.bookmyshow.com', 'https://in.bookmyshow.com', 'cbe', 0),
(172, 'music fest', 'music evebt psd hight quality', '2024-08-22 00:00:00.000000', '2024-08-29 00:00:00.000000', '2024-08-08 12:42:16.270951', 'event_poster/event_8EtcIVW.jpg', '2024-08-14', 'chennai', 0, 'psd templates', 2, NULL, 1, 228, 6, 0, 'https://docs.google.com/document/d/1KcqWqxpGvPwjiEmrkJIKf1TbTmMEXV3fSMNw1hW5iP4/edit?usp=sharing', 'https://docs.google.com/document/d/1KcqWqxpGvPwjiEmrkJIKf1TbTmMEXV3fSMNw1hW5iP4/edit?usp=sharing', 'chennai', 0),
(173, 'harmony heven', 'Create Music Festival name ideas in seconds using our AI Music Festival name generator!', '2024-08-13 00:00:00.000000', '2024-08-15 00:00:00.000000', '2024-08-09 13:46:22.991988', 'event_poster/event_hGSmwZe.jpg', '2024-08-12', 'chennai', 0, 'Create Music Festival name ideas in seconds using our AI Music Festival name generator!', 2, 3, 2, NULL, 8, 0, 'https://www.brandcrowd.com/business-name-generator/tag/music-festival', '', 'chennai', 0),
(174, 'Oii Oii - Tamil Alternative Music Festival', 'Oii Oii - Tamil Alternative Music Festival Oii Oii - Tamil Alternative Music FestivalOii Oii - Tamil Alternative Music FestivalOii Oii - Tamil Alternative Music FestivalOii Oii - Tamil Alternative Music FestivalOii Oii - Tamil Alternative Music FestivalOii Oii - Tamil Alternative Music Festival', '2024-08-16 10:30:00.000000', '2024-08-17 14:39:00.000000', '2024-08-10 11:41:09.320893', 'event_poster/1f99ec75-e99.png', '2024-08-15', 'Kodisia', 0, 'sample', 1, 3, 2, NULL, 1, 0, 'https://in.bookmyshow.com/events/oii-oii-tamil-alternative-music-festival/ET00405310', NULL, 'kodisia', 0),
(175, 'AR Rahman', 'test', '2024-08-22 00:00:00.000000', '2024-08-23 00:00:00.000000', '2024-08-20 09:53:57.570843', 'event_poster/event_9jTQSbn.jpg', '2024-08-21', 'chennai', 0, 'test', 2, NULL, 1, 228, 4, 0, 'https://wynk.in/music', 'https://wynk.in/music', 'chennai 1', 0),
(176, 'AR Rahman', 'test', '2024-08-22 00:00:00.000000', '2024-08-23 00:00:00.000000', '2024-08-20 09:53:02.291446', 'event_poster/event_0lV6gtA.jpg', '2024-08-21', 'chennai', 0, 'test', 2, NULL, 1, 228, 4, 0, 'https://wynk.in/music', 'https://wynk.in/music', 'chennai', 0),
(177, 'Illayaraja', 'test', '2024-08-22 00:00:00.000000', '2024-08-28 00:00:00.000000', '2024-08-20 09:56:07.999165', 'event_poster/event_k6M4UZK.jpg', '2024-08-22', 'chennai', 0, 'test', 2, NULL, 1, 228, 16, 0, 'https://wynk.in/music', '', 'chennai', 0),
(178, 'pattu padava', 'test', '2024-08-28 00:00:00.000000', '2024-08-30 00:00:00.000000', '2024-08-20 12:55:30.603910', 'event_poster/event_ERtBzdp.jpg', '2024-08-22', 'chennai', 0, 'test', 2, 13, 1, NULL, 6, 0, 'https://youtube.com/shorts/9aeuJ3_6rNo?si=tTPg3pWvTpjRRANR', '', 'chennai', 0),
(179, 'Melody Mania Summer Jam', 'test', '2024-08-28 00:00:00.000000', '2024-08-29 00:00:00.000000', '2024-08-20 14:19:39.792877', 'event_poster/event_6spdzcZ.jpg', '2024-08-21', 'chennai', 0, 'test', 1, 16, 2, NULL, 6, 0, 'https://docs.google.com/document/d/1gH8KXtY79gmZJe3qLPAr4UaIcFBenZtmCsjyEteqn0I/edit?usp=sharing', '', 'chennai', 0),
(180, 'Rock in india', 'test', '2024-08-23 00:00:00.000000', '2024-08-30 00:00:00.000000', '2024-08-20 14:25:10.733289', 'event_poster/event_PeEF9e8.jpg', '2024-08-22', 'chennai', 0, 'test', 3, 16, 1, NULL, 11, 0, 'https://docs.google.com/document/d/1gH8KXtY79gmZJe3qLPAr4UaIcFBenZtmCsjyEteqn0I/edit?usp=sharing', '', 'chennai', 0),
(181, 'new events', 'tets', '2024-08-23 00:00:00.000000', '2024-08-28 00:00:00.000000', '2024-08-20 16:50:26.160208', 'event_poster/event_ZpCWBsF.jpg', '2024-08-21', 'chennai', 0, 'test', 1, 16, 2, NULL, 9, 0, 'https://byjus.com/maths/types-of-events-in-probability/', '', 'chennai', 0),
(182, 'keep its short', 'test', '2024-08-29 00:00:00.000000', '2024-08-30 00:00:00.000000', '2024-08-21 11:18:59.557405', 'event_poster/event_xlXMlWC.jpg', '2024-08-21', 'chennai', 0, 'test', 3, 16, 2, NULL, 2, 0, 'https://www.brandcrowd.com/business-name-generator/tag/music-festival', 'https://www.brandcrowd.com/business-name-generator/tag/music-festival', 'chennai', 0),
(183, 'mithun', 'tets', '2024-08-23 00:00:00.000000', '2024-08-29 00:00:00.000000', '2024-08-21 09:56:51.111845', 'event_poster/event_QdtELzC.jpg', '2024-08-22', 'chennai', 0, 'tets', 1, 16, 2, NULL, 11, 0, 'https://blog.eventsmart.com/2023/09/08/catchy-event-names/', '', 'kewhfihewk', 0),
(184, 'alaguraj', 'test', '2024-08-22 00:00:00.000000', '2024-08-30 00:00:00.000000', '2024-08-21 10:03:10.682660', 'event_poster/event_YfARd3g.jpg', '2024-08-21', 'chennai', 0, 'test', 1, 16, 1, NULL, 7, 0, 'https://blog.eventsmart.com/2023/09/08/catchy-event-names/', '', 'chennai', 0),
(185, 'techspark summit', 'test', '2024-08-23 00:00:00.000000', '2024-08-29 00:00:00.000000', '2024-08-21 10:14:25.119993', 'event_poster/event_KssyKFw.jpg', '2024-08-22', 'chennai', 0, 'test', 3, 16, 2, NULL, 9, 0, 'https://allevents.in/coimbatore', '', 'chennai', 0),
(186, 'Meetup', 'test', '2024-08-22 00:00:00.000000', '2024-08-24 00:00:00.000000', '2024-08-21 10:37:36.523841', 'event_poster/event_c6TvQfN.jpg', '2024-08-21', 'chennai', 0, 'test', 2, 16, 2, NULL, 6, 0, 'https://allevents.in/coimbatore', '', 'chennai', 0),
(187, 'FashionInsta', 'test', '2024-08-23 00:00:00.000000', '2024-08-27 00:00:00.000000', '2024-08-21 10:39:14.942324', 'event_poster/event_yO0Ck7T.jpg', '2024-08-22', 'chennai', 0, 'test', 1, 16, 2, NULL, 7, 0, 'https://allevents.in/coimbatore', '', 'chennai', 0),
(188, 'Coimbatore rocks', 'test', '2024-08-23 00:00:00.000000', '2024-08-28 00:00:00.000000', '2024-08-21 10:51:52.363607', 'event_poster/event_wsH9QJl.jpg', '2024-08-22', 'Chennai', 0, 'test', 1, 16, 1, NULL, 1, 0, 'https://allevents.in/coimbatore', '', 'chennai', 0),
(189, 'coimbatore', 'test', '2024-08-28 00:00:00.000000', '2024-08-29 00:00:00.000000', '2024-08-21 11:18:32.227450', 'event_poster/event_qldEO2x.jpg', '2024-08-22', 'chennai', 0, 'test', 2, 16, 2, NULL, 3, 0, 'https://in.bookmyshow.com/explore/concerts-coimbatore', 'https://in.bookmyshow.com/explore/concerts-coimbatore', 'chennai', 0),
(190, 'Adiyeaa kolluthea', 'A mesmerizing musicial evening featuring exclusive super hit song of great music director Shri', '2024-08-27 00:00:00.000000', '2024-08-31 00:00:00.000000', '2024-08-21 12:38:39.288911', 'event_poster/event_fwH4XRh.jpg', '2024-08-26', 'sitra auditorium', 0, 'to listen and enjoy', 1, 16, 2, NULL, 1, 0, 'https://in.bookmyshow.com/select/region?referer=%2F', 'https://in.bookmyshow.com/select/region?referer=%2F', 'coimbatore', 0);

-- --------------------------------------------------------

--
-- Table structure for table `event_event_category`
--

CREATE TABLE `event_event_category` (
  `id` int NOT NULL,
  `name` varchar(50) NOT NULL
) ENGINE=InnoDB DEFAULT CHARSET=utf8mb4 COLLATE=utf8mb4_0900_ai_ci;

--
-- Dumping data for table `event_event_category`
--

INSERT INTO `event_event_category` (`id`, `name`) VALUES
(1, 'Contest'),
(2, 'Orchestra'),
(3, 'Bhajan');

-- --------------------------------------------------------

--
-- Table structure for table `event_event_skill`
--

CREATE TABLE `event_event_skill` (
  `id` int NOT NULL,
  `event_id` int NOT NULL,
  `skill_id` int DEFAULT NULL
) ENGINE=InnoDB DEFAULT CHARSET=utf8mb4 COLLATE=utf8mb4_0900_ai_ci;

--
-- Dumping data for table `event_event_skill`
--

INSERT INTO `event_event_skill` (`id`, `event_id`, `skill_id`) VALUES
(45, 56, 5),
(48, 73, 9),
(49, 74, 8),
(50, 74, 10),
(51, 74, 11),
(52, 74, 12),
(53, 75, 13),
(55, 111, 8),
(56, 111, 10),
(57, 111, 11),
(65, 153, 5),
(66, 153, 6),
(67, 153, 13),
(68, 153, 14),
(69, 153, 15),
(75, 155, 5),
(76, 155, 6),
(85, 131, 5),
(86, 131, 13),
(87, 131, 15),
(90, 157, 14),
(91, 157, 13),
(95, 158, 5),
(96, 158, 6),
(97, 158, 7),
(111, 159, 13),
(112, 159, 14),
(113, 159, 15),
(134, 108, 9),
(135, 108, 8),
(136, 108, 6),
(167, 164, 13),
(168, 164, 14),
(169, 163, 5),
(170, 163, 13),
(198, 166, 7),
(199, 165, 14),
(200, 165, 7),
(201, 165, 8),
(219, 168, 14),
(220, 168, 13),
(248, 169, 15),
(249, 169, 7),
(250, 169, 9),
(251, 170, 14),
(252, 170, 15),
(254, 171, 5),
(255, 172, 13),
(256, 172, 7),
(257, 173, 13),
(258, 173, 14),
(259, 59, 5),
(260, 59, 6),
(261, 174, 8),
(262, 174, 9),
(265, 176, 13),
(266, 176, 7),
(267, 175, 13),
(268, 175, 7),
(269, 177, 15),
(270, 177, 8),
(271, 177, 10),
(281, 178, 15),
(282, 178, 13),
(283, 178, 11),
(284, 179, 13),
(285, 179, 9),
(286, 179, 8),
(287, 179, 6),
(288, 180, 15),
(289, 180, 14),
(290, 181, 8),
(291, 181, 15),
(292, 181, 14),
(295, 183, 15),
(296, 183, 14),
(297, 183, 13),
(298, 184, 8),
(299, 184, 9),
(300, 185, 15),
(301, 185, 14),
(302, 185, 5),
(303, 186, 14),
(304, 186, 13),
(305, 187, 14),
(306, 187, 13),
(307, 188, 15),
(308, 188, 14),
(309, 188, 13),
(310, 188, 8),
(311, 188, 9),
(321, 189, 15),
(322, 189, 14),
(323, 189, 13),
(324, 182, 8),
(325, 182, 9),
(326, 190, 5),
(327, 190, 14),
(328, 190, 9),
(329, 190, 8),
(331, 167, 5),
(332, 167, 13),
(333, 167, 9),
(334, 161, 5),
(335, 161, 6),
(336, 161, 7),
(337, 161, 8),
(338, 161, 9),
(339, 161, 10),
(340, 161, 11),
(341, 161, 12),
(342, 161, 13),
(343, 161, 14),
(344, 161, 15),
(345, 160, 8),
(346, 160, 11),
(347, 160, 13),
(348, 142, 5);

-- --------------------------------------------------------

--
-- Table structure for table `event_event_type`
--

CREATE TABLE `event_event_type` (
  `id` int NOT NULL,
  `name` varchar(50) NOT NULL
) ENGINE=InnoDB DEFAULT CHARSET=utf8mb4 COLLATE=utf8mb4_0900_ai_ci;

--
-- Dumping data for table `event_event_type`
--

INSERT INTO `event_event_type` (`id`, `name`) VALUES
(1, 'Online'),
(2, 'Offline');

-- --------------------------------------------------------

--
-- Table structure for table `event_event_user_likes`
--

CREATE TABLE `event_event_user_likes` (
  `id` int NOT NULL,
  `event_id` int NOT NULL,
  `user_id` int NOT NULL
) ENGINE=InnoDB DEFAULT CHARSET=utf8mb4 COLLATE=utf8mb4_0900_ai_ci;

--
-- Dumping data for table `event_event_user_likes`
--

INSERT INTO `event_event_user_likes` (`id`, `event_id`, `user_id`) VALUES
(9, 49, 65),
(18, 49, 3365),
(10, 50, 62),
(12, 50, 65),
(17, 50, 3365),
(15, 142, 3351),
(37, 142, 3378),
(40, 160, 65),
(39, 161, 65),
(4, 167, 62),
(11, 167, 65),
(14, 167, 3351),
(16, 167, 3365),
(38, 168, 3378);

-- --------------------------------------------------------

--
-- Table structure for table `event_interest`
--

CREATE TABLE `event_interest` (
  `id` int NOT NULL,
  `status` varchar(1) DEFAULT NULL,
  `timestamp` datetime(6) DEFAULT NULL,
  `event_id` int DEFAULT NULL,
  `musician_id` int DEFAULT NULL,
  `troupe_id` int DEFAULT NULL,
  `accepted_time` datetime(6) DEFAULT NULL
) ENGINE=InnoDB DEFAULT CHARSET=utf8mb4 COLLATE=utf8mb4_0900_ai_ci;

--
-- Dumping data for table `event_interest`
--

INSERT INTO `event_interest` (`id`, `status`, `timestamp`, `event_id`, `musician_id`, `troupe_id`, `accepted_time`) VALUES
(28, 'S', '2023-12-13 14:51:36.206361', 75, NULL, 37, '2023-12-13 14:51:36.206390'),
(29, 'S', '2023-12-13 15:20:42.333472', 73, NULL, 37, '2023-12-13 15:20:42.333504'),
(30, 'S', '2023-12-13 15:23:26.363908', 60, NULL, 37, '2023-12-13 15:23:26.363942'),
(31, 'A', '2023-12-14 10:28:15.893035', 59, NULL, 37, '2023-12-14 10:28:15.893067'),
(32, 'S', '2023-12-17 14:02:58.904188', 155, NULL, 37, '2023-12-17 14:02:58.904216'),
(33, 'A', '2023-12-18 16:23:28.474175', 157, NULL, 37, '2023-12-18 16:23:28.474213'),
(35, 'A', '2023-12-18 21:27:54.498558', 108, NULL, 37, '2023-12-18 21:27:54.498586'),
(37, 'S', '2023-12-19 14:27:21.503383', 55, NULL, 37, '2023-12-19 14:27:21.503410'),
(41, 'A', '2023-12-30 14:32:43.697957', 131, NULL, 37, '2023-12-30 14:32:43.698001'),
(45, 'S', '2024-08-08 12:07:54.886015', 169, NULL, 37, '2024-08-08 12:07:54.886063'),
(47, 'S', '2024-08-12 11:37:11.325732', 174, 116, NULL, '2024-08-12 11:37:11.325767'),
(48, 'R', '2024-08-19 14:34:11.206178', 160, 116, NULL, '2024-08-19 14:34:11.206234'),
(49, 'A', '2024-08-19 14:37:31.201694', 108, 116, NULL, '2024-08-19 14:37:31.201762'),
(50, 'R', '2024-08-19 15:19:22.210214', 161, NULL, 37, '2024-08-19 15:19:22.210321'),
(51, 'S', '2024-08-19 16:37:16.520378', 169, 116, NULL, '2024-08-19 16:37:16.520419'),
(52, 'A', '2024-08-19 16:37:55.044924', 131, 116, NULL, '2024-08-19 16:37:55.044959');

-- --------------------------------------------------------

--
-- Table structure for table `event_invitation`
--

CREATE TABLE `event_invitation` (
  `id` int NOT NULL,
  `status` varchar(1) DEFAULT NULL,
  `timestamp` datetime(6) NOT NULL,
  `event_id` int DEFAULT NULL,
  `gurukulam_id` int DEFAULT NULL,
  `musician_id` int DEFAULT NULL,
  `troupe_id` int DEFAULT NULL,
  `accepted_time` datetime(6) DEFAULT NULL
) ENGINE=InnoDB DEFAULT CHARSET=utf8mb4 COLLATE=utf8mb4_0900_ai_ci;

--
-- Dumping data for table `event_invitation`
--

INSERT INTO `event_invitation` (`id`, `status`, `timestamp`, `event_id`, `gurukulam_id`, `musician_id`, `troupe_id`, `accepted_time`) VALUES
(37, 'S', '2023-08-08 12:25:55.193550', 56, NULL, 55, NULL, '2023-08-08 12:25:55.193596'),
(38, 'S', '2023-08-08 12:25:55.198195', 56, NULL, 58, NULL, '2023-08-08 12:25:55.198223'),
(39, 'S', '2023-08-08 12:25:55.321734', 57, NULL, 55, NULL, '2023-08-08 12:25:55.321776'),
(40, 'S', '2023-08-08 12:25:55.326690', 57, NULL, 58, NULL, '2023-08-08 12:25:55.326718'),
(41, 'S', '2023-08-08 12:27:47.887798', 58, NULL, 55, NULL, '2023-08-08 12:27:47.887863'),
(42, 'S', '2023-08-08 12:27:47.894653', 58, NULL, 58, NULL, '2023-08-08 12:27:47.894728'),
(43, 'S', '2023-08-08 12:30:22.873911', 59, NULL, 55, NULL, '2023-08-08 12:30:22.873954'),
(44, 'S', '2023-08-08 12:30:22.877614', 59, NULL, 58, NULL, '2023-08-08 12:30:22.877641'),
(46, 'S', '2023-08-30 15:45:59.484174', 60, NULL, NULL, 3, '2023-08-30 15:45:59.484210'),
(47, 'S', '2023-10-25 11:43:26.750245', 60, NULL, 90, NULL, '2023-10-25 11:43:26.750281'),
(48, 'S', '2023-10-25 11:46:32.128545', 60, NULL, 55, NULL, '2023-10-25 11:46:32.128588'),
(49, 'S', '2023-10-25 11:58:29.287142', 60, NULL, 59, NULL, '2023-10-25 11:58:29.287191'),
(50, 'S', '2023-11-03 10:59:10.031725', 59, 228, NULL, NULL, '2023-11-03 10:59:10.031777'),
(51, 'S', '2023-11-04 09:55:32.897978', 49, NULL, 59, NULL, '2023-11-04 09:55:32.898026'),
(52, 'S', '2023-11-06 15:10:29.708242', 60, NULL, 60, NULL, '2023-11-06 15:10:29.708279'),
(53, 'S', '2023-11-30 15:15:15.311412', 60, NULL, 58, NULL, '2023-11-30 15:15:15.311456'),
(55, 'S', '2023-12-01 15:46:44.147534', 60, NULL, 86, NULL, '2023-12-01 15:46:44.147559'),
(56, 'S', '2023-12-01 15:51:45.534610', 60, NULL, 111, NULL, '2023-12-01 15:51:45.534634'),
(57, 'S', '2023-12-02 09:59:14.961935', 60, NULL, 87, NULL, '2023-12-02 09:59:14.961969'),
(58, 'S', '2023-12-02 09:59:14.971669', 60, NULL, 88, NULL, '2023-12-02 09:59:14.971694'),
(59, 'S', '2023-12-02 17:03:44.219766', 60, NULL, 89, NULL, '2023-12-02 17:03:44.219787'),
(60, 'S', '2023-12-02 17:03:44.230667', 60, NULL, 91, NULL, '2023-12-02 17:03:44.230691'),
(62, 'S', '2023-12-05 12:27:09.332238', 73, NULL, 55, NULL, '2023-12-05 12:27:09.332270'),
(63, 'S', '2023-12-05 13:56:34.528436', 59, NULL, 59, NULL, '2023-12-05 13:56:34.528462'),
(64, 'S', '2023-12-05 13:56:34.538516', 59, NULL, 60, NULL, '2023-12-05 13:56:34.538538'),
(65, 'S', '2023-12-05 13:56:34.549308', 59, NULL, 86, NULL, '2023-12-05 13:56:34.549342'),
(66, 'S', '2023-12-05 13:56:34.563735', 59, NULL, 87, NULL, '2023-12-05 13:56:34.563783'),
(67, 'S', '2023-12-05 13:56:34.574713', 59, NULL, 88, NULL, '2023-12-05 13:56:34.574741'),
(89, 'S', '2023-12-16 11:26:16.441883', 60, 228, NULL, NULL, '2023-12-16 11:26:16.441911'),
(90, 'S', '2023-12-16 11:29:25.975589', 60, 228, NULL, NULL, '2023-12-16 11:29:25.975616'),
(92, 'S', '2023-12-17 11:52:50.309294', 142, NULL, 91, NULL, '2023-12-17 11:52:50.309321'),
(93, 'S', '2023-12-17 12:55:30.942273', 155, NULL, NULL, 3, '2023-12-17 12:55:30.942302'),
(95, 'S', '2023-12-17 12:57:32.764460', 155, 3, NULL, NULL, '2023-12-17 12:57:32.764491'),
(100, 'S', '2023-12-18 21:49:16.944275', 131, 228, NULL, NULL, '2023-12-18 21:49:16.944306'),
(102, 'S', '2023-12-19 21:22:08.222233', 58, 228, NULL, NULL, '2023-12-19 21:22:08.222271'),
(104, 'S', '2023-12-20 10:38:57.186839', 159, NULL, 55, NULL, '2023-12-20 10:38:57.186866'),
(105, 'S', '2023-12-20 15:30:02.192134', 158, NULL, 55, NULL, '2023-12-20 15:30:02.192170'),
(107, 'A', '2023-12-22 17:23:02.180385', 160, NULL, 59, NULL, '2023-12-22 17:23:02.180409'),
(108, 'A', '2023-12-22 17:23:02.185665', 160, NULL, 55, NULL, '2023-12-22 17:23:02.185684'),
(109, 'S', '2023-12-29 10:03:26.873510', 155, NULL, 55, NULL, '2023-12-29 10:03:26.873544'),
(110, 'S', '2023-12-29 10:03:26.884065', 155, NULL, 58, NULL, '2023-12-29 10:03:26.884102'),
(114, 'S', '2024-01-18 09:47:16.136285', 168, NULL, 55, NULL, '2024-01-18 09:47:16.136321'),
(115, 'S', '2024-01-18 09:47:16.151116', 168, NULL, 58, NULL, '2024-01-18 09:47:16.151152'),
(116, 'S', '2024-01-22 15:42:30.106000', 59, NULL, 89, NULL, '2024-01-22 15:42:30.106067'),
(117, 'S', '2024-01-22 15:42:59.157017', 59, NULL, 90, NULL, '2024-01-22 15:42:59.157062'),
(118, 'S', '2024-01-22 15:44:05.737438', 59, 2, NULL, NULL, '2024-01-22 15:44:05.737511'),
(120, 'S', '2024-01-22 18:03:32.435067', 59, NULL, 91, NULL, '2024-01-22 18:03:32.435106'),
(121, 'S', '2024-01-22 18:03:32.449201', 59, NULL, 92, NULL, '2024-01-22 18:03:32.449240'),
(125, 'S', '2024-08-08 12:02:28.387654', 170, NULL, 55, NULL, '2024-08-08 12:02:28.387703'),
(126, 'S', '2024-08-08 15:27:02.076993', 171, 4, NULL, NULL, '2024-08-08 15:27:02.077042'),
(127, 'S', '2024-08-09 11:22:23.841038', 59, NULL, 93, NULL, '2024-08-09 11:22:23.841077'),
(128, 'A', '2024-08-09 16:53:46.661140', 142, NULL, 113, NULL, '2024-08-09 16:53:46.661194'),
(129, 'S', '2024-08-09 17:42:26.365456', 58, NULL, 59, NULL, '2024-08-09 17:42:26.365502'),
(130, 'S', '2024-08-09 17:42:26.386935', 58, NULL, 60, NULL, '2024-08-09 17:42:26.386998'),
(131, 'S', '2024-08-09 17:42:39.895495', 58, NULL, 87, NULL, '2024-08-09 17:42:39.895531'),
(133, 'S', '2024-08-09 17:56:52.729404', 173, 3, NULL, NULL, '2024-08-09 17:56:52.729442'),
(134, 'S', '2024-08-09 17:57:07.518391', 173, NULL, 58, NULL, '2024-08-09 17:57:07.518473'),
(135, 'S', '2024-08-09 17:57:17.753027', 173, NULL, NULL, 4, '2024-08-09 17:57:17.753085'),
(137, 'S', '2024-08-10 11:41:09.349628', 174, NULL, 59, NULL, '2024-08-10 11:41:09.349666'),
(138, 'S', '2024-08-19 17:28:32.392715', 169, NULL, 60, NULL, '2024-08-19 17:28:32.392765'),
(140, 'S', '2024-08-19 17:51:02.484322', 169, NULL, 55, NULL, '2024-08-19 17:51:02.484363'),
(141, 'S', '2024-08-20 09:40:27.600532', 169, NULL, 58, NULL, '2024-08-20 09:40:27.600572'),
(142, 'S', '2024-08-20 09:46:25.166685', 169, NULL, NULL, 3, '2024-08-20 09:46:25.166723'),
(143, 'S', '2024-08-20 09:47:15.083585', 169, NULL, NULL, 4, '2024-08-20 09:47:15.083631'),
(144, 'S', '2024-08-20 09:47:31.244917', 169, 2, NULL, NULL, '2024-08-20 09:47:31.244969'),
(145, 'S', '2024-08-20 09:48:54.343664', 169, 2, NULL, NULL, '2024-08-20 09:48:54.343701'),
(146, 'A', '2024-08-20 09:53:01.247245', 175, NULL, 54, NULL, '2024-08-20 09:53:01.247295'),
(147, 'S', '2024-08-20 09:53:01.260990', 175, NULL, 55, NULL, '2024-08-20 09:53:01.261031'),
(149, 'S', '2024-08-20 09:56:08.029932', 177, NULL, 55, NULL, '2024-08-20 09:56:08.029981'),
(150, 'S', '2024-08-20 09:56:08.039158', 177, NULL, 58, NULL, '2024-08-20 09:56:08.039207'),
(152, 'S', '2024-08-20 12:54:11.083980', 178, NULL, 55, NULL, '2024-08-20 12:54:11.084047'),
(153, 'S', '2024-08-20 14:19:39.831446', 179, NULL, 55, NULL, '2024-08-20 14:19:39.831485'),
(154, 'S', '2024-08-20 14:19:39.841241', 179, NULL, 58, NULL, '2024-08-20 14:19:39.841276'),
(155, 'S', '2024-08-20 14:26:19.884949', 180, NULL, 55, NULL, '2024-08-20 14:26:19.885002'),
(156, 'S', '2024-08-21 10:14:25.148211', 185, NULL, 55, NULL, '2024-08-21 10:14:25.148251'),
(157, 'S', '2024-08-21 10:14:25.155299', 185, NULL, 58, NULL, '2024-08-21 10:14:25.155336'),
(158, 'S', '2024-08-21 10:51:52.392732', 188, NULL, 54, NULL, '2024-08-21 10:51:52.392772'),
(159, 'S', '2024-08-21 10:51:52.399583', 188, NULL, 55, NULL, '2024-08-21 10:51:52.399624'),
(160, 'A', '2024-08-21 12:40:07.985780', 190, NULL, 116, NULL, '2024-08-21 12:40:07.985832'),
(161, 'A', '2024-08-22 23:32:48.137437', 161, NULL, 118, NULL, '2024-08-22 23:32:48.137471'),
(162, 'S', '2024-08-23 00:03:00.800326', 160, NULL, 118, NULL, '2024-08-23 00:03:00.800362');

-- --------------------------------------------------------

--
-- Table structure for table `event_message`
--

CREATE TABLE `event_message` (
  `id` int NOT NULL,
  `text` longtext NOT NULL,
  `sent_on` datetime(6) NOT NULL,
  `unread` tinyint(1) NOT NULL,
  `interest_id` int DEFAULT NULL,
  `invitation_id` int DEFAULT NULL,
  `user_id` int DEFAULT NULL
) ENGINE=InnoDB DEFAULT CHARSET=utf8mb4 COLLATE=utf8mb4_0900_ai_ci;

--
-- Dumping data for table `event_message`
--

INSERT INTO `event_message` (`id`, `text`, `sent_on`, `unread`, `interest_id`, `invitation_id`, `user_id`) VALUES
(75, 'Sample message goes here..!', '2023-08-08 12:25:55.196127', 1, NULL, 37, 65),
(76, 'Sample message goes here..!', '2023-08-08 12:25:55.199218', 1, NULL, 38, 65),
(77, 'Sample message goes here..!', '2023-08-08 12:25:55.323736', 1, NULL, 39, 65),
(78, 'Sample message goes here..!', '2023-08-08 12:25:55.327850', 1, NULL, 40, 65),
(79, 'Sample message goes here..!', '2023-08-08 12:27:47.890554', 1, NULL, 41, 65),
(80, 'Sample message goes here..!', '2023-08-08 12:27:47.896344', 1, NULL, 42, 65),
(81, 'Sample message goes here..!', '2023-08-08 12:30:22.875322', 1, NULL, 43, 65),
(82, 'Sample message goes here..!', '2023-08-08 12:30:22.878679', 1, NULL, 44, 65),
(83, 'It is a long established fact that a reader will be distracted by the readable content of a page when looking at its layout. The point of using Lorem Ipsum is that it has a more-or-less normal distribution of letters, as opposed to using \'Content here, content here\', making it look like readable English. Many desktop publishing packages and web page editors now use Lorem Ipsum as their default model text, and a search for \'lorem ipsum\' will uncover many web sites still in their infancy. Various versions have evolved over the years, sometimes by accident, sometimes on purpose (injected humour and the like).', '2023-08-08 13:52:19.567473', 1, NULL, 38, 65),
(97, '', '2023-08-30 15:45:59.485782', 1, NULL, 46, 65),
(101, 'hiii', '2023-10-25 11:43:26.756686', 1, NULL, 47, 65),
(102, 'hiiii madhan', '2023-10-25 11:46:32.133423', 1, NULL, 48, 65),
(103, 'hi', '2023-10-25 11:58:29.295453', 1, NULL, 49, 65),
(105, 'hiiiiiiiiiiii', '2023-11-03 10:59:10.038691', 1, NULL, 50, 65),
(106, 'ghgjhjh', '2023-11-04 09:55:32.906799', 1, NULL, 51, 65),
(107, 'hii maria', '2023-11-06 15:10:29.717279', 1, NULL, 52, 65),
(109, 'hiiiii', '2023-11-30 15:15:15.318518', 1, NULL, 53, 65),
(111, 'interested ', '2023-12-01 15:46:44.155343', 1, NULL, 55, 65),
(112, 'new invite', '2023-12-01 15:51:45.539426', 1, NULL, 56, 65),
(113, 'new invite', '2023-12-02 09:59:14.965951', 1, NULL, 57, 65),
(114, 'new invite', '2023-12-02 09:59:14.974227', 1, NULL, 58, 65),
(115, 'hello', '2023-12-02 17:03:44.224059', 1, NULL, 59, 65),
(116, 'hello', '2023-12-02 17:03:44.233820', 1, NULL, 60, 65),
(118, 'hi', '2023-12-05 12:27:09.337497', 1, NULL, 62, 65),
(119, 'hello', '2023-12-05 13:56:34.531846', 1, NULL, 63, 65),
(120, 'hello', '2023-12-05 13:56:34.540727', 1, NULL, 64, 65),
(121, 'hello', '2023-12-05 13:56:34.553742', 1, NULL, 65, 65),
(122, 'hello', '2023-12-05 13:56:34.567874', 1, NULL, 66, 65),
(123, 'hello', '2023-12-05 13:56:34.577020', 1, NULL, 67, 65),
(130, 'interested ', '2023-12-13 14:51:36.211953', 0, 28, NULL, 3365),
(131, 'new ', '2023-12-13 15:20:42.336794', 1, 29, NULL, 3365),
(132, 'new', '2023-12-13 15:23:26.371208', 1, 30, NULL, 3365),
(133, 'test', '2023-12-14 10:28:15.897483', 0, 31, NULL, 3365),
(134, 'hii\n', '2023-12-14 11:56:40.720860', 1, NULL, 67, 65),
(160, 'hiii sang', '2023-12-16 11:26:16.459797', 1, NULL, 89, 65),
(161, 'hiii sang', '2023-12-16 11:29:25.980517', 1, NULL, 90, 65),
(163, 'send ', '2023-12-17 11:52:50.318218', 1, NULL, 92, 65),
(164, 'band invite', '2023-12-17 12:55:30.957380', 1, NULL, 93, 65),
(166, 'SCHOOL invite', '2023-12-17 12:57:32.768891', 1, NULL, 95, 65),
(168, 'interested', '2023-12-17 14:02:58.907319', 1, 32, NULL, 3365),
(178, 'send', '2023-12-18 16:23:28.481279', 1, 33, NULL, 3365),
(180, 'I\'m interested to join', '2023-12-18 21:27:54.501669', 1, 35, NULL, 3365),
(181, 'we inviting you to participate in this event ', '2023-12-18 21:49:16.947783', 1, NULL, 100, 65),
(200, 'hii raa', '2023-12-19 12:21:17.942130', 1, NULL, 67, 65),
(203, 'heyyyyyy madhan', '2023-12-19 13:56:17.323537', 1, NULL, 67, 65),
(204, 'test', '2023-12-19 14:01:01.879801', 1, NULL, 92, 65),
(205, 'working ', '2023-12-19 14:01:06.284460', 1, NULL, 92, 65),
(206, 'hey priya, this is indu', '2023-12-19 14:08:41.837378', 1, 31, NULL, 65),
(209, 'hii indu, I\'m interested to join', '2023-12-19 14:27:21.506729', 1, 37, NULL, 3365),
(211, 'yesy', '2023-12-19 14:27:54.886828', 1, NULL, 41, 65),
(212, 'yes', '2023-12-19 14:28:02.876788', 1, NULL, 42, 65),
(217, 'hii', '2023-12-19 14:37:57.749685', 1, NULL, 51, 65),
(225, 'hiii we inviting you all people to participate in this event', '2023-12-19 21:22:08.229748', 1, NULL, 102, 65),
(226, 'hii', '2023-12-19 21:27:54.967524', 1, 35, NULL, 65),
(227, 'hii uma', '2023-12-19 21:29:01.134987', 1, NULL, 102, 65),
(231, 'invite ', '2023-12-20 10:38:57.188746', 1, NULL, 104, 65),
(233, 'hii madhan', '2023-12-20 15:30:02.214133', 1, NULL, 105, 65),
(239, '', '2023-12-22 17:23:02.182047', 1, NULL, 107, 3351),
(240, '', '2023-12-22 17:23:02.187309', 1, NULL, 108, 3351),
(241, 'test', '2023-12-29 10:03:26.877740', 1, NULL, 109, 65),
(242, 'test', '2023-12-29 10:03:26.886519', 1, NULL, 110, 65),
(243, 'accept', '2023-12-29 10:07:40.513016', 1, 33, NULL, 65),
(247, 'test', '2023-12-30 14:32:43.705470', 0, 41, NULL, 3365),
(248, 'test', '2023-12-30 15:10:41.300941', 1, NULL, 67, 65),
(260, 'hii', '2024-01-05 14:21:03.573167', 1, NULL, 67, 65),
(261, 'heyyy', '2024-01-05 14:34:52.243305', 1, NULL, 67, 65),
(262, 'helllloi', '2024-01-05 14:49:54.008509', 1, 31, NULL, 65),
(269, 'invite', '2024-01-18 09:47:16.145541', 1, NULL, 114, 3351),
(270, 'invite', '2024-01-18 09:47:16.155081', 1, NULL, 115, 3351),
(280, 'test', '2024-01-22 11:33:59.830520', 1, 31, NULL, 65),
(281, 'testing', '2024-01-22 11:34:19.365912', 1, 31, NULL, 65),
(283, 'comments', '2024-01-22 15:42:30.113121', 1, NULL, 116, 65),
(284, 'comments', '2024-01-22 15:42:59.162505', 1, NULL, 117, 65),
(285, 'ok', '2024-01-22 15:44:05.742900', 1, NULL, 118, 65),
(289, 'invite', '2024-01-22 18:03:32.439819', 1, NULL, 120, 65),
(290, 'invite', '2024-01-22 18:03:32.452938', 1, NULL, 121, 65),
(292, 'test', '2024-01-29 12:30:04.725567', 1, 31, NULL, 65),
(293, 'hii', '2024-01-29 12:30:21.831901', 1, 31, NULL, 65),
(301, 'ooooi', '2024-08-08 11:50:15.410230', 1, 31, NULL, 65),
(302, 'hhhiii', '2024-08-08 11:51:32.492463', 1, NULL, 121, 65),
(303, 'working ', '2024-08-08 11:57:40.009385', 1, 35, NULL, 3365),
(304, 'hii', '2024-08-08 11:57:57.350076', 1, 31, NULL, 3365),
(305, 'test', '2024-08-08 11:58:15.100963', 0, 41, NULL, 3365),
(307, 'hiii', '2024-08-08 12:02:28.392619', 1, NULL, 125, 65),
(308, 'am interested ', '2024-08-08 12:07:54.890469', 1, 45, NULL, 3365),
(309, 'nice', '2024-08-08 14:25:53.044785', 1, 35, NULL, 3365),
(311, 'invite ', '2024-08-08 15:27:02.082505', 1, NULL, 126, 65),
(312, 'sent it', '2024-08-09 11:22:23.849971', 1, NULL, 127, 65),
(313, 'test', '2024-08-09 16:53:46.669212', 1, NULL, 128, 65),
(314, 'new msg', '2024-08-09 16:57:21.336271', 0, NULL, 128, 3383),
(315, 'test', '2024-08-09 17:27:44.747277', 1, NULL, 51, 65),
(316, 'test', '2024-08-09 17:42:26.371269', 1, NULL, 129, 65),
(317, 'test', '2024-08-09 17:42:26.394490', 1, NULL, 130, 65),
(318, 'sent', '2024-08-09 17:42:39.903402', 1, NULL, 131, 65),
(320, 'sent', '2024-08-09 17:56:52.751928', 1, NULL, 133, 65),
(321, 'invite', '2024-08-09 17:57:07.522956', 1, NULL, 134, 65),
(322, 'invite', '2024-08-09 17:57:17.764366', 1, NULL, 135, 65),
(324, 'hi can u join our event', '2024-08-10 11:41:09.352022', 1, NULL, 137, 65),
(326, 'test', '2024-08-10 12:25:02.761834', 1, NULL, 128, 65),
(328, 'nice', '2024-08-10 17:46:31.757512', 1, 31, NULL, 3365),
(329, 'testing ', '2024-08-12 11:37:11.332325', 1, 47, NULL, 3388),
(330, 'working', '2024-08-19 13:06:01.027572', 1, 37, NULL, 3365),
(331, 'Testing ', '2024-08-19 14:34:11.213282', 1, 48, NULL, 3388),
(332, 'testing ', '2024-08-19 14:37:31.215408', 1, 49, NULL, 3388),
(333, 'testing ', '2024-08-19 14:46:57.987002', 1, 47, NULL, 3388),
(334, 'testing ', '2024-08-19 14:47:10.676718', 1, 47, NULL, 3388),
(335, 'test', '2024-08-19 15:19:22.219725', 1, 50, NULL, 3365),
(336, 'hii', '2024-08-19 15:19:45.545458', 1, 45, NULL, 3365),
(337, 'ok', '2024-08-19 15:19:54.624227', 1, 31, NULL, 3365),
(338, 'testing ', '2024-08-19 16:37:16.528491', 1, 51, NULL, 3388),
(339, 'testing ', '2024-08-19 16:37:55.052139', 1, 52, NULL, 3388),
(342, 'hii', '2024-08-19 17:08:34.516017', 1, 50, NULL, 3365),
(343, 'hi', '2024-08-19 17:09:49.897116', 1, 52, NULL, 65),
(344, 'hi', '2024-08-19 17:11:02.009769', 1, 52, NULL, 3388),
(345, 'hi', '2024-08-19 17:11:04.217092', 1, 52, NULL, 3388),
(346, 'hi', '2024-08-19 17:11:04.220707', 1, 52, NULL, 3388),
(347, 'hello', '2024-08-19 17:16:18.624785', 1, 50, NULL, 3365),
(349, 'hiii sangavi', '2024-08-19 17:28:32.399645', 1, NULL, 138, 3351),
(351, 'hii', '2024-08-19 17:33:48.841560', 1, 45, NULL, 3365),
(353, 'nice', '2024-08-19 17:51:02.497227', 1, NULL, 140, 3351),
(355, 'test', '2024-08-20 09:40:27.618038', 1, NULL, 141, 3351),
(356, 'test', '2024-08-20 09:46:25.173330', 1, NULL, 142, 3351),
(357, 'test', '2024-08-20 09:47:15.088408', 1, NULL, 143, 3351),
(358, 'test', '2024-08-20 09:47:31.252555', 1, NULL, 144, 3351),
(360, 'test', '2024-08-20 09:48:54.348126', 1, NULL, 145, 3351),
(361, '', '2024-08-20 09:53:01.254902', 1, NULL, 146, 3351),
(362, '', '2024-08-20 09:53:01.265561', 1, NULL, 147, 3351),
(364, '', '2024-08-20 09:56:08.033659', 1, NULL, 149, 3351),
(365, '', '2024-08-20 09:56:08.047211', 1, NULL, 150, 3351),
(366, 'test', '2024-08-20 09:57:30.958310', 1, 50, NULL, 3351),
(367, 'ok', '2024-08-20 10:01:16.974663', 1, 48, NULL, 3351),
(369, 'reje', '2024-08-20 10:22:30.608705', 1, NULL, 150, 3351),
(370, 'nice', '2024-08-20 10:22:50.857590', 1, NULL, 108, 3351),
(371, 'ok', '2024-08-20 10:22:57.024379', 1, NULL, 107, 3351),
(372, 'ok', '2024-08-20 10:27:38.165017', 1, NULL, 108, 3351),
(373, 'fine', '2024-08-20 10:31:16.423835', 1, 37, NULL, 3365),
(374, 'accept ', '2024-08-20 10:33:55.977836', 1, NULL, 146, 62),
(376, 'nice', '2024-08-20 10:53:40.410179', 1, NULL, 149, 3351),
(378, 'join with us', '2024-08-20 12:54:11.087960', 1, NULL, 152, 3397),
(379, 'Join', '2024-08-20 12:55:39.592092', 1, NULL, 152, 3397),
(380, '', '2024-08-20 14:19:39.834596', 1, NULL, 153, 3401),
(381, '', '2024-08-20 14:19:39.856033', 1, NULL, 154, 3401),
(382, 'invites', '2024-08-20 14:26:19.893719', 1, NULL, 155, 3401),
(383, 'test', '2024-08-21 10:14:25.150898', 1, NULL, 156, 3401),
(384, 'test', '2024-08-21 10:14:25.158141', 1, NULL, 157, 3401),
(385, 'hii', '2024-08-21 10:45:30.536717', 1, NULL, 153, 3401),
(386, '', '2024-08-21 10:51:52.396134', 1, NULL, 158, 3401),
(387, '', '2024-08-21 10:51:52.403054', 1, NULL, 159, 3401),
(388, ' join this event ', '2024-08-21 12:40:07.990974', 1, NULL, 160, 3401),
(389, 'accept ', '2024-08-21 17:48:31.441001', 1, 41, NULL, 65),
(390, 'ok i will join', '2024-08-22 16:20:43.769584', 1, NULL, 160, 3388),
(391, 'invitation for event.  ...', '2024-08-22 23:32:48.151028', 1, NULL, 161, 3351),
(392, '??', '2024-08-22 23:37:49.457839', 1, NULL, 161, 3402),
(393, 'hello', '2024-08-22 23:38:26.969210', 1, NULL, 161, 3351),
(394, 'ui', '2024-08-22 23:39:08.852853', 1, NULL, 161, 3402),
(395, 'when?', '2024-08-22 23:39:59.605522', 1, NULL, 161, 3402),
(396, 'music fest', '2024-08-23 00:03:00.804759', 1, NULL, 162, 3351),
(397, '...?', '2024-08-23 00:19:11.778170', 1, NULL, 162, 3351),
(398, 'hii', '2024-08-23 16:12:50.403522', 1, NULL, 108, 3351),
(399, 'ok', '2024-08-23 16:13:41.091654', 1, NULL, 162, 3351),
(400, 'nice', '2024-08-23 16:13:46.097962', 1, NULL, 162, 3351),
(401, 'testing', '2024-08-23 16:16:14.207905', 1, NULL, 128, 65),
(402, 'hello', '2024-08-23 17:04:18.579171', 1, NULL, 92, 65),
(403, 'hii', '2024-08-31 09:41:13.768614', 1, NULL, 162, 3351),
(404, 'hi', '2024-08-31 14:27:48.792464', 1, 49, NULL, 65);

-- --------------------------------------------------------

--
-- Table structure for table `event_pin_event`
--

CREATE TABLE `event_pin_event` (
  `id` int NOT NULL,
  `event_id` int NOT NULL,
  `user_id` int NOT NULL
) ENGINE=InnoDB DEFAULT CHARSET=utf8mb4 COLLATE=utf8mb4_0900_ai_ci;

-- --------------------------------------------------------

--
-- Table structure for table `event_subscription`
--

CREATE TABLE `event_subscription` (
  `id` int NOT NULL,
  `subscription_date` date NOT NULL,
  `active` tinyint(1) NOT NULL,
  `event_organizer_id` int DEFAULT NULL,
  `gurukulam_id` int DEFAULT NULL,
  `musician_id` int DEFAULT NULL,
  `subscription_type_id` int NOT NULL,
  `troupe_id` int DEFAULT NULL
) ENGINE=InnoDB DEFAULT CHARSET=utf8mb4 COLLATE=utf8mb4_0900_ai_ci;

-- --------------------------------------------------------

--
-- Table structure for table `event_subscription_type`
--

CREATE TABLE `event_subscription_type` (
  `id` int NOT NULL,
  `name` varchar(60) NOT NULL,
  `price` double NOT NULL,
  `days` int UNSIGNED DEFAULT NULL
) ENGINE=InnoDB DEFAULT CHARSET=utf8mb4 COLLATE=utf8mb4_0900_ai_ci;

--
-- Indexes for dumped tables
--

--
-- Indexes for table `account_blocked_user`
--
ALTER TABLE `account_blocked_user`
  ADD PRIMARY KEY (`id`),
  ADD KEY `account_blocked_user_blocked_by_id_fb2b209b_fk_account_user_id` (`blocked_by_id`),
  ADD KEY `account_blocked_user_blocked_user_id_784b3531_fk_account_user_id` (`blocked_user_id`);

--
-- Indexes for table `account_chat`
--
ALTER TABLE `account_chat`
  ADD PRIMARY KEY (`id`),
  ADD KEY `account_chat_conversation_id_1c0aeeb5_fk_account_conversation_id` (`conversation_id`),
  ADD KEY `account_chat_sender_id_fa6c8461_fk_account_user_id` (`sender_id`);

--
-- Indexes for table `account_conversation`
--
ALTER TABLE `account_conversation`
  ADD PRIMARY KEY (`id`),
  ADD KEY `account_conversation_receiver_id_02551a23_fk_account_user_id` (`receiver_id`),
  ADD KEY `account_conversation_sender_id_dc7e4fe3_fk_account_user_id` (`sender_id`);

--
-- Indexes for table `account_course`
--
ALTER TABLE `account_course`
  ADD PRIMARY KEY (`id`),
  ADD KEY `account_course_gurukulam_id_c30e76c1_fk_account_gurukulam_id` (`gurukulam_id`);

--
-- Indexes for table `account_event_organizer`
--
ALTER TABLE `account_event_organizer`
  ADD PRIMARY KEY (`id`),
  ADD UNIQUE KEY `user_id` (`user_id`);

--
-- Indexes for table `account_event_organizer_highlight`
--
ALTER TABLE `account_event_organizer_highlight`
  ADD PRIMARY KEY (`id`),
  ADD KEY `account_event_organi_event_organizer_id_ee7da733_fk_account_e` (`event_organizer_id`);

--
-- Indexes for table `account_event_organizer_highlight_highlight_category`
--
ALTER TABLE `account_event_organizer_highlight_highlight_category`
  ADD PRIMARY KEY (`id`),
  ADD UNIQUE KEY `account_event_organizer__event_organizer_highligh_eea97578_uniq` (`event_organizer_highlight_id`,`highlight_category_id`),
  ADD KEY `account_event_organi_highlight_category_i_a89da2b9_fk_account_h` (`highlight_category_id`);

--
-- Indexes for table `account_event_performer`
--
ALTER TABLE `account_event_performer`
  ADD PRIMARY KEY (`id`),
  ADD KEY `account_event_perfor_event_organizer_id_4ba3d1a9_fk_account_e` (`event_organizer_id`),
  ADD KEY `account_event_perfor_musician_id_94b5956b_fk_account_m` (`musician_id`),
  ADD KEY `account_event_performer_troupe_id_b7197768_fk_account_troupe_id` (`troupe_id`);

--
-- Indexes for table `account_gurukulam`
--
ALTER TABLE `account_gurukulam`
  ADD PRIMARY KEY (`id`),
  ADD UNIQUE KEY `user_id` (`user_id`);

--
-- Indexes for table `account_gurukulam_award`
--
ALTER TABLE `account_gurukulam_award`
  ADD PRIMARY KEY (`id`),
  ADD KEY `account_gurukulam_aw_gurukulam_id_850a7a3f_fk_account_g` (`gurukulam_id`);

--
-- Indexes for table `account_gurukulam_skill`
--
ALTER TABLE `account_gurukulam_skill`
  ADD PRIMARY KEY (`id`),
  ADD KEY `account_gurukulam_sk_gurukulam_id_0ba6e386_fk_account_g` (`gurukulam_id`),
  ADD KEY `account_gurukulam_skill_skill_id_24272661_fk_account_skill_id` (`skill_id`);

--
-- Indexes for table `account_gurukulam_teacher`
--
ALTER TABLE `account_gurukulam_teacher`
  ADD PRIMARY KEY (`id`),
  ADD KEY `account_gurukulam_te_gurukulam_id_497566fc_fk_account_g` (`gurukulam_id`),
  ADD KEY `account_gurukulam_te_musician_id_9e009bec_fk_account_m` (`musician_id`),
  ADD KEY `account_gurukulam_teacher_sender_id_e043092d_fk_account_user_id` (`sender_id`);

--
-- Indexes for table `account_gurukulam_testimonial`
--
ALTER TABLE `account_gurukulam_testimonial`
  ADD PRIMARY KEY (`id`),
  ADD KEY `account_gurukulam_te_gurukulam_id_79482f84_fk_account_g` (`gurukulam_id`),
  ADD KEY `account_gurukulam_te_musician_id_9f02f948_fk_account_m` (`musician_id`);

--
-- Indexes for table `account_highlight`
--
ALTER TABLE `account_highlight`
  ADD PRIMARY KEY (`id`),
  ADD KEY `account_highlight_user_id_c3727fef_fk_account_user_id` (`user_id`);

--
-- Indexes for table `account_highlight_category`
--
ALTER TABLE `account_highlight_category`
  ADD PRIMARY KEY (`id`);

--
-- Indexes for table `account_key_performer`
--
ALTER TABLE `account_key_performer`
  ADD PRIMARY KEY (`id`),
  ADD KEY `account_key_performe_musician_id_4f3ce56e_fk_account_m` (`musician_id`),
  ADD KEY `account_key_performer_troupe_id_22357981_fk_account_troupe_id` (`troupe_id`);

--
-- Indexes for table `account_lecture_video`
--
ALTER TABLE `account_lecture_video`
  ADD PRIMARY KEY (`id`),
  ADD KEY `account_lecture_vide_gurukulam_id_f04557b5_fk_account_g` (`gurukulam_id`);

--
-- Indexes for table `account_location`
--
ALTER TABLE `account_location`
  ADD PRIMARY KEY (`id`);

--
-- Indexes for table `account_musician`
--
ALTER TABLE `account_musician`
  ADD PRIMARY KEY (`id`),
  ADD UNIQUE KEY `user_id` (`user_id`);

--
-- Indexes for table `account_musician_award`
--
ALTER TABLE `account_musician_award`
  ADD PRIMARY KEY (`id`),
  ADD KEY `account_musician_awa_musician_id_e0ef4a28_fk_account_m` (`musician_id`);

--
-- Indexes for table `account_musician_gurukulam`
--
ALTER TABLE `account_musician_gurukulam`
  ADD PRIMARY KEY (`id`),
  ADD KEY `account_musician_gur_gurukulam_id_b795cd52_fk_account_g` (`gurukulam_id`),
  ADD KEY `account_musician_gur_musician_id_09828a77_fk_account_m` (`musician_id`),
  ADD KEY `account_musician_gurukulam_sender_id_825102b9_fk_account_user_id` (`sender_id`);

--
-- Indexes for table `account_musician_highlight`
--
ALTER TABLE `account_musician_highlight`
  ADD PRIMARY KEY (`id`),
  ADD KEY `account_musician_hig_musician_id_ded0d393_fk_account_m` (`musician_id`);

--
-- Indexes for table `account_musician_highlight_highlight_category`
--
ALTER TABLE `account_musician_highlight_highlight_category`
  ADD PRIMARY KEY (`id`),
  ADD UNIQUE KEY `account_musician_highlig_musician_highlight_id_hi_1d664573_uniq` (`musician_highlight_id`,`highlight_category_id`),
  ADD KEY `account_musician_hig_highlight_category_i_559c80d0_fk_account_h` (`highlight_category_id`);

--
-- Indexes for table `account_musician_skill`
--
ALTER TABLE `account_musician_skill`
  ADD PRIMARY KEY (`id`),
  ADD KEY `account_musician_ski_musician_id_3e2592f4_fk_account_m` (`musician_id`),
  ADD KEY `account_musician_skill_skill_id_bf54c683_fk_account_skill_id` (`skill_id`),
  ADD KEY `account_musician_ski_skill_level_id_4b3054c7_fk_account_s` (`skill_level_id`);

--
-- Indexes for table `account_music_lover`
--
ALTER TABLE `account_music_lover`
  ADD PRIMARY KEY (`id`),
  ADD UNIQUE KEY `user_id` (`user_id`);

--
-- Indexes for table `account_post`
--
ALTER TABLE `account_post`
  ADD PRIMARY KEY (`id`),
  ADD KEY `account_post_interest_id_c518eff1_fk_event_interest_id` (`interest_id`),
  ADD KEY `account_post_invitation_id_b2033104_fk_event_invitation_id` (`invitation_id`),
  ADD KEY `account_post_user_id_7502b583_fk_account_user_id` (`user_id`),
  ADD KEY `account_post_location_id_d3c33d49_fk_account_location_id` (`location_id`),
  ADD KEY `account_post_highlight_id_f8829399_fk_account_highlight_id` (`highlight_id`);

--
-- Indexes for table `account_post_comment`
--
ALTER TABLE `account_post_comment`
  ADD PRIMARY KEY (`id`),
  ADD KEY `account_post_comment_post_id_5ad1b7ee_fk_account_post_id` (`post_id`),
  ADD KEY `account_post_comment_user_id_75ed6427_fk_account_user_id` (`user_id`);

--
-- Indexes for table `account_post_user_likes`
--
ALTER TABLE `account_post_user_likes`
  ADD PRIMARY KEY (`id`),
  ADD UNIQUE KEY `account_post_user_likes_post_id_user_id_75588e89_uniq` (`post_id`,`user_id`),
  ADD KEY `account_post_user_likes_user_id_9aeb685d_fk_account_user_id` (`user_id`);

--
-- Indexes for table `account_reply`
--
ALTER TABLE `account_reply`
  ADD PRIMARY KEY (`id`),
  ADD KEY `account_reply_comment_id_c8d4a568_fk_account_post_comment_id` (`comment_id`),
  ADD KEY `account_reply_user_id_794cc73d_fk_account_user_id` (`user_id`);

--
-- Indexes for table `account_report_people`
--
ALTER TABLE `account_report_people`
  ADD PRIMARY KEY (`id`),
  ADD KEY `account_report_people_reported_by_id_dd7f8473_fk_account_user_id` (`reported_by_id`),
  ADD KEY `account_report_peopl_reported_user_id_7826eddf_fk_account_u` (`reported_user_id`);

--
-- Indexes for table `account_skill`
--
ALTER TABLE `account_skill`
  ADD PRIMARY KEY (`id`),
  ADD KEY `account_skill_skill_category_id_bf8ebca3_fk_account_s` (`skill_category_id`);

--
-- Indexes for table `account_skill_category`
--
ALTER TABLE `account_skill_category`
  ADD PRIMARY KEY (`id`);

--
-- Indexes for table `account_skill_level`
--
ALTER TABLE `account_skill_level`
  ADD PRIMARY KEY (`id`);

--
-- Indexes for table `account_troupe`
--
ALTER TABLE `account_troupe`
  ADD PRIMARY KEY (`id`),
  ADD UNIQUE KEY `user_id` (`user_id`);

--
-- Indexes for table `account_troupe_highlight`
--
ALTER TABLE `account_troupe_highlight`
  ADD PRIMARY KEY (`id`),
  ADD KEY `account_troupe_highlight_troupe_id_96aca7af_fk_account_troupe_id` (`troupe_id`);

--
-- Indexes for table `account_troupe_highlight_highlight_category`
--
ALTER TABLE `account_troupe_highlight_highlight_category`
  ADD PRIMARY KEY (`id`),
  ADD UNIQUE KEY `account_troupe_highlight_troupe_highlight_id_high_6fdb8af7_uniq` (`troupe_highlight_id`,`highlight_category_id`),
  ADD KEY `account_troupe_highl_highlight_category_i_3a241ccd_fk_account_h` (`highlight_category_id`);

--
-- Indexes for table `account_troupe_skill`
--
ALTER TABLE `account_troupe_skill`
  ADD PRIMARY KEY (`id`),
  ADD KEY `account_troupe_skill_skill_id_b99b4507_fk_account_skill_id` (`skill_id`),
  ADD KEY `account_troupe_skill_troupe_id_33de635d_fk_account_troupe_id` (`troupe_id`);

--
-- Indexes for table `account_user`
--
ALTER TABLE `account_user`
  ADD PRIMARY KEY (`id`),
  ADD UNIQUE KEY `username` (`username`),
  ADD UNIQUE KEY `email` (`email`),
  ADD KEY `account_user_location_id_621ee626_fk_account_location_id` (`location_id`);

--
-- Indexes for table `account_userfollowing`
--
ALTER TABLE `account_userfollowing`
  ADD PRIMARY KEY (`id`),
  ADD KEY `account_userfollowin_following_user_id_id_68485b1f_fk_account_u` (`following_user_id_id`),
  ADD KEY `account_userfollowing_user_id_3df84ba0_fk_account_user_id` (`user_id`);

--
-- Indexes for table `account_user_groups`
--
ALTER TABLE `account_user_groups`
  ADD PRIMARY KEY (`id`),
  ADD UNIQUE KEY `account_user_groups_user_id_group_id_4d09af3e_uniq` (`user_id`,`group_id`),
  ADD KEY `account_user_groups_group_id_6c71f749_fk_auth_group_id` (`group_id`);

--
-- Indexes for table `account_user_user_permissions`
--
ALTER TABLE `account_user_user_permissions`
  ADD PRIMARY KEY (`id`),
  ADD UNIQUE KEY `account_user_user_permis_user_id_permission_id_48bdd28b_uniq` (`user_id`,`permission_id`),
  ADD KEY `account_user_user_pe_permission_id_66c44191_fk_auth_perm` (`permission_id`);

--
-- Indexes for table `authtoken_token`
--
ALTER TABLE `authtoken_token`
  ADD PRIMARY KEY (`key`),
  ADD UNIQUE KEY `user_id` (`user_id`);

--
-- Indexes for table `auth_group`
--
ALTER TABLE `auth_group`
  ADD PRIMARY KEY (`id`),
  ADD UNIQUE KEY `name` (`name`);

--
-- Indexes for table `auth_group_permissions`
--
ALTER TABLE `auth_group_permissions`
  ADD PRIMARY KEY (`id`),
  ADD UNIQUE KEY `auth_group_permissions_group_id_permission_id_0cd325b0_uniq` (`group_id`,`permission_id`),
  ADD KEY `auth_group_permissio_permission_id_84c5c92e_fk_auth_perm` (`permission_id`);

--
-- Indexes for table `auth_permission`
--
ALTER TABLE `auth_permission`
  ADD PRIMARY KEY (`id`),
  ADD UNIQUE KEY `auth_permission_content_type_id_codename_01ab375a_uniq` (`content_type_id`,`codename`);

--
-- Indexes for table `django_admin_log`
--
ALTER TABLE `django_admin_log`
  ADD PRIMARY KEY (`id`),
  ADD KEY `django_admin_log_content_type_id_c4bce8eb_fk_django_co` (`content_type_id`),
  ADD KEY `django_admin_log_user_id_c564eba6_fk_account_user_id` (`user_id`);

--
-- Indexes for table `django_content_type`
--
ALTER TABLE `django_content_type`
  ADD PRIMARY KEY (`id`),
  ADD UNIQUE KEY `django_content_type_app_label_model_76bd3d3b_uniq` (`app_label`,`model`);

--
-- Indexes for table `django_migrations`
--
ALTER TABLE `django_migrations`
  ADD PRIMARY KEY (`id`);

--
-- Indexes for table `django_session`
--
ALTER TABLE `django_session`
  ADD PRIMARY KEY (`session_key`),
  ADD KEY `django_session_expire_date_a5c62663` (`expire_date`);

--
-- Indexes for table `event_bookmark`
--
ALTER TABLE `event_bookmark`
  ADD PRIMARY KEY (`id`),
  ADD KEY `event_bookmark_event_id_8706d080_fk_event_event_id` (`event_id`),
  ADD KEY `event_bookmark_user_id_aa8ac94b_fk_account_user_id` (`user_id`);

--
-- Indexes for table `event_event`
--
ALTER TABLE `event_event`
  ADD PRIMARY KEY (`id`),
  ADD KEY `event_event_event_category_id_b55beb35_fk_event_eve` (`event_category_id`),
  ADD KEY `event_event_event_organizer_id_c15859a4_fk_account_e` (`event_organizer_id`),
  ADD KEY `event_event_event_type_id_6785b75f_fk_event_event_type_id` (`event_type_id`),
  ADD KEY `event_event_gurukulam_id_21da1427_fk_account_gurukulam_id` (`gurukulam_id`),
  ADD KEY `event_event_location_id_2e2c812f_fk_account_location_id` (`location_id`);

--
-- Indexes for table `event_event_category`
--
ALTER TABLE `event_event_category`
  ADD PRIMARY KEY (`id`);

--
-- Indexes for table `event_event_skill`
--
ALTER TABLE `event_event_skill`
  ADD PRIMARY KEY (`id`),
  ADD KEY `event_event_skill_event_id_0cf9dcd3_fk_event_event_id` (`event_id`),
  ADD KEY `event_event_skill_skill_id_15c4484a_fk_account_skill_id` (`skill_id`);

--
-- Indexes for table `event_event_type`
--
ALTER TABLE `event_event_type`
  ADD PRIMARY KEY (`id`);

--
-- Indexes for table `event_event_user_likes`
--
ALTER TABLE `event_event_user_likes`
  ADD PRIMARY KEY (`id`),
  ADD UNIQUE KEY `event_event_user_likes_event_id_user_id_b1d77e60_uniq` (`event_id`,`user_id`),
  ADD KEY `event_event_user_likes_user_id_fe4fdf57_fk_account_user_id` (`user_id`);

--
-- Indexes for table `event_interest`
--
ALTER TABLE `event_interest`
  ADD PRIMARY KEY (`id`),
  ADD KEY `event_interest_event_id_5074cdfb_fk_event_event_id` (`event_id`),
  ADD KEY `event_interest_musician_id_36d45549_fk_account_musician_id` (`musician_id`),
  ADD KEY `event_interest_troupe_id_750ea202_fk_account_troupe_id` (`troupe_id`);

--
-- Indexes for table `event_invitation`
--
ALTER TABLE `event_invitation`
  ADD PRIMARY KEY (`id`),
  ADD KEY `event_invitation_event_id_a24ec405_fk_event_event_id` (`event_id`),
  ADD KEY `event_invitation_gurukulam_id_8f1b096f_fk_account_gurukulam_id` (`gurukulam_id`),
  ADD KEY `event_invitation_musician_id_e42ae4fc_fk_account_musician_id` (`musician_id`),
  ADD KEY `event_invitation_troupe_id_aa0dfce1_fk_account_troupe_id` (`troupe_id`);

--
-- Indexes for table `event_message`
--
ALTER TABLE `event_message`
  ADD PRIMARY KEY (`id`),
  ADD KEY `event_message_interest_id_a9db718a_fk_event_interest_id` (`interest_id`),
  ADD KEY `event_message_invitation_id_54885e43_fk_event_invitation_id` (`invitation_id`),
  ADD KEY `event_message_user_id_22eb54aa_fk_account_user_id` (`user_id`);

--
-- Indexes for table `event_pin_event`
--
ALTER TABLE `event_pin_event`
  ADD PRIMARY KEY (`id`),
  ADD KEY `event_pin_event_event_id_ff8f1c64_fk_event_event_id` (`event_id`),
  ADD KEY `event_pin_event_user_id_350a02f8_fk_account_user_id` (`user_id`);

--
-- Indexes for table `event_subscription`
--
ALTER TABLE `event_subscription`
  ADD PRIMARY KEY (`id`),
  ADD KEY `event_subscription_event_organizer_id_3000e0a5_fk_account_e` (`event_organizer_id`),
  ADD KEY `event_subscription_gurukulam_id_5bdbe9e0_fk_account_gurukulam_id` (`gurukulam_id`),
  ADD KEY `event_subscription_musician_id_56a7eeae_fk_account_musician_id` (`musician_id`),
  ADD KEY `event_subscription_subscription_type_id_f5fd6fe2_fk_event_sub` (`subscription_type_id`),
  ADD KEY `event_subscription_troupe_id_528c2c8d_fk_account_troupe_id` (`troupe_id`);

--
-- Indexes for table `event_subscription_type`
--
ALTER TABLE `event_subscription_type`
  ADD PRIMARY KEY (`id`);

--
-- AUTO_INCREMENT for dumped tables
--

--
-- AUTO_INCREMENT for table `account_blocked_user`
--
ALTER TABLE `account_blocked_user`
  MODIFY `id` int NOT NULL AUTO_INCREMENT, AUTO_INCREMENT=7;

--
-- AUTO_INCREMENT for table `account_chat`
--
ALTER TABLE `account_chat`
  MODIFY `id` int NOT NULL AUTO_INCREMENT, AUTO_INCREMENT=226;

--
-- AUTO_INCREMENT for table `account_conversation`
--
ALTER TABLE `account_conversation`
  MODIFY `id` int NOT NULL AUTO_INCREMENT, AUTO_INCREMENT=32;

--
-- AUTO_INCREMENT for table `account_course`
--
ALTER TABLE `account_course`
  MODIFY `id` int NOT NULL AUTO_INCREMENT, AUTO_INCREMENT=4;

--
-- AUTO_INCREMENT for table `account_event_organizer`
--
ALTER TABLE `account_event_organizer`
  MODIFY `id` int NOT NULL AUTO_INCREMENT, AUTO_INCREMENT=17;

--
-- AUTO_INCREMENT for table `account_event_organizer_highlight`
--
ALTER TABLE `account_event_organizer_highlight`
  MODIFY `id` int NOT NULL AUTO_INCREMENT;

--
-- AUTO_INCREMENT for table `account_event_organizer_highlight_highlight_category`
--
ALTER TABLE `account_event_organizer_highlight_highlight_category`
  MODIFY `id` int NOT NULL AUTO_INCREMENT;

--
-- AUTO_INCREMENT for table `account_event_performer`
--
ALTER TABLE `account_event_performer`
  MODIFY `id` int NOT NULL AUTO_INCREMENT, AUTO_INCREMENT=88;

--
-- AUTO_INCREMENT for table `account_gurukulam`
--
ALTER TABLE `account_gurukulam`
  MODIFY `id` int NOT NULL AUTO_INCREMENT, AUTO_INCREMENT=233;

--
-- AUTO_INCREMENT for table `account_gurukulam_award`
--
ALTER TABLE `account_gurukulam_award`
  MODIFY `id` int NOT NULL AUTO_INCREMENT, AUTO_INCREMENT=17;

--
-- AUTO_INCREMENT for table `account_gurukulam_skill`
--
ALTER TABLE `account_gurukulam_skill`
  MODIFY `id` int NOT NULL AUTO_INCREMENT, AUTO_INCREMENT=29;

--
-- AUTO_INCREMENT for table `account_gurukulam_teacher`
--
ALTER TABLE `account_gurukulam_teacher`
  MODIFY `id` int NOT NULL AUTO_INCREMENT, AUTO_INCREMENT=36;

--
-- AUTO_INCREMENT for table `account_gurukulam_testimonial`
--
ALTER TABLE `account_gurukulam_testimonial`
  MODIFY `id` int NOT NULL AUTO_INCREMENT, AUTO_INCREMENT=3;

--
-- AUTO_INCREMENT for table `account_highlight`
--
ALTER TABLE `account_highlight`
  MODIFY `id` int NOT NULL AUTO_INCREMENT, AUTO_INCREMENT=97;

--
-- AUTO_INCREMENT for table `account_highlight_category`
--
ALTER TABLE `account_highlight_category`
  MODIFY `id` int NOT NULL AUTO_INCREMENT;

--
-- AUTO_INCREMENT for table `account_key_performer`
--
ALTER TABLE `account_key_performer`
  MODIFY `id` int NOT NULL AUTO_INCREMENT, AUTO_INCREMENT=48;

--
-- AUTO_INCREMENT for table `account_lecture_video`
--
ALTER TABLE `account_lecture_video`
  MODIFY `id` int NOT NULL AUTO_INCREMENT, AUTO_INCREMENT=15;

--
-- AUTO_INCREMENT for table `account_location`
--
ALTER TABLE `account_location`
  MODIFY `id` int NOT NULL AUTO_INCREMENT, AUTO_INCREMENT=24;

--
-- AUTO_INCREMENT for table `account_musician`
--
ALTER TABLE `account_musician`
  MODIFY `id` int NOT NULL AUTO_INCREMENT, AUTO_INCREMENT=122;

--
-- AUTO_INCREMENT for table `account_musician_award`
--
ALTER TABLE `account_musician_award`
  MODIFY `id` int NOT NULL AUTO_INCREMENT, AUTO_INCREMENT=38;

--
-- AUTO_INCREMENT for table `account_musician_gurukulam`
--
ALTER TABLE `account_musician_gurukulam`
  MODIFY `id` int NOT NULL AUTO_INCREMENT, AUTO_INCREMENT=37;

--
-- AUTO_INCREMENT for table `account_musician_highlight`
--
ALTER TABLE `account_musician_highlight`
  MODIFY `id` int NOT NULL AUTO_INCREMENT;

--
-- AUTO_INCREMENT for table `account_musician_highlight_highlight_category`
--
ALTER TABLE `account_musician_highlight_highlight_category`
  MODIFY `id` int NOT NULL AUTO_INCREMENT;

--
-- AUTO_INCREMENT for table `account_musician_skill`
--
ALTER TABLE `account_musician_skill`
  MODIFY `id` int NOT NULL AUTO_INCREMENT, AUTO_INCREMENT=172;

--
-- AUTO_INCREMENT for table `account_music_lover`
--
ALTER TABLE `account_music_lover`
  MODIFY `id` int NOT NULL AUTO_INCREMENT, AUTO_INCREMENT=5;

--
-- AUTO_INCREMENT for table `account_post`
--
ALTER TABLE `account_post`
  MODIFY `id` int NOT NULL AUTO_INCREMENT, AUTO_INCREMENT=108;

--
-- AUTO_INCREMENT for table `account_post_comment`
--
ALTER TABLE `account_post_comment`
  MODIFY `id` int NOT NULL AUTO_INCREMENT, AUTO_INCREMENT=120;

--
-- AUTO_INCREMENT for table `account_post_user_likes`
--
ALTER TABLE `account_post_user_likes`
  MODIFY `id` int NOT NULL AUTO_INCREMENT, AUTO_INCREMENT=454;

--
-- AUTO_INCREMENT for table `account_reply`
--
ALTER TABLE `account_reply`
  MODIFY `id` int NOT NULL AUTO_INCREMENT;

--
-- AUTO_INCREMENT for table `account_report_people`
--
ALTER TABLE `account_report_people`
  MODIFY `id` int NOT NULL AUTO_INCREMENT, AUTO_INCREMENT=82;

--
-- AUTO_INCREMENT for table `account_skill`
--
ALTER TABLE `account_skill`
  MODIFY `id` int NOT NULL AUTO_INCREMENT, AUTO_INCREMENT=16;

--
-- AUTO_INCREMENT for table `account_skill_category`
--
ALTER TABLE `account_skill_category`
  MODIFY `id` int NOT NULL AUTO_INCREMENT, AUTO_INCREMENT=6;

--
-- AUTO_INCREMENT for table `account_skill_level`
--
ALTER TABLE `account_skill_level`
  MODIFY `id` int NOT NULL AUTO_INCREMENT, AUTO_INCREMENT=4;

--
-- AUTO_INCREMENT for table `account_troupe`
--
ALTER TABLE `account_troupe`
  MODIFY `id` int NOT NULL AUTO_INCREMENT, AUTO_INCREMENT=50;

--
-- AUTO_INCREMENT for table `account_troupe_highlight`
--
ALTER TABLE `account_troupe_highlight`
  MODIFY `id` int NOT NULL AUTO_INCREMENT;

--
-- AUTO_INCREMENT for table `account_troupe_highlight_highlight_category`
--
ALTER TABLE `account_troupe_highlight_highlight_category`
  MODIFY `id` int NOT NULL AUTO_INCREMENT;

--
-- AUTO_INCREMENT for table `account_troupe_skill`
--
ALTER TABLE `account_troupe_skill`
  MODIFY `id` int NOT NULL AUTO_INCREMENT, AUTO_INCREMENT=20;

--
-- AUTO_INCREMENT for table `account_user`
--
ALTER TABLE `account_user`
  MODIFY `id` int NOT NULL AUTO_INCREMENT, AUTO_INCREMENT=3408;

--
-- AUTO_INCREMENT for table `account_userfollowing`
--
ALTER TABLE `account_userfollowing`
  MODIFY `id` int NOT NULL AUTO_INCREMENT, AUTO_INCREMENT=504;

--
-- AUTO_INCREMENT for table `account_user_groups`
--
ALTER TABLE `account_user_groups`
  MODIFY `id` int NOT NULL AUTO_INCREMENT, AUTO_INCREMENT=2781;

--
-- AUTO_INCREMENT for table `account_user_user_permissions`
--
ALTER TABLE `account_user_user_permissions`
  MODIFY `id` int NOT NULL AUTO_INCREMENT;

--
-- AUTO_INCREMENT for table `auth_group`
--
ALTER TABLE `auth_group`
  MODIFY `id` int NOT NULL AUTO_INCREMENT, AUTO_INCREMENT=7;

--
-- AUTO_INCREMENT for table `auth_group_permissions`
--
ALTER TABLE `auth_group_permissions`
  MODIFY `id` int NOT NULL AUTO_INCREMENT, AUTO_INCREMENT=25;

--
-- AUTO_INCREMENT for table `auth_permission`
--
ALTER TABLE `auth_permission`
  MODIFY `id` int NOT NULL AUTO_INCREMENT, AUTO_INCREMENT=217;

--
-- AUTO_INCREMENT for table `django_admin_log`
--
ALTER TABLE `django_admin_log`
  MODIFY `id` int NOT NULL AUTO_INCREMENT, AUTO_INCREMENT=962;

--
-- AUTO_INCREMENT for table `django_content_type`
--
ALTER TABLE `django_content_type`
  MODIFY `id` int NOT NULL AUTO_INCREMENT, AUTO_INCREMENT=55;

--
-- AUTO_INCREMENT for table `django_migrations`
--
ALTER TABLE `django_migrations`
  MODIFY `id` int NOT NULL AUTO_INCREMENT, AUTO_INCREMENT=61;

--
-- AUTO_INCREMENT for table `event_bookmark`
--
ALTER TABLE `event_bookmark`
  MODIFY `id` int NOT NULL AUTO_INCREMENT, AUTO_INCREMENT=18;

--
-- AUTO_INCREMENT for table `event_event`
--
ALTER TABLE `event_event`
  MODIFY `id` int NOT NULL AUTO_INCREMENT;

--
-- AUTO_INCREMENT for table `event_event_category`
--
ALTER TABLE `event_event_category`
  MODIFY `id` int NOT NULL AUTO_INCREMENT, AUTO_INCREMENT=4;

--
-- AUTO_INCREMENT for table `event_event_skill`
--
ALTER TABLE `event_event_skill`
  MODIFY `id` int NOT NULL AUTO_INCREMENT, AUTO_INCREMENT=349;

--
-- AUTO_INCREMENT for table `event_event_type`
--
ALTER TABLE `event_event_type`
  MODIFY `id` int NOT NULL AUTO_INCREMENT, AUTO_INCREMENT=3;

--
-- AUTO_INCREMENT for table `event_event_user_likes`
--
ALTER TABLE `event_event_user_likes`
  MODIFY `id` int NOT NULL AUTO_INCREMENT, AUTO_INCREMENT=41;

--
-- AUTO_INCREMENT for table `event_interest`
--
ALTER TABLE `event_interest`
  MODIFY `id` int NOT NULL AUTO_INCREMENT, AUTO_INCREMENT=55;

--
-- AUTO_INCREMENT for table `event_invitation`
--
ALTER TABLE `event_invitation`
  MODIFY `id` int NOT NULL AUTO_INCREMENT, AUTO_INCREMENT=163;

--
-- AUTO_INCREMENT for table `event_message`
--
ALTER TABLE `event_message`
  MODIFY `id` int NOT NULL AUTO_INCREMENT, AUTO_INCREMENT=405;

--
-- AUTO_INCREMENT for table `event_pin_event`
--
ALTER TABLE `event_pin_event`
  MODIFY `id` int NOT NULL AUTO_INCREMENT;

--
-- AUTO_INCREMENT for table `event_subscription`
--
ALTER TABLE `event_subscription`
  MODIFY `id` int NOT NULL AUTO_INCREMENT;

--
-- AUTO_INCREMENT for table `event_subscription_type`
--
ALTER TABLE `event_subscription_type`
  MODIFY `id` int NOT NULL AUTO_INCREMENT;

--
-- Constraints for dumped tables
--

--
-- Constraints for table `account_blocked_user`
--
ALTER TABLE `account_blocked_user`
  ADD CONSTRAINT `account_blocked_user_blocked_by_id_fb2b209b_fk_account_user_id` FOREIGN KEY (`blocked_by_id`) REFERENCES `account_user` (`id`),
  ADD CONSTRAINT `account_blocked_user_blocked_user_id_784b3531_fk_account_user_id` FOREIGN KEY (`blocked_user_id`) REFERENCES `account_user` (`id`);

--
-- Constraints for table `account_chat`
--
ALTER TABLE `account_chat`
  ADD CONSTRAINT `account_chat_conversation_id_1c0aeeb5_fk_account_conversation_id` FOREIGN KEY (`conversation_id`) REFERENCES `account_conversation` (`id`),
  ADD CONSTRAINT `account_chat_sender_id_fa6c8461_fk_account_user_id` FOREIGN KEY (`sender_id`) REFERENCES `account_user` (`id`);

--
-- Constraints for table `account_conversation`
--
ALTER TABLE `account_conversation`
  ADD CONSTRAINT `account_conversation_receiver_id_02551a23_fk_account_user_id` FOREIGN KEY (`receiver_id`) REFERENCES `account_user` (`id`),
  ADD CONSTRAINT `account_conversation_sender_id_dc7e4fe3_fk_account_user_id` FOREIGN KEY (`sender_id`) REFERENCES `account_user` (`id`);

--
-- Constraints for table `account_course`
--
ALTER TABLE `account_course`
  ADD CONSTRAINT `account_course_gurukulam_id_c30e76c1_fk_account_gurukulam_id` FOREIGN KEY (`gurukulam_id`) REFERENCES `account_gurukulam` (`id`);

--
-- Constraints for table `account_event_organizer`
--
ALTER TABLE `account_event_organizer`
  ADD CONSTRAINT `account_event_organizer_user_id_e6b2f5f9_fk_account_user_id` FOREIGN KEY (`user_id`) REFERENCES `account_user` (`id`);

--
-- Constraints for table `account_event_organizer_highlight`
--
ALTER TABLE `account_event_organizer_highlight`
  ADD CONSTRAINT `account_event_organi_event_organizer_id_ee7da733_fk_account_e` FOREIGN KEY (`event_organizer_id`) REFERENCES `account_event_organizer` (`id`);

--
-- Constraints for table `account_event_organizer_highlight_highlight_category`
--
ALTER TABLE `account_event_organizer_highlight_highlight_category`
  ADD CONSTRAINT `account_event_organi_event_organizer_high_4748bb98_fk_account_e` FOREIGN KEY (`event_organizer_highlight_id`) REFERENCES `account_event_organizer_highlight` (`id`),
  ADD CONSTRAINT `account_event_organi_highlight_category_i_a89da2b9_fk_account_h` FOREIGN KEY (`highlight_category_id`) REFERENCES `account_highlight_category` (`id`);

--
-- Constraints for table `account_event_performer`
--
ALTER TABLE `account_event_performer`
  ADD CONSTRAINT `account_event_perfor_event_organizer_id_4ba3d1a9_fk_account_e` FOREIGN KEY (`event_organizer_id`) REFERENCES `account_event_organizer` (`id`),
  ADD CONSTRAINT `account_event_perfor_musician_id_94b5956b_fk_account_m` FOREIGN KEY (`musician_id`) REFERENCES `account_musician` (`id`),
  ADD CONSTRAINT `account_event_performer_troupe_id_b7197768_fk_account_troupe_id` FOREIGN KEY (`troupe_id`) REFERENCES `account_troupe` (`id`);

--
-- Constraints for table `account_gurukulam`
--
ALTER TABLE `account_gurukulam`
  ADD CONSTRAINT `account_gurukulam_user_id_e1f89a54_fk_account_user_id` FOREIGN KEY (`user_id`) REFERENCES `account_user` (`id`);

--
-- Constraints for table `account_gurukulam_award`
--
ALTER TABLE `account_gurukulam_award`
  ADD CONSTRAINT `account_gurukulam_aw_gurukulam_id_850a7a3f_fk_account_g` FOREIGN KEY (`gurukulam_id`) REFERENCES `account_gurukulam` (`id`);

--
-- Constraints for table `account_gurukulam_skill`
--
ALTER TABLE `account_gurukulam_skill`
  ADD CONSTRAINT `account_gurukulam_sk_gurukulam_id_0ba6e386_fk_account_g` FOREIGN KEY (`gurukulam_id`) REFERENCES `account_gurukulam` (`id`),
  ADD CONSTRAINT `account_gurukulam_skill_skill_id_24272661_fk_account_skill_id` FOREIGN KEY (`skill_id`) REFERENCES `account_skill` (`id`);

--
-- Constraints for table `account_gurukulam_teacher`
--
ALTER TABLE `account_gurukulam_teacher`
  ADD CONSTRAINT `account_gurukulam_te_gurukulam_id_497566fc_fk_account_g` FOREIGN KEY (`gurukulam_id`) REFERENCES `account_gurukulam` (`id`),
  ADD CONSTRAINT `account_gurukulam_te_musician_id_9e009bec_fk_account_m` FOREIGN KEY (`musician_id`) REFERENCES `account_musician` (`id`),
  ADD CONSTRAINT `account_gurukulam_teacher_sender_id_e043092d_fk_account_user_id` FOREIGN KEY (`sender_id`) REFERENCES `account_user` (`id`);

--
-- Constraints for table `account_gurukulam_testimonial`
--
ALTER TABLE `account_gurukulam_testimonial`
  ADD CONSTRAINT `account_gurukulam_te_gurukulam_id_79482f84_fk_account_g` FOREIGN KEY (`gurukulam_id`) REFERENCES `account_gurukulam` (`id`),
  ADD CONSTRAINT `account_gurukulam_te_musician_id_9f02f948_fk_account_m` FOREIGN KEY (`musician_id`) REFERENCES `account_musician` (`id`);

--
-- Constraints for table `account_highlight`
--
ALTER TABLE `account_highlight`
  ADD CONSTRAINT `account_highlight_user_id_c3727fef_fk_account_user_id` FOREIGN KEY (`user_id`) REFERENCES `account_user` (`id`);

--
-- Constraints for table `account_key_performer`
--
ALTER TABLE `account_key_performer`
  ADD CONSTRAINT `account_key_performe_musician_id_4f3ce56e_fk_account_m` FOREIGN KEY (`musician_id`) REFERENCES `account_musician` (`id`),
  ADD CONSTRAINT `account_key_performer_troupe_id_22357981_fk_account_troupe_id` FOREIGN KEY (`troupe_id`) REFERENCES `account_troupe` (`id`);

--
-- Constraints for table `account_lecture_video`
--
ALTER TABLE `account_lecture_video`
  ADD CONSTRAINT `account_lecture_vide_gurukulam_id_f04557b5_fk_account_g` FOREIGN KEY (`gurukulam_id`) REFERENCES `account_gurukulam` (`id`);

--
-- Constraints for table `account_musician`
--
ALTER TABLE `account_musician`
  ADD CONSTRAINT `account_musician_user_id_7c662056_fk_account_user_id` FOREIGN KEY (`user_id`) REFERENCES `account_user` (`id`);

--
-- Constraints for table `account_musician_award`
--
ALTER TABLE `account_musician_award`
  ADD CONSTRAINT `account_musician_awa_musician_id_e0ef4a28_fk_account_m` FOREIGN KEY (`musician_id`) REFERENCES `account_musician` (`id`);

--
-- Constraints for table `account_musician_gurukulam`
--
ALTER TABLE `account_musician_gurukulam`
  ADD CONSTRAINT `account_musician_gur_gurukulam_id_b795cd52_fk_account_g` FOREIGN KEY (`gurukulam_id`) REFERENCES `account_gurukulam` (`id`),
  ADD CONSTRAINT `account_musician_gur_musician_id_09828a77_fk_account_m` FOREIGN KEY (`musician_id`) REFERENCES `account_musician` (`id`),
  ADD CONSTRAINT `account_musician_gurukulam_sender_id_825102b9_fk_account_user_id` FOREIGN KEY (`sender_id`) REFERENCES `account_user` (`id`);

--
-- Constraints for table `account_musician_highlight`
--
ALTER TABLE `account_musician_highlight`
  ADD CONSTRAINT `account_musician_hig_musician_id_ded0d393_fk_account_m` FOREIGN KEY (`musician_id`) REFERENCES `account_musician` (`id`);

--
-- Constraints for table `account_musician_highlight_highlight_category`
--
ALTER TABLE `account_musician_highlight_highlight_category`
  ADD CONSTRAINT `account_musician_hig_highlight_category_i_559c80d0_fk_account_h` FOREIGN KEY (`highlight_category_id`) REFERENCES `account_highlight_category` (`id`),
  ADD CONSTRAINT `account_musician_hig_musician_highlight_i_f95e60db_fk_account_m` FOREIGN KEY (`musician_highlight_id`) REFERENCES `account_musician_highlight` (`id`);

--
-- Constraints for table `account_musician_skill`
--
ALTER TABLE `account_musician_skill`
  ADD CONSTRAINT `account_musician_ski_musician_id_3e2592f4_fk_account_m` FOREIGN KEY (`musician_id`) REFERENCES `account_musician` (`id`),
  ADD CONSTRAINT `account_musician_ski_skill_level_id_4b3054c7_fk_account_s` FOREIGN KEY (`skill_level_id`) REFERENCES `account_skill_level` (`id`),
  ADD CONSTRAINT `account_musician_skill_skill_id_bf54c683_fk_account_skill_id` FOREIGN KEY (`skill_id`) REFERENCES `account_skill` (`id`);

--
-- Constraints for table `account_music_lover`
--
ALTER TABLE `account_music_lover`
  ADD CONSTRAINT `account_music_lover_user_id_6346c88c_fk_account_user_id` FOREIGN KEY (`user_id`) REFERENCES `account_user` (`id`);

--
-- Constraints for table `account_post`
--
ALTER TABLE `account_post`
  ADD CONSTRAINT `account_post_highlight_id_f8829399_fk_account_highlight_id` FOREIGN KEY (`highlight_id`) REFERENCES `account_highlight` (`id`),
  ADD CONSTRAINT `account_post_interest_id_c518eff1_fk_event_interest_id` FOREIGN KEY (`interest_id`) REFERENCES `event_interest` (`id`),
  ADD CONSTRAINT `account_post_invitation_id_b2033104_fk_event_invitation_id` FOREIGN KEY (`invitation_id`) REFERENCES `event_invitation` (`id`),
  ADD CONSTRAINT `account_post_location_id_d3c33d49_fk_account_location_id` FOREIGN KEY (`location_id`) REFERENCES `account_location` (`id`),
  ADD CONSTRAINT `account_post_user_id_7502b583_fk_account_user_id` FOREIGN KEY (`user_id`) REFERENCES `account_user` (`id`);

--
-- Constraints for table `account_post_comment`
--
ALTER TABLE `account_post_comment`
  ADD CONSTRAINT `account_post_comment_post_id_5ad1b7ee_fk_account_post_id` FOREIGN KEY (`post_id`) REFERENCES `account_post` (`id`),
  ADD CONSTRAINT `account_post_comment_user_id_75ed6427_fk_account_user_id` FOREIGN KEY (`user_id`) REFERENCES `account_user` (`id`);

--
-- Constraints for table `account_post_user_likes`
--
ALTER TABLE `account_post_user_likes`
  ADD CONSTRAINT `account_post_user_likes_post_id_c7a7fa9f_fk_account_post_id` FOREIGN KEY (`post_id`) REFERENCES `account_post` (`id`),
  ADD CONSTRAINT `account_post_user_likes_user_id_9aeb685d_fk_account_user_id` FOREIGN KEY (`user_id`) REFERENCES `account_user` (`id`);

--
-- Constraints for table `account_reply`
--
ALTER TABLE `account_reply`
  ADD CONSTRAINT `account_reply_comment_id_c8d4a568_fk_account_post_comment_id` FOREIGN KEY (`comment_id`) REFERENCES `account_post_comment` (`id`),
  ADD CONSTRAINT `account_reply_user_id_794cc73d_fk_account_user_id` FOREIGN KEY (`user_id`) REFERENCES `account_user` (`id`);

--
-- Constraints for table `account_report_people`
--
ALTER TABLE `account_report_people`
  ADD CONSTRAINT `account_report_peopl_reported_user_id_7826eddf_fk_account_u` FOREIGN KEY (`reported_user_id`) REFERENCES `account_user` (`id`),
  ADD CONSTRAINT `account_report_people_reported_by_id_dd7f8473_fk_account_user_id` FOREIGN KEY (`reported_by_id`) REFERENCES `account_user` (`id`);

--
-- Constraints for table `account_skill`
--
ALTER TABLE `account_skill`
  ADD CONSTRAINT `account_skill_skill_category_id_bf8ebca3_fk_account_s` FOREIGN KEY (`skill_category_id`) REFERENCES `account_skill_category` (`id`);

--
-- Constraints for table `account_troupe`
--
ALTER TABLE `account_troupe`
  ADD CONSTRAINT `account_troupe_user_id_3741ee0f_fk_account_user_id` FOREIGN KEY (`user_id`) REFERENCES `account_user` (`id`);

--
-- Constraints for table `account_troupe_highlight`
--
ALTER TABLE `account_troupe_highlight`
  ADD CONSTRAINT `account_troupe_highlight_troupe_id_96aca7af_fk_account_troupe_id` FOREIGN KEY (`troupe_id`) REFERENCES `account_troupe` (`id`);

--
-- Constraints for table `account_troupe_highlight_highlight_category`
--
ALTER TABLE `account_troupe_highlight_highlight_category`
  ADD CONSTRAINT `account_troupe_highl_highlight_category_i_3a241ccd_fk_account_h` FOREIGN KEY (`highlight_category_id`) REFERENCES `account_highlight_category` (`id`),
  ADD CONSTRAINT `account_troupe_highl_troupe_highlight_id_1d4a4ced_fk_account_t` FOREIGN KEY (`troupe_highlight_id`) REFERENCES `account_troupe_highlight` (`id`);

--
-- Constraints for table `account_troupe_skill`
--
ALTER TABLE `account_troupe_skill`
  ADD CONSTRAINT `account_troupe_skill_skill_id_b99b4507_fk_account_skill_id` FOREIGN KEY (`skill_id`) REFERENCES `account_skill` (`id`),
  ADD CONSTRAINT `account_troupe_skill_troupe_id_33de635d_fk_account_troupe_id` FOREIGN KEY (`troupe_id`) REFERENCES `account_troupe` (`id`);

--
-- Constraints for table `account_user`
--
ALTER TABLE `account_user`
  ADD CONSTRAINT `account_user_location_id_621ee626_fk_account_location_id` FOREIGN KEY (`location_id`) REFERENCES `account_location` (`id`);

--
-- Constraints for table `account_userfollowing`
--
ALTER TABLE `account_userfollowing`
  ADD CONSTRAINT `account_userfollowin_following_user_id_id_68485b1f_fk_account_u` FOREIGN KEY (`following_user_id_id`) REFERENCES `account_user` (`id`),
  ADD CONSTRAINT `account_userfollowing_user_id_3df84ba0_fk_account_user_id` FOREIGN KEY (`user_id`) REFERENCES `account_user` (`id`);

--
-- Constraints for table `account_user_groups`
--
ALTER TABLE `account_user_groups`
  ADD CONSTRAINT `account_user_groups_group_id_6c71f749_fk_auth_group_id` FOREIGN KEY (`group_id`) REFERENCES `auth_group` (`id`),
  ADD CONSTRAINT `account_user_groups_user_id_14345e7b_fk_account_user_id` FOREIGN KEY (`user_id`) REFERENCES `account_user` (`id`);

--
-- Constraints for table `account_user_user_permissions`
--
ALTER TABLE `account_user_user_permissions`
  ADD CONSTRAINT `account_user_user_pe_permission_id_66c44191_fk_auth_perm` FOREIGN KEY (`permission_id`) REFERENCES `auth_permission` (`id`),
  ADD CONSTRAINT `account_user_user_pe_user_id_cc42d270_fk_account_u` FOREIGN KEY (`user_id`) REFERENCES `account_user` (`id`);

--
-- Constraints for table `authtoken_token`
--
ALTER TABLE `authtoken_token`
  ADD CONSTRAINT `authtoken_token_user_id_35299eff_fk_account_user_id` FOREIGN KEY (`user_id`) REFERENCES `account_user` (`id`);

--
-- Constraints for table `auth_group_permissions`
--
ALTER TABLE `auth_group_permissions`
  ADD CONSTRAINT `auth_group_permissio_permission_id_84c5c92e_fk_auth_perm` FOREIGN KEY (`permission_id`) REFERENCES `auth_permission` (`id`),
  ADD CONSTRAINT `auth_group_permissions_group_id_b120cbf9_fk_auth_group_id` FOREIGN KEY (`group_id`) REFERENCES `auth_group` (`id`);

--
-- Constraints for table `auth_permission`
--
ALTER TABLE `auth_permission`
  ADD CONSTRAINT `auth_permission_content_type_id_2f476e4b_fk_django_co` FOREIGN KEY (`content_type_id`) REFERENCES `django_content_type` (`id`);

--
-- Constraints for table `django_admin_log`
--
ALTER TABLE `django_admin_log`
  ADD CONSTRAINT `django_admin_log_content_type_id_c4bce8eb_fk_django_co` FOREIGN KEY (`content_type_id`) REFERENCES `django_content_type` (`id`),
  ADD CONSTRAINT `django_admin_log_user_id_c564eba6_fk_account_user_id` FOREIGN KEY (`user_id`) REFERENCES `account_user` (`id`);

--
-- Constraints for table `event_bookmark`
--
ALTER TABLE `event_bookmark`
  ADD CONSTRAINT `event_bookmark_event_id_8706d080_fk_event_event_id` FOREIGN KEY (`event_id`) REFERENCES `event_event` (`id`),
  ADD CONSTRAINT `event_bookmark_user_id_aa8ac94b_fk_account_user_id` FOREIGN KEY (`user_id`) REFERENCES `account_user` (`id`);

--
-- Constraints for table `event_event`
--
ALTER TABLE `event_event`
  ADD CONSTRAINT `event_event_event_category_id_b55beb35_fk_event_eve` FOREIGN KEY (`event_category_id`) REFERENCES `event_event_category` (`id`),
  ADD CONSTRAINT `event_event_event_organizer_id_c15859a4_fk_account_e` FOREIGN KEY (`event_organizer_id`) REFERENCES `account_event_organizer` (`id`),
  ADD CONSTRAINT `event_event_event_type_id_6785b75f_fk_event_event_type_id` FOREIGN KEY (`event_type_id`) REFERENCES `event_event_type` (`id`),
  ADD CONSTRAINT `event_event_gurukulam_id_21da1427_fk_account_gurukulam_id` FOREIGN KEY (`gurukulam_id`) REFERENCES `account_gurukulam` (`id`),
  ADD CONSTRAINT `event_event_location_id_2e2c812f_fk_account_location_id` FOREIGN KEY (`location_id`) REFERENCES `account_location` (`id`);

--
-- Constraints for table `event_event_skill`
--
ALTER TABLE `event_event_skill`
  ADD CONSTRAINT `event_event_skill_event_id_0cf9dcd3_fk_event_event_id` FOREIGN KEY (`event_id`) REFERENCES `event_event` (`id`),
  ADD CONSTRAINT `event_event_skill_skill_id_15c4484a_fk_account_skill_id` FOREIGN KEY (`skill_id`) REFERENCES `account_skill` (`id`);

--
-- Constraints for table `event_event_user_likes`
--
ALTER TABLE `event_event_user_likes`
  ADD CONSTRAINT `event_event_user_likes_event_id_0f73a0b1_fk_event_event_id` FOREIGN KEY (`event_id`) REFERENCES `event_event` (`id`),
  ADD CONSTRAINT `event_event_user_likes_user_id_fe4fdf57_fk_account_user_id` FOREIGN KEY (`user_id`) REFERENCES `account_user` (`id`);

--
-- Constraints for table `event_interest`
--
ALTER TABLE `event_interest`
  ADD CONSTRAINT `event_interest_event_id_5074cdfb_fk_event_event_id` FOREIGN KEY (`event_id`) REFERENCES `event_event` (`id`),
  ADD CONSTRAINT `event_interest_musician_id_36d45549_fk_account_musician_id` FOREIGN KEY (`musician_id`) REFERENCES `account_musician` (`id`),
  ADD CONSTRAINT `event_interest_troupe_id_750ea202_fk_account_troupe_id` FOREIGN KEY (`troupe_id`) REFERENCES `account_troupe` (`id`);

--
-- Constraints for table `event_invitation`
--
ALTER TABLE `event_invitation`
  ADD CONSTRAINT `event_invitation_event_id_a24ec405_fk_event_event_id` FOREIGN KEY (`event_id`) REFERENCES `event_event` (`id`),
  ADD CONSTRAINT `event_invitation_gurukulam_id_8f1b096f_fk_account_gurukulam_id` FOREIGN KEY (`gurukulam_id`) REFERENCES `account_gurukulam` (`id`),
  ADD CONSTRAINT `event_invitation_musician_id_e42ae4fc_fk_account_musician_id` FOREIGN KEY (`musician_id`) REFERENCES `account_musician` (`id`),
  ADD CONSTRAINT `event_invitation_troupe_id_aa0dfce1_fk_account_troupe_id` FOREIGN KEY (`troupe_id`) REFERENCES `account_troupe` (`id`);

--
-- Constraints for table `event_message`
--
ALTER TABLE `event_message`
  ADD CONSTRAINT `event_message_interest_id_a9db718a_fk_event_interest_id` FOREIGN KEY (`interest_id`) REFERENCES `event_interest` (`id`),
  ADD CONSTRAINT `event_message_invitation_id_54885e43_fk_event_invitation_id` FOREIGN KEY (`invitation_id`) REFERENCES `event_invitation` (`id`),
  ADD CONSTRAINT `event_message_user_id_22eb54aa_fk_account_user_id` FOREIGN KEY (`user_id`) REFERENCES `account_user` (`id`);

--
-- Constraints for table `event_pin_event`
--
ALTER TABLE `event_pin_event`
  ADD CONSTRAINT `event_pin_event_event_id_ff8f1c64_fk_event_event_id` FOREIGN KEY (`event_id`) REFERENCES `event_event` (`id`),
  ADD CONSTRAINT `event_pin_event_user_id_350a02f8_fk_account_user_id` FOREIGN KEY (`user_id`) REFERENCES `account_user` (`id`);

--
-- Constraints for table `event_subscription`
--
ALTER TABLE `event_subscription`
  ADD CONSTRAINT `event_subscription_event_organizer_id_3000e0a5_fk_account_e` FOREIGN KEY (`event_organizer_id`) REFERENCES `account_event_organizer` (`id`),
  ADD CONSTRAINT `event_subscription_gurukulam_id_5bdbe9e0_fk_account_gurukulam_id` FOREIGN KEY (`gurukulam_id`) REFERENCES `account_gurukulam` (`id`),
  ADD CONSTRAINT `event_subscription_musician_id_56a7eeae_fk_account_musician_id` FOREIGN KEY (`musician_id`) REFERENCES `account_musician` (`id`),
  ADD CONSTRAINT `event_subscription_subscription_type_id_f5fd6fe2_fk_event_sub` FOREIGN KEY (`subscription_type_id`) REFERENCES `event_subscription_type` (`id`),
  ADD CONSTRAINT `event_subscription_troupe_id_528c2c8d_fk_account_troupe_id` FOREIGN KEY (`troupe_id`) REFERENCES `account_troupe` (`id`);
COMMIT;

/*!40101 SET CHARACTER_SET_CLIENT=@OLD_CHARACTER_SET_CLIENT */;
/*!40101 SET CHARACTER_SET_RESULTS=@OLD_CHARACTER_SET_RESULTS */;
/*!40101 SET COLLATION_CONNECTION=@OLD_COLLATION_CONNECTION */;
